Instance,Group,h,k,V,Combined_LB,Best_Witness_Span,Exact_Reference,Reference_Matches,cadical_OPT_Repeats,cadical_All_OPT,cadical_Median_Seconds,cadical_Min_Seconds,cadical_Max_Seconds,gurobi_OPT_Repeats,gurobi_All_OPT,gurobi_Median_Seconds,gurobi_Min_Seconds,gurobi_Max_Seconds
BA_20_m2_seed0,BA,1,1,20,12,12,,0,3,True,0.39033511099933094,0.35745791000044846,0.42378960799942433,3,True,0.43768671799989534,0.42255369200029236,0.44444441700034076
BA_20_m2_seed0,BA,2,1,20,13,13,,0,3,True,0.3626423590003469,0.36249093299920787,0.36741589000030217,3,True,0.48797162999926513,0.47562900699995225,0.6813378400001966
BA_20_m2_seed0,BA,3,2,20,25,25,,0,3,True,0.6542385220000142,0.6542313989994,0.7422739230005391,3,True,1.0840437449996898,1.0409841149994463,1.1276740280000013
BA_20_m2_seed1,BA,1,1,20,12,12,,0,3,True,0.38324901499981934,0.3475225270003648,0.45292001699999673,3,True,0.4162496649996683,0.41589334800028155,0.46142259200041735
BA_20_m2_seed1,BA,2,1,20,13,13,,0,3,True,0.38146401199992397,0.37005391900038376,0.42684000700046454,3,True,0.48500598600003286,0.47337247199993726,0.48963650400037295
BA_20_m2_seed1,BA,3,2,20,25,25,,0,3,True,0.634372016999805,0.6297921329996825,0.743685669000115,3,True,1.0793959620004898,1.0601948819994504,1.157678049000424
BA_20_m2_seed2,BA,1,1,20,13,13,,0,3,True,6.92204373200002,6.772621598000114,7.082012712000505,3,True,0.42054207299952395,0.4182082500001343,0.42651757700059534
BA_20_m2_seed2,BA,2,1,20,13,13,,0,3,True,0.38947541899960925,0.3890588240001307,0.39504525499978627,3,True,0.48926668600051926,0.4843016130007527,0.5062031360002948
BA_20_m2_seed2,BA,3,2,20,26,26,,0,0,False,,,,3,True,3.052749151000171,2.4558590579999873,4.060131991000162
BA_40_m2_seed0,BA,1,1,40,15,15,,0,3,True,0.3086540789990977,0.30612688600012916,0.45120239999960177,3,True,0.5097480459990038,0.49760731300011685,0.7651992930004781
BA_40_m2_seed0,BA,2,1,40,16,16,,0,3,True,0.4785243359983724,0.4337248020001425,0.49040441200122586,3,True,0.8820235740004136,0.8362995839997893,1.0588785659983841
BA_40_m2_seed0,BA,3,2,40,31,31,,0,3,True,1.8064367679999123,1.4639589649996196,1.825891803999184,3,True,3.599956940000993,2.939127441000892,4.769794797999566
BA_40_m2_seed1,BA,1,1,40,16,16,,0,3,True,0.41772467299961136,0.3185506219997478,0.4813070090003748,3,True,0.6138609669997095,0.5882755200000247,0.8803756939996674
BA_40_m2_seed1,BA,2,1,40,17,17,,0,3,True,0.3688946069996746,0.3654549870007031,0.43374404800124466,3,True,0.6422856989993306,0.601413214000786,0.6493594370003848
BA_40_m2_seed1,BA,3,2,40,33,33,,0,3,True,1.9488814350006578,1.5240629780000745,2.1935602630001085,3,True,2.6617851890005113,2.3970535209991795,2.8478895190000912
BA_40_m2_seed2,BA,1,1,40,16,16,,0,3,True,0.3201392549999582,0.3079139360015688,0.3416531750008289,3,True,0.4845262309991085,0.4578362089996517,0.5089471189985488
BA_40_m2_seed2,BA,2,1,40,17,17,,0,3,True,0.36641939600121987,0.35143267800049216,0.3847401450002508,3,True,0.6889581930008717,0.6246401210009935,0.822048124999128
BA_40_m2_seed2,BA,3,2,40,33,33,,0,3,True,0.9965477450004983,0.98890481700073,1.817324527000892,3,True,3.2700410219986225,2.72444133099998,4.835102992001339
BA_60_m2_seed0,BA,1,1,60,19,19,,0,3,True,0.2699743330013007,0.2453065810004773,0.35037080500114826,3,True,0.5136747349988582,0.5045709109999734,0.5483034219996625
BA_60_m2_seed0,BA,2,1,60,20,20,,0,3,True,0.3692912869992142,0.3667545059997792,0.3701887669994903,3,True,0.77506934199846,0.7722307650001312,0.7919532530013385
BA_60_m2_seed0,BA,3,2,60,39,39,,0,3,True,1.6609353069998178,1.5149261110000225,1.6914071399987733,3,True,3.5774761930006207,3.5410127980012476,3.6043750989992986
BA_60_m2_seed1,BA,1,1,60,18,18,,0,3,True,0.26569845899939537,0.2581715380001697,0.2751369750003505,3,True,0.509325216000434,0.49841664799896535,0.6369377040009567
BA_60_m2_seed1,BA,2,1,60,19,19,,0,3,True,0.3562157129999832,0.3557327670005179,0.36372007399950235,3,True,0.7335824339988903,0.7176361069996346,0.735429998001564
BA_60_m2_seed1,BA,3,2,60,37,37,,0,3,True,2.174827954000648,2.171291657999973,2.214235461999124,3,True,4.369029604999014,4.2282861990006495,4.439172847000009
BA_60_m2_seed2,BA,1,1,60,20,20,,0,3,True,0.26544264599942835,0.2554408889991464,0.3441766550004104,3,True,0.5419032810004865,0.5354607059998671,0.5431249079992995
BA_60_m2_seed2,BA,2,1,60,21,21,,0,3,True,0.38138395699934335,0.3665030550000665,0.41579578399978345,3,True,0.8172616520005249,0.8099885589999758,0.8194933159993525
BA_60_m2_seed2,BA,3,2,60,41,41,,0,3,True,2.38510853599837,2.348577934999412,2.473630165000941,3,True,6.42951772699962,6.309576352001386,6.680936814000233
ER_20_p0.15_seed0,ER p=0.15,1,1,20,7,7,,0,3,True,0.34693068400065386,0.3425016949995552,0.3791480150002826,3,True,0.4245084929998484,0.4124472820003575,0.9593719419999616
ER_20_p0.15_seed0,ER p=0.15,2,1,20,8,8,,0,3,True,0.3518469239998012,0.3478515240003617,0.3600131530001818,3,True,0.4386650649994408,0.4306509729995014,0.6487986900001488
ER_20_p0.15_seed0,ER p=0.15,3,2,20,15,15,,0,3,True,0.40281805299946427,0.4008191659995646,0.4082115020000856,3,True,0.6244358880003347,0.6165483659997335,0.6250753450003685
ER_20_p0.15_seed1,ER p=0.15,1,1,20,7,7,,0,3,True,0.3469313940004213,0.34434790699924633,0.3854666040006123,3,True,0.4370500280001579,0.4322365769994576,0.526549664000413
ER_20_p0.15_seed1,ER p=0.15,2,1,20,8,8,,0,3,True,0.3844714289998592,0.3651811390000148,0.3915952750003271,3,True,0.45772069600025134,0.4526826790006453,0.458997484000065
ER_20_p0.15_seed1,ER p=0.15,3,2,20,15,15,,0,3,True,0.47628563699981896,0.46607998499985115,0.4877494789998309,3,True,1.0067688990002353,0.9541427920003116,1.106534505000127
ER_20_p0.15_seed2,ER p=0.15,1,1,20,6,6,,0,3,True,0.34905568399972253,0.34540078500049276,0.3513862780000636,3,True,0.4364041070002713,0.4186067959999491,0.4382182429999375
ER_20_p0.15_seed2,ER p=0.15,2,1,20,7,7,,0,3,True,0.36867631200038886,0.3645503359994109,0.5031119340001169,3,True,0.5780254649998824,0.5662278750005498,0.5961430050001582
ER_20_p0.15_seed2,ER p=0.15,3,2,20,14,14,,0,3,True,0.6081849600004716,0.5388445569997202,0.620182442999976,3,True,2.8544702050003252,2.7749009530007243,2.9268479120000848
ER_20_p0.30_seed0,ER p=0.30,1,1,20,11,11,,0,3,True,1.3260345740000048,1.2829561589996956,1.3898434130005626,3,True,0.4622761079999691,0.43763019499965594,0.5827050300003975
ER_20_p0.30_seed0,ER p=0.30,2,1,20,11,11,,0,3,True,0.9030785320001087,0.895384921999721,1.0872842440003296,3,True,0.9019790069996816,0.9009978040003261,0.9276891839999735
ER_20_p0.30_seed0,ER p=0.30,3,2,20,22,22,,0,3,True,14.787485597000341,14.748904588000187,14.82469605299957,3,True,7.772263611999733,7.612347377000333,7.93893270999979
ER_20_p0.30_seed1,ER p=0.30,1,1,20,13,13,,0,1,False,,,,3,True,0.633512595000866,0.49916897200000676,0.9893118039999536
ER_20_p0.30_seed1,ER p=0.30,2,1,20,13,13,,0,3,True,6.6169508889997815,6.6104856689999,6.859713717999512,3,True,0.9902734279994547,0.986690359000022,0.9993906249992506
ER_20_p0.30_seed1,ER p=0.30,3,2,20,26,26,,0,0,False,,,,3,True,8.4464556920002,8.415918592999333,11.446411050999814
ER_20_p0.30_seed2,ER p=0.30,1,1,20,13,13,,0,3,True,14.801410908000435,13.528599472000678,15.569564286000059,3,True,0.772159209000165,0.6355615939992276,1.0548855639999601
ER_20_p0.30_seed2,ER p=0.30,2,1,20,13,13,,0,3,True,7.261212353000701,7.154426449999846,7.347418000000289,3,True,0.8359801420001531,0.723085878999882,0.8972149209994313
ER_20_p0.30_seed2,ER p=0.30,3,2,20,26,26,,0,0,False,,,,3,True,4.095835582999825,3.7722476600001755,4.324755390000064
ER_40_p0.15_seed0,ER p=0.15,1,1,40,13,13,,0,0,False,,,,3,True,13.894646054999612,13.547711971000354,14.059400653999546
ER_40_p0.15_seed0,ER p=0.15,2,1,40,13,21,,0,0,False,,,,0,False,,,
ER_40_p0.15_seed0,ER p=0.15,3,2,40,25,44,,0,0,False,,,,0,False,,,
ER_40_p0.15_seed1,ER p=0.15,1,1,40,13,13,,0,0,False,,,,2,False,,,
ER_40_p0.15_seed1,ER p=0.15,2,1,40,11,20,,0,0,False,,,,0,False,,,
ER_40_p0.15_seed1,ER p=0.15,3,2,40,21,43,,0,0,False,,,,0,False,,,
ER_40_p0.15_seed2,ER p=0.15,1,1,40,12,16,,0,0,False,,,,0,False,,,
ER_40_p0.15_seed2,ER p=0.15,2,1,40,13,20,,0,0,False,,,,0,False,,,
ER_40_p0.15_seed2,ER p=0.15,3,2,40,25,39,,0,0,False,,,,0,False,,,
ER_40_p0.30_seed0,ER p=0.30,1,1,40,32,32,,0,0,False,,,,3,True,1.8472498070004804,1.581017240001529,2.056953336999868
ER_40_p0.30_seed0,ER p=0.30,2,1,40,32,32,,0,0,False,,,,3,True,4.302509168001052,4.143703842999457,4.893442819000484
ER_40_p0.30_seed0,ER p=0.30,3,2,40,35,77,,0,0,False,,,,0,False,,,
ER_40_p0.30_seed1,ER p=0.30,1,1,40,32,32,,0,0,False,,,,3,True,1.5531274730001314,1.1647256769992964,1.6475553059990489
ER_40_p0.30_seed1,ER p=0.30,2,1,40,32,32,,0,0,False,,,,3,True,5.331930487000136,4.604237818999536,6.616138150000552
ER_40_p0.30_seed1,ER p=0.30,3,2,40,35,78,,0,0,False,,,,0,False,,,
ER_40_p0.30_seed2,ER p=0.30,1,1,40,32,32,,0,0,False,,,,3,True,0.8220534140000382,0.804642318000333,0.9246443420015567
ER_40_p0.30_seed2,ER p=0.30,2,1,40,32,32,,0,0,False,,,,3,True,3.453559175999544,3.4520056640012626,3.7292488039984164
ER_40_p0.30_seed2,ER p=0.30,3,2,40,64,64,,0,0,False,,,,3,True,22.188754216000234,20.982856303000517,22.561170207000032
ER_60_p0.15_seed0,ER p=0.15,1,1,60,17,27,,0,0,False,,,,0,False,,,
ER_60_p0.15_seed0,ER p=0.15,2,1,60,18,31,,0,0,False,,,,0,False,,,
ER_60_p0.15_seed0,ER p=0.15,3,2,60,35,66,,0,0,False,,,,0,False,,,
ER_60_p0.15_seed1,ER p=0.15,1,1,60,17,27,,0,0,False,,,,0,False,,,
ER_60_p0.15_seed1,ER p=0.15,2,1,60,18,31,,0,0,False,,,,0,False,,,
ER_60_p0.15_seed1,ER p=0.15,3,2,60,35,64,,0,0,False,,,,0,False,,,
ER_60_p0.15_seed2,ER p=0.15,1,1,60,14,25,,0,0,False,,,,0,False,,,
ER_60_p0.15_seed2,ER p=0.15,2,1,60,15,28,,0,0,False,,,,0,False,,,
ER_60_p0.15_seed2,ER p=0.15,3,2,60,29,63,,0,0,False,,,,0,False,,,
ER_60_p0.30_seed0,ER p=0.30,1,1,60,55,55,,0,0,False,,,,3,True,2.059687880000638,2.0555630779999774,2.270093115999771
ER_60_p0.30_seed0,ER p=0.30,2,1,60,55,55,,0,0,False,,,,3,True,7.178899726999589,7.082268878999457,8.677658720000181
ER_60_p0.30_seed0,ER p=0.30,3,2,60,49,125,,0,0,False,,,,0,False,,,
ER_60_p0.30_seed1,ER p=0.30,1,1,60,55,55,,0,0,False,,,,3,True,1.9431947480006784,1.6871230540000397,2.3735459909985366
ER_60_p0.30_seed1,ER p=0.30,2,1,60,55,55,,0,0,False,,,,3,True,10.977630812998541,10.91364842099938,11.193860999999742
ER_60_p0.30_seed1,ER p=0.30,3,2,60,57,131,,0,0,False,,,,0,False,,,
ER_60_p0.30_seed2,ER p=0.30,1,1,60,56,56,,0,0,False,,,,3,True,1.9147683060000418,1.778585447000296,1.9256481810007244
ER_60_p0.30_seed2,ER p=0.30,2,1,60,56,56,,0,0,False,,,,3,True,15.650994603000072,15.61173205600062,16.214947885000583
ER_60_p0.30_seed2,ER p=0.30,3,2,60,49,132,,0,0,False,,,,0,False,,,
P_4xP_5,PxP,1,1,20,4,4,,0,3,True,0.3676387760006037,0.35643093699945894,0.39091617000030965,3,True,0.4376891150004667,0.4362692530003187,0.47984665100011625
P_4xP_5,PxP,2,1,20,6,6,6,6,3,True,0.3768661570002223,0.368838825000239,0.3805591379996258,3,True,0.5798827629996595,0.5798412180001833,0.8069107290002648
P_4xP_5,PxP,3,2,20,11,11,,0,3,True,0.4734790130005422,0.4248257970002669,0.48668552300023293,3,True,2.064686538999922,2.0628188580003552,2.206949510999948
P_5xP_8,PxP,1,1,40,4,4,,0,3,True,0.36635133199979464,0.3661796879996473,0.3682446319999144,3,True,0.6071302370000922,0.6020410340006492,0.6077666580004006
P_5xP_8,PxP,2,1,40,6,6,6,6,3,True,0.4181857370003854,0.41776347599989094,0.6094797890000336,3,True,2.107169763999991,2.068073920999268,2.2378280189996076
P_5xP_8,PxP,3,2,40,11,11,,0,3,True,0.587479734000226,0.5735520830003225,0.6520966529997168,3,True,9.41847491199951,9.328264953000144,9.661575737000021
P_6xP_10,PxP,1,1,60,4,4,,0,3,True,0.38484440600041125,0.38318114499998046,0.39453910700012784,3,True,0.6151384239992694,0.6077684660003797,0.8109652980001556
P_6xP_10,PxP,2,1,60,6,6,6,6,3,True,0.4820923950001088,0.45776317099989683,0.6228307629999108,3,True,8.262959584000782,8.243605568999556,8.3167218159997
P_6xP_10,PxP,3,2,60,11,11,,0,3,True,0.7724713759998849,0.7161846099998002,1.0452341959999103,0,False,,,
tree_20_seed0,tree,1,1,20,3,3,3,6,3,True,0.4330922389999614,0.3853369300004488,0.6864230759993006,3,True,0.5674054860000979,0.5373801270006879,0.6090736959995411
tree_20_seed0,tree,2,1,20,5,5,,0,3,True,0.41405937900071876,0.40393629699974554,0.48897248299999774,3,True,0.6173203360003754,0.5535985410006106,0.731395629999497
tree_20_seed0,tree,3,2,20,8,8,,0,3,True,0.4442462789993442,0.3912131750003027,0.45005763700009993,3,True,0.6072814550007024,0.601954415000364,0.6568057889999181
tree_20_seed1,tree,1,1,20,4,4,4,6,3,True,0.3611736689999816,0.35697033399992506,0.36702343899924017,3,True,0.4224075929996616,0.41955648200018913,0.4820319719992767
tree_20_seed1,tree,2,1,20,5,5,,0,3,True,0.373118825000347,0.37213047400018695,0.5257243810001455,3,True,0.4498149490000287,0.44631844499963336,0.5240457320005589
tree_20_seed1,tree,3,2,20,9,9,,0,3,True,0.4255800199998703,0.3817268310003783,0.5020995570002924,3,True,0.5273810220005544,0.48584783600017545,0.807904500999939
tree_20_seed2,tree,1,1,20,3,3,3,6,3,True,0.6521029430005001,0.45341629199992894,0.7964812349991917,3,True,0.5473401270000977,0.5380190730002141,0.5913091289994554
tree_20_seed2,tree,2,1,20,4,4,,0,3,True,0.4735426839997672,0.42157866500019736,0.535127000999637,3,True,0.5357612269999663,0.5261656379998385,0.734907600999577
tree_20_seed2,tree,3,2,20,8,8,,0,3,True,0.430299109999396,0.3805551670002387,0.47720641600062663,3,True,0.610142659000303,0.5445577200007392,0.8166667739997138
tree_40_seed0,tree,1,1,40,4,4,4,6,3,True,0.4256672379997326,0.41950481599997147,0.6054615469993223,3,True,0.47213190799993754,0.4477637069994671,0.6470713520002391
tree_40_seed0,tree,2,1,40,5,5,,0,3,True,0.48069635499996366,0.37902142299935804,0.5166724720002094,3,True,0.4863008849997641,0.4849739569999656,0.6274444420005238
tree_40_seed0,tree,3,2,40,9,9,,0,3,True,0.532156128000679,0.4508377720003409,0.6929452589993161,3,True,0.819854860000305,0.7160110949998852,0.8334277519998068
tree_40_seed1,tree,1,1,40,6,6,6,6,3,True,0.4893814540000676,0.3953710800005865,2.576563052999518,3,True,0.5359805569996752,0.5303652209995562,0.7164976089998163
tree_40_seed1,tree,2,1,40,7,7,,0,3,True,0.4368558940004732,0.37248237099993275,0.44751342099971225,3,True,0.5655993970003692,0.5628007959994648,0.602094574000148
tree_40_seed1,tree,3,2,40,13,13,,0,3,True,0.37238020500080893,0.3569667659994593,0.3731316869998409,3,True,0.6159876780002378,0.6089971729998069,0.9025029149997863
tree_40_seed2,tree,1,1,40,4,4,4,6,3,True,0.45062073999997665,0.3549009180005669,0.7489294659999359,3,True,0.44879562099959003,0.43722617300045385,0.6032273640003041
tree_40_seed2,tree,2,1,40,5,5,,0,3,True,0.4051329310004803,0.4030872299999828,0.42416262599999754,3,True,0.5377470450002875,0.5293285809993904,0.5895907109998006
tree_40_seed2,tree,3,2,40,10,10,,0,3,True,0.46795175100032793,0.433343996000076,0.7063319399994725,3,True,0.8601110640001934,0.8493918189997203,0.898966632000338
tree_60_seed0,tree,1,1,60,5,5,5,6,3,True,0.3882320870006879,0.38101170899972203,0.3978997189997244,3,True,0.6321129730004031,0.45751646400003665,0.6364628420005829
tree_60_seed0,tree,2,1,60,6,6,,0,3,True,0.42837902000064787,0.4246530509999502,0.6384368980006911,3,True,0.5419762759993318,0.5328580669993244,0.6387129859995184
tree_60_seed0,tree,3,2,60,11,11,,0,3,True,0.7183907850003379,0.4777006469994376,1.4294342780003717,3,True,0.7815811479995318,0.7705115540002225,1.0564620889999787
tree_60_seed1,tree,1,1,60,6,6,6,6,3,True,0.4156012860003102,0.4094173530002081,0.6045200300004581,3,True,0.5617300510002678,0.4972872130001633,0.562120889999278
tree_60_seed1,tree,2,1,60,7,7,,0,3,True,0.388812856000186,0.38879408999946463,0.45520325299912656,3,True,0.5281192490001558,0.5109989040001892,0.5418646339994666
tree_60_seed1,tree,3,2,60,13,13,,0,3,True,0.4508150049996402,0.4491315619998204,0.45702498399987235,3,True,0.7862883970001349,0.7754894780000541,0.788127644999804
tree_60_seed2,tree,1,1,60,4,4,4,6,3,True,0.3851260880001064,0.37757796599998983,0.3929689140004484,3,True,0.4885742450005637,0.47721391199957,0.49831472399910126
tree_60_seed2,tree,2,1,60,5,5,,0,3,True,0.42873501399935776,0.42642284900011873,0.6233784400001241,3,True,0.5793077840007754,0.5695819250004206,0.5861534540008506
tree_60_seed2,tree,3,2,60,10,10,,0,3,True,0.5940265509998426,0.5281560359999276,1.0389955430000555,3,True,0.8316928120002558,0.814384641000288,1.277405286999965
