Graph,Family,V,E,lambda_Base,lambda_Sym,Time_Base,Status_Base,Time_Sym,Status_Sym,Count_Span_Kind,Count_Span,Symmetry_Rule,Var_Base,Var_Sym,Clause_Raw_Base,Clause_Raw_Sym,Clause_Base,Clause_Sym,Var_Reduce_Pct,Clause_Reduce_Pct,Order,Consistent,Completed_Attempts_Base,Conflicts_Base,Decisions_Base,Propagations_Base,Encoding_Time_Base,SAT_Solve_Time_Base,Stats_Complete_Base,Completed_Attempts_Sym,Conflicts_Sym,Decisions_Sym,Propagations_Sym,Encoding_Time_Sym,SAT_Solve_Time_Sym,Stats_Complete_Sym
C_3xC_3,CxC,9,18,8,8,0.731842,OPT,0.900429,OPT,OPT,8,order,72,72,675,684,675,658,0.0,2.5185,"Base,Sym",YES,3,917,1202,11361,0.018232,0.007294,True,2,507,732,6621,0.012785,0.003731,True
C_3xP_3,CxP,9,15,6,6,0.431147,OPT,0.456564,OPT,OPT,6,order,54,54,435,442,435,422,0.0,2.9885,"Sym,Base",YES,3,103,154,1172,0.006842,0.000593,True,3,56,89,658,0.007556,0.00042,True
P_3xP_3,PxP,9,12,6,6,0.40539,OPT,0.378733,OPT,OPT,6,none,54,54,371,371,371,371,0.0,0.0,"Base,Sym",YES,2,91,137,1032,0.003587,0.00045,True,2,91,137,1032,0.003847,0.000437,True
C_3oC_3,CoC,12,21,8,8,0.387995,OPT,0.400516,OPT,OPT,8,order,96,96,771,780,771,746,0.0,3.2425,"Sym,Base",YES,2,804,1180,12366,0.007874,0.004873,True,2,429,651,5994,0.008597,0.002483,True
P_3oP_3,PoP,12,17,6,6,0.389469,OPT,0.375191,OPT,OPT,6,none,72,72,495,495,495,495,0.0,0.0,"Base,Sym",YES,2,97,162,1238,0.006051,0.000553,True,2,97,162,1238,0.00605,0.000576,True
C_3oP_3,CoP,12,18,7,7,0.37922,OPT,0.388147,OPT,OPT,7,order,84,84,636,644,636,610,0.0,4.0881,"Sym,Base",YES,2,254,374,3464,0.006726,0.001336,True,2,128,199,1442,0.006978,0.000781,True
P_3oC_3,PoC,12,20,7,7,0.389749,OPT,0.383236,OPT,OPT,7,none,84,84,616,616,616,616,0.0,0.0,"Base,Sym",YES,2,253,367,2956,0.00648,0.00119,True,2,253,367,2956,0.006492,0.001244,True
C_3xC_4,CxC,12,24,8,8,0.39747,OPT,0.407604,OPT,OPT,8,order,96,96,954,963,954,935,0.0,1.9916,"Sym,Base",YES,3,2009,2594,32000,0.01268,0.013674,True,3,1208,1603,18975,0.01407,0.0079,True
C_3xP_4,CxP,12,21,7,7,0.400177,OPT,0.378961,OPT,OPT,7,order,84,84,726,734,726,714,0.0,1.6529,"Base,Sym",YES,2,286,401,4396,0.007899,0.001634,True,2,325,453,4820,0.008086,0.001838,True
P_3xP_4,PxP,12,17,6,6,0.4286,OPT,0.386388,OPT,OPT,6,none,72,72,537,537,537,537,0.0,0.0,"Sym,Base",YES,3,90,128,1352,0.009902,0.000616,True,3,90,128,1352,0.008501,0.000552,True
C_3oC_4,CoC,15,27,8,8,0.404656,OPT,0.630535,OPT,OPT,8,order,120,120,1050,1059,1050,1017,0.0,3.1429,"Base,Sym",YES,3,841,1129,12897,0.01821,0.005047,True,3,520,794,7960,0.038983,0.005132,True
P_3oP_4,PoP,15,23,7,7,0.382198,OPT,0.411481,OPT,OPT,7,none,105,105,804,804,804,804,0.0,0.0,"Sym,Base",YES,2,82,143,1219,0.009062,0.000556,True,2,82,143,1219,0.009383,0.000531,True
C_3oP_4,CoP,15,24,8,8,0.39034,OPT,0.562479,OPT,OPT,8,order,120,120,1002,1011,1002,969,0.0,3.2934,"Base,Sym",YES,2,867,1213,15053,0.009838,0.005135,True,2,421,614,6764,0.013684,0.003766,True
P_3oC_4,PoC,15,26,7,7,0.532836,OPT,0.428296,OPT,OPT,7,none,105,105,846,846,846,846,0.0,0.0,"Sym,Base",YES,3,102,195,1457,0.021027,0.000915,True,3,102,195,1457,0.018373,0.0008,True
C_3xC_5,CxC,15,30,8,8,0.519909,OPT,0.655917,OPT,OPT,8,order,120,120,1260,1269,1260,1239,0.0,1.6667,"Base,Sym",YES,3,3079,4150,55893,0.020781,0.026418,True,3,1604,2202,27867,0.021719,0.012672,True
C_3xP_5,CxP,15,27,7,7,0.429132,OPT,0.400171,OPT,OPT,7,order,105,105,948,956,948,936,0.0,1.2658,"Sym,Base",YES,2,335,497,4970,0.00978,0.002616,True,2,313,490,5233,0.009561,0.001857,True
P_3xP_5,PxP,15,22,6,6,0.392556,OPT,0.434812,OPT,OPT,6,none,90,90,703,703,703,703,0.0,0.0,"Base,Sym",YES,3,111,158,1430,0.010718,0.000626,True,3,111,158,1430,0.013347,0.000668,True
C_3oC_5,CoC,18,33,9,9,0.476921,OPT,0.404928,OPT,OPT,9,order,162,162,1518,1528,1518,1478,0.0,2.635,"Sym,Base",YES,2,3052,4187,53893,0.024238,0.025698,True,2,1474,1970,22525,0.017318,0.009013,True
P_3oP_5,PoP,18,29,8,8,0.614768,OPT,0.422267,OPT,OPT,8,none,144,144,1202,1202,1202,1202,0.0,0.0,"Base,Sym",YES,1,5,27,217,0.00654,0.000144,True,1,5,27,217,0.006985,0.000163,True
C_3oP_5,CoP,18,30,9,9,0.470784,OPT,0.416437,OPT,OPT,9,order,162,162,1464,1474,1464,1424,0.0,2.7322,"Sym,Base",YES,2,4081,5346,74263,0.018694,0.033153,True,2,1836,2591,31162,0.017242,0.011687,True
P_3oC_5,PoC,18,32,8,8,0.403117,OPT,0.43765,OPT,OPT,8,none,144,144,1250,1250,1250,1250,0.0,0.0,"Base,Sym",YES,1,5,26,215,0.007016,0.000164,True,1,5,26,215,0.007715,0.000157,True
C_3xC_6,CxC,18,36,7,7,0.438628,OPT,0.422282,OPT,OPT,7,order,126,126,1332,1340,1332,1310,0.0,1.6517,"Sym,Base",YES,2,294,431,5268,0.017067,0.002049,True,2,281,401,4726,0.016247,0.001826,True
C_3xP_6,CxP,18,33,7,7,0.406067,OPT,0.429614,OPT,OPT,7,order,126,126,1170,1178,1170,1158,0.0,1.0256,"Base,Sym",YES,2,313,464,4591,0.011357,0.001825,True,2,226,339,3097,0.01298,0.00128,True
P_3xP_6,PxP,18,27,6,6,0.447369,OPT,0.406921,OPT,OPT,6,none,108,108,869,869,869,869,0.0,0.0,"Sym,Base",YES,3,99,158,1638,0.014313,0.000701,True,3,99,158,1638,0.013396,0.00066,True
C_3oC_6,CoC,21,39,10,10,0.508847,OPT,0.487643,OPT,OPT,10,order,210,210,2091,2102,2091,2044,0.0,2.2477,"Base,Sym",YES,1,11727,15247,226533,0.010334,0.104959,True,1,6188,7872,111761,0.011267,0.052312,True
P_3oP_6,PoP,21,35,9,9,0.457497,OPT,0.406224,OPT,OPT,9,none,189,189,1698,1698,1698,1698,0.0,0.0,"Sym,Base",YES,2,6,54,469,0.023282,0.000331,True,2,6,54,469,0.020357,0.000317,True
C_3oP_6,CoP,21,36,10,10,0.550203,OPT,0.515852,OPT,OPT,10,order,210,210,2031,2042,2031,1984,0.0,2.3141,"Base,Sym",YES,1,13272,17193,240768,0.010328,0.130031,True,1,7020,9093,121496,0.010947,0.068068,True
P_3oC_6,PoC,21,38,9,9,0.452884,OPT,0.40224,OPT,OPT,9,none,189,189,1752,1752,1752,1752,0.0,0.0,"Sym,Base",YES,2,6,55,469,0.023512,0.000326,True,2,6,55,469,0.020675,0.000353,True
C_3xC_7,CxC,21,42,8,8,0.66507,OPT,0.642702,OPT,OPT,8,order,168,168,1764,1773,1764,1743,0.0,1.1905,"Base,Sym",YES,3,5952,7972,126950,0.041246,0.066118,True,3,2661,3832,52205,0.031522,0.026464,True
C_3xP_7,CxP,21,39,7,7,0.435399,OPT,0.404581,OPT,OPT,7,order,147,147,1392,1400,1392,1380,0.0,0.8621,"Sym,Base",YES,2,297,476,5291,0.017235,0.002165,True,2,351,553,5733,0.016244,0.002076,True
P_3xP_7,PxP,21,32,6,6,0.406168,OPT,0.462721,OPT,OPT,6,none,126,126,1035,1035,1035,1035,0.0,0.0,"Base,Sym",YES,3,99,160,1725,0.01757,0.000683,True,3,99,160,1725,0.020906,0.000702,True
C_3oC_7,CoC,24,45,11,11,1.055272,OPT,0.661208,OPT,OPT,11,order,264,264,2778,2790,2778,2724,0.0,1.9438,"Sym,Base",YES,2,44513,55030,895280,0.033798,0.604995,True,2,22315,27984,422254,0.030984,0.241644,True
P_3oP_7,PoP,24,41,10,10,0.547615,OPT,0.475029,OPT,OPT,10,none,240,240,2301,2301,2301,2301,0.0,0.0,"Base,Sym",YES,2,1575,2025,26702,0.03028,0.012823,True,2,1575,2025,26702,0.03159,0.014039,True
C_3oP_7,CoP,24,42,11,11,1.033538,OPT,0.771132,OPT,OPT,11,order,264,264,2712,2724,2712,2658,0.0,1.9912,"Sym,Base",YES,2,42601,54066,839393,0.039326,0.571326,True,2,23087,29469,429310,0.032809,0.269575,True
P_3oC_7,PoC,24,44,10,10,0.485478,OPT,0.646646,OPT,OPT,10,none,240,240,2361,2361,2361,2361,0.0,0.0,"Base,Sym",YES,2,1643,2107,27592,0.029437,0.01422,True,2,1643,2107,27592,0.03597,0.018996,True
C_3xC_8,CxC,24,48,7,7,0.465245,OPT,0.444363,OPT,OPT,7,order,168,168,1776,1784,1776,1754,0.0,1.2387,"Sym,Base",YES,3,604,933,10305,0.034978,0.003902,True,3,382,656,7573,0.031696,0.002662,True
C_3xP_8,CxP,24,45,7,7,0.471151,OPT,0.461395,OPT,OPT,7,order,168,168,1614,1622,1614,1602,0.0,0.7435,"Base,Sym",YES,2,330,533,5111,0.018437,0.001814,True,2,349,513,5407,0.020668,0.002597,True
P_3xP_8,PxP,24,37,6,6,0.385997,OPT,0.44255,OPT,OPT,6,none,144,144,1201,1201,1201,1201,0.0,0.0,"Sym,Base",YES,3,98,163,1793,0.020736,0.00071,True,3,98,163,1793,0.021614,0.000699,True
C_3oC_8,CoC,27,51,12,12,2.591991,OPT,1.552732,OPT,OPT,12,order,324,324,3588,3601,3588,3527,0.0,1.7001,"Base,Sym",YES,2,133663,166468,2741056,0.039074,2.175343,True,2,65581,81281,1277958,0.039957,1.145184,True
P_3oP_8,PoP,27,47,11,11,0.407296,OPT,0.420699,OPT,OPT,11,none,297,297,3020,3020,3020,3020,0.0,0.0,"Sym,Base",YES,2,751,1080,13928,0.036491,0.004868,True,2,751,1080,13928,0.036695,0.004907,True
C_3oP_8,CoP,27,48,12,12,3.001788,OPT,1.330764,OPT,OPT,12,order,324,324,3516,3529,3516,3455,0.0,1.7349,"Base,Sym",YES,2,149733,183377,2894579,0.038433,2.584942,True,2,63707,79354,1221534,0.038896,0.928004,True
P_3oC_8,PoC,27,50,11,11,0.421733,OPT,0.451238,OPT,OPT,11,none,297,297,3086,3086,3086,3086,0.0,0.0,"Sym,Base",YES,2,2456,3371,41651,0.037219,0.018765,True,2,2456,3371,41651,0.037323,0.018837,True
C_3xC_9,CxC,27,54,8,8,0.541046,OPT,0.462408,OPT,OPT,8,order,216,216,2268,2277,2268,2247,0.0,0.9259,"Base,Sym",YES,3,9900,14103,217121,0.038693,0.122512,True,3,5063,7460,104999,0.040134,0.050196,True
C_3xP_9,CxP,27,51,7,7,0.388713,OPT,0.405463,OPT,OPT,7,order,189,189,1836,1844,1836,1824,0.0,0.6536,"Sym,Base",YES,2,334,552,5904,0.019672,0.002096,True,2,314,549,5743,0.020344,0.001952,True
P_3xP_9,PxP,27,42,6,6,0.395033,OPT,0.397632,OPT,OPT,6,none,162,162,1367,1367,1367,1367,0.0,0.0,"Base,Sym",YES,3,99,180,1916,0.022304,0.000717,True,3,99,180,1916,0.022681,0.000731,True
C_3oC_9,CoC,30,57,13,13,13.833113,OPT,4.659387,OPT,OPT,13,order,390,390,4530,4544,4530,4462,0.0,1.5011,"Sym,Base",YES,2,471552,571956,9472275,0.050969,13.370129,True,2,234103,286382,4790114,0.051603,4.046441,True
P_3oP_9,PoP,30,53,12,12,1.183767,OPT,0.561381,OPT,OPT,12,none,360,360,3864,3864,3864,3864,0.0,0.0,"Base,Sym",YES,2,1493,2085,27690,0.086324,0.017824,True,2,1493,2085,27690,0.07178,0.011347,True
C_3oP_9,CoP,30,54,13,13,13.120138,OPT,5.204586,OPT,OPT,13,order,390,390,4452,4466,4452,4384,0.0,1.5274,"Sym,Base",YES,2,478155,584358,9309215,0.072471,12.621356,True,2,233373,292511,4378539,0.090798,4.59599,True
P_3oC_9,PoC,30,56,12,12,0.998748,OPT,0.549208,OPT,OPT,12,none,360,360,3936,3936,3936,3936,0.0,0.0,"Base,Sym",YES,2,3652,5034,61696,0.054314,0.030732,True,2,3652,5034,61696,0.06048,0.030264,True
C_3xC_10,CxC,30,60,8,8,0.775323,OPT,0.662262,OPT,OPT,8,order,240,240,2520,2529,2520,2499,0.0,0.8333,"Sym,Base",YES,3,11055,15970,242745,0.042817,0.150821,True,3,7738,11079,164164,0.055641,0.137453,True
C_3xP_10,CxP,30,57,7,7,0.765859,OPT,0.449209,OPT,OPT,7,order,210,210,2058,2066,2058,2046,0.0,0.5831,"Base,Sym",YES,2,352,524,5449,0.090422,0.002898,True,2,397,600,6185,0.024965,0.002406,True
P_3xP_10,PxP,30,47,6,6,0.541339,OPT,0.475321,OPT,OPT,6,none,180,180,1533,1533,1533,1533,0.0,0.0,"Sym,Base",YES,3,113,212,1980,0.030214,0.001272,True,3,113,212,1980,0.03128,0.001014,True
C_3oC_10,CoC,33,63,14,14,58.909405,OPT,15.841604,OPT,OPT,14,order,462,462,5613,5628,5613,5538,0.0,1.3362,"Base,Sym",YES,2,1740623,2088033,32973171,0.107979,58.317184,True,2,618294,766465,11715731,0.072717,14.980231,True
P_3oP_10,PoP,33,59,13,13,0.659347,OPT,0.749616,OPT,OPT,13,none,429,429,4842,4842,4842,4842,0.0,0.0,"Sym,Base",YES,1,5,47,592,0.034522,0.000366,True,1,5,47,592,0.047844,0.000418,True
C_3oP_10,CoP,33,60,14,14,77.366321,OPT,23.099105,OPT,OPT,14,order,462,462,5529,5544,5529,5454,0.0,1.3565,"Base,Sym",YES,2,1978532,2416150,36730846,0.116445,76.583113,True,2,820747,1005984,15409396,0.098617,21.461179,True
P_3oC_10,PoC,33,62,13,13,0.666423,OPT,1.744489,OPT,OPT,13,none,429,429,4920,4920,4920,4920,0.0,0.0,"Sym,Base",YES,1,5,47,592,0.033854,0.000398,True,1,5,47,592,0.088518,0.000577,True
C_4xC_3,CxC,12,24,8,8,0.537726,OPT,0.605781,OPT,OPT,8,order,96,96,954,963,954,935,0.0,1.9916,"Base,Sym",YES,3,2403,3148,37783,0.016214,0.020321,True,3,1233,1648,20106,0.014199,0.009149,True
C_4xP_3,CxP,12,20,7,7,0.457576,OPT,0.773279,OPT,OPT,7,order,84,84,720,728,720,706,0.0,1.9444,"Sym,Base",YES,2,439,569,6058,0.007856,0.00259,True,2,318,417,4335,0.013685,0.002512,True
P_4xP_3,PxP,12,17,6,6,0.525453,OPT,0.566188,OPT,OPT,6,none,72,72,537,537,537,537,0.0,0.0,"Base,Sym",YES,2,106,138,1424,0.008611,0.000781,True,2,106,138,1424,0.0068,0.000566,True
C_4oC_3,CoC,16,28,7,7,0.526264,OPT,0.574443,OPT,OPT,7,order,112,112,920,928,920,892,0.0,3.0435,"Sym,Base",YES,2,325,487,4747,0.012182,0.001707,True,2,336,499,5232,0.016836,0.002568,True
P_4oP_3,PoP,16,23,6,6,0.518548,OPT,0.807241,OPT,OPT,6,none,96,96,685,685,685,685,0.0,0.0,"Base,Sym",YES,2,128,215,1667,0.02833,0.002098,True,2,128,215,1667,0.010691,0.001095,True
C_4oP_3,CoP,16,24,7,7,0.476401,OPT,0.908588,OPT,OPT,7,order,112,112,864,872,864,836,0.0,3.2407,"Sym,Base",YES,2,347,485,5500,0.010622,0.002048,True,2,223,341,3743,0.011901,0.001571,True
P_4oC_3,PoC,16,27,7,7,0.497399,OPT,0.530267,OPT,OPT,7,none,112,112,850,850,850,850,0.0,0.0,"Base,Sym",YES,2,256,372,3042,0.017889,0.001699,True,2,256,372,3042,0.009995,0.001411,True
C_4xC_4,CxC,16,32,7,7,0.518297,OPT,0.531207,OPT,OPT,7,order,112,112,1184,1192,1184,1162,0.0,1.8581,"Sym,Base",YES,3,439,608,7950,0.026035,0.002951,True,3,275,368,4627,0.027778,0.002525,True
C_4xP_4,CxP,16,28,7,7,0.575911,OPT,0.758238,OPT,OPT,7,order,112,112,1032,1040,1032,1018,0.0,1.3566,"Base,Sym",YES,2,432,580,6457,0.01876,0.004091,True,2,401,525,6612,0.013031,0.003064,True
P_4xP_4,PxP,16,24,6,6,0.594927,OPT,0.500483,OPT,OPT,6,none,96,96,774,774,774,774,0.0,0.0,"Sym,Base",YES,3,93,133,1542,0.015649,0.000711,True,3,93,133,1542,0.018681,0.000771,True
C_4oC_4,CoC,20,36,8,8,0.577745,OPT,0.511431,OPT,OPT,8,order,160,160,1418,1427,1418,1383,0.0,2.4683,"Base,Sym",YES,3,942,1303,16140,0.039082,0.008794,True,3,944,1361,14243,0.028488,0.006126,True
P_4oP_4,PoP,20,31,7,7,0.463921,OPT,0.780276,OPT,OPT,7,none,140,140,1106,1106,1106,1106,0.0,0.0,"Sym,Base",YES,2,96,196,1576,0.018348,0.000703,True,2,96,196,1576,0.018843,0.000736,True
C_4oP_4,CoP,20,32,8,8,0.994517,OPT,0.489515,OPT,OPT,8,order,160,160,1354,1363,1354,1319,0.0,2.5849,"Base,Sym",YES,2,1138,1601,19855,0.055616,0.018044,True,2,774,1128,14372,0.021231,0.005056,True
P_4oC_4,PoC,20,35,7,7,1.153202,OPT,0.558415,OPT,OPT,7,none,140,140,1162,1162,1162,1162,0.0,0.0,"Sym,Base",YES,3,166,282,2555,0.025733,0.001206,True,3,166,282,2555,0.039558,0.001726,True
C_4xC_5,CxC,20,40,7,7,1.151747,OPT,0.572843,OPT,OPT,7,order,140,140,1560,1568,1560,1536,0.0,1.5385,"Base,Sym",YES,3,1049,1466,21599,0.087171,0.049797,True,3,719,1032,13879,0.030538,0.005984,True
C_4xP_5,CxP,20,36,7,7,0.654466,OPT,0.642792,OPT,OPT,7,order,140,140,1344,1352,1344,1330,0.0,1.0417,"Sym,Base",YES,3,511,712,8251,0.031484,0.004034,True,3,515,710,8304,0.088146,0.004786,True
P_4xP_5,PxP,20,31,6,6,0.578954,OPT,0.501566,OPT,OPT,6,none,120,120,1011,1011,1011,1011,0.0,0.0,"Base,Sym",YES,3,121,190,1856,0.030811,0.001113,True,3,121,190,1856,0.024366,0.000918,True
C_4oC_5,CoC,24,44,9,9,0.559405,OPT,1.116368,OPT,OPT,9,order,216,216,2044,2054,2044,2002,0.0,2.0548,"Sym,Base",YES,2,4235,5903,77303,0.029462,0.034969,True,2,2106,2888,38224,0.032126,0.016454,True
P_4oP_5,PoP,24,39,8,8,0.637934,OPT,0.683138,OPT,OPT,8,none,192,192,1647,1647,1647,1647,0.0,0.0,"Base,Sym",YES,2,746,1047,13344,0.065409,0.018146,True,2,746,1047,13344,0.027189,0.006327,True
C_4oP_5,CoP,24,40,9,9,0.601778,OPT,0.614086,OPT,OPT,9,order,216,216,1972,1982,1972,1930,0.0,2.1298,"Sym,Base",YES,2,4397,5901,81907,0.03033,0.040621,True,2,3825,5059,71646,0.047502,0.032542,True
P_4oC_5,PoC,24,43,8,8,0.599559,OPT,0.98929,OPT,OPT,8,none,192,192,1711,1711,1711,1711,0.0,0.0,"Base,Sym",YES,2,484,669,8279,0.062652,0.004585,True,2,484,669,8279,0.022443,0.003258,True
C_4xC_6,CxC,24,48,7,7,1.367381,OPT,0.904813,OPT,OPT,7,order,168,168,1872,1880,1872,1848,0.0,1.2821,"Sym,Base",YES,3,646,873,12642,0.0374,0.004836,True,3,479,666,9486,0.185332,0.004779,True
C_4xP_6,CxP,24,44,7,7,1.677956,OPT,0.521843,OPT,OPT,7,order,168,168,1656,1664,1656,1642,0.0,0.8454,"Base,Sym",YES,3,551,780,9132,0.041985,0.004895,True,3,553,782,9267,0.038846,0.00366,True
P_4xP_6,PxP,24,38,6,6,1.105867,OPT,2.033578,OPT,OPT,6,none,144,144,1248,1248,1248,1248,0.0,0.0,"Sym,Base",YES,3,112,184,2047,0.036267,0.001706,True,3,112,184,2047,0.191778,0.001018,True
C_4oC_6,CoC,28,52,10,10,0.903726,OPT,0.524178,OPT,OPT,10,order,280,280,2810,2821,2810,2761,0.0,1.7438,"Base,Sym",YES,2,15777,20333,305019,0.044378,0.194272,True,2,10013,12735,184442,0.033593,0.091771,True
P_4oP_6,PoP,28,47,9,9,0.421642,OPT,0.630629,OPT,OPT,9,none,252,252,2320,2320,2320,2320,0.0,0.0,"Sym,Base",YES,1,1126,1565,19262,0.016761,0.006321,True,1,1126,1565,19262,0.028697,0.009077,True
C_4oP_6,CoP,28,48,10,10,1.242449,OPT,0.633859,OPT,OPT,10,order,280,280,2730,2741,2730,2681,0.0,1.7949,"Base,Sym",YES,2,18835,24225,369220,0.113039,0.404393,True,2,11886,15350,225770,0.052316,0.149281,True
P_4oC_6,PoC,28,51,9,9,0.637555,OPT,0.905212,OPT,OPT,9,none,252,252,2392,2392,2392,2392,0.0,0.0,"Sym,Base",YES,1,1361,1857,24408,0.017378,0.008707,True,1,1361,1857,24408,0.03429,0.02337,True
C_4xC_7,CxC,28,56,7,7,0.779669,OPT,0.624703,OPT,OPT,7,order,196,196,2184,2192,2184,2160,0.0,1.0989,"Base,Sym",YES,3,1533,2324,36333,0.07224,0.022602,True,3,1068,1648,25713,0.053195,0.010568,True
C_4xP_7,CxP,28,52,7,7,0.763259,OPT,0.567269,OPT,OPT,7,order,196,196,1968,1976,1968,1954,0.0,0.7114,"Sym,Base",YES,3,556,798,9417,0.061647,0.004206,True,3,558,803,9437,0.055468,0.005095,True
P_4xP_7,PxP,28,45,6,6,0.59034,OPT,0.525593,OPT,OPT,6,none,168,168,1485,1485,1485,1485,0.0,0.0,"Base,Sym",YES,3,128,213,2207,0.048985,0.002259,True,3,128,213,2207,0.030354,0.001078,True
C_4oC_7,CoC,32,60,11,11,1.253706,OPT,1.230295,OPT,OPT,11,order,352,352,3728,3740,3728,3672,0.0,1.5021,"Sym,Base",YES,2,50660,64023,1018438,0.043309,0.749055,True,2,39132,48432,716461,0.058714,0.595295,True
P_4oP_7,PoP,32,55,10,10,0.649312,OPT,0.609673,OPT,OPT,10,none,320,320,3137,3137,3137,3137,0.0,0.0,"Base,Sym",YES,2,3416,4418,52211,0.065188,0.034,True,2,3416,4418,52211,0.042573,0.03093,True
C_4oP_7,CoP,32,56,11,11,1.021398,OPT,1.297281,OPT,OPT,11,order,352,352,3640,3652,3640,3584,0.0,1.5385,"Sym,Base",YES,2,39863,50213,743390,0.049599,0.48277,True,2,43987,55045,886151,0.051653,0.763279,True
P_4oC_7,PoC,32,59,10,10,0.660679,OPT,0.58367,OPT,OPT,10,none,320,320,3217,3217,3217,3217,0.0,0.0,"Base,Sym",YES,2,5038,6311,90319,0.071072,0.055818,True,2,5038,6311,90319,0.058086,0.071922,True
C_4xC_8,CxC,32,64,7,7,0.694621,OPT,0.598905,OPT,OPT,7,order,224,224,2496,2504,2496,2472,0.0,0.9615,"Sym,Base",YES,3,758,1056,15657,0.057104,0.005704,True,3,536,790,11157,0.085235,0.007524,True
C_4xP_8,CxP,32,60,7,7,0.608404,OPT,0.524377,OPT,OPT,7,order,224,224,2280,2288,2280,2266,0.0,0.614,"Base,Sym",YES,3,565,837,9731,0.057697,0.00522,True,3,586,831,10096,0.050729,0.003928,True
P_4xP_8,PxP,32,52,6,6,0.783445,OPT,0.519089,OPT,OPT,6,none,192,192,1722,1722,1722,1722,0.0,0.0,"Sym,Base",YES,3,120,217,2476,0.033792,0.001084,True,3,120,217,2476,0.04063,0.000953,True
C_4oC_8,CoC,36,68,12,12,3.311276,OPT,1.709666,OPT,OPT,12,order,432,432,4810,4823,4810,4747,0.0,1.3098,"Base,Sym",YES,2,135043,165856,2715233,0.076248,2.6711,True,2,81444,99792,1633486,0.067731,1.208904,True
P_4oP_8,PoP,36,63,11,11,0.636286,OPT,0.834403,OPT,OPT,11,none,396,396,4110,4110,4110,4110,0.0,0.0,"Sym,Base",YES,2,5537,7361,104705,0.065515,0.057764,True,2,5537,7361,104705,0.108892,0.110446,True
C_4oP_8,CoP,36,64,12,12,4.82828,OPT,2.439095,OPT,OPT,12,order,432,432,4714,4727,4714,4651,0.0,1.3364,"Base,Sym",YES,2,206462,253411,4035047,0.079966,4.281143,True,2,122885,150835,2489573,0.05887,1.979851,True
P_4oC_8,PoC,36,67,11,11,0.605492,OPT,0.851773,OPT,OPT,11,none,396,396,4198,4198,4198,4198,0.0,0.0,"Sym,Base",YES,2,10966,14078,215516,0.057367,0.124482,True,2,10966,14078,215516,0.080934,0.119217,True
C_4xC_9,CxC,36,72,7,7,0.720467,OPT,0.545631,OPT,OPT,7,order,252,252,2808,2816,2808,2784,0.0,0.8547,"Base,Sym",YES,3,1120,1828,26551,0.100408,0.012275,True,3,706,1142,16301,0.055555,0.005623,True
C_4xP_9,CxP,36,68,7,7,0.448719,OPT,0.538308,OPT,OPT,7,order,252,252,2592,2600,2592,2578,0.0,0.5401,"Sym,Base",YES,3,570,876,10023,0.044724,0.003729,True,3,555,842,9745,0.064502,0.004074,True
P_4xP_9,PxP,36,59,6,6,0.486597,OPT,0.521254,OPT,OPT,6,none,216,216,1959,1959,1959,1959,0.0,0.0,"Base,Sym",YES,3,138,246,2600,0.04304,0.001124,True,3,138,246,2600,0.047438,0.001073,True
C_4oC_9,CoC,40,76,13,13,8.70261,OPT,7.444198,OPT,OPT,13,order,520,520,6068,6082,6068,5998,0.0,1.1536,"Sym,Base",YES,2,390146,472876,7481930,0.07849,8.205051,True,2,336909,421532,6512182,0.081267,6.921759,True
P_4oP_9,PoP,40,71,12,12,0.973279,OPT,0.981574,OPT,OPT,12,none,480,480,5251,5251,5251,5251,0.0,0.0,"Base,Sym",YES,2,31597,41147,525333,0.081469,0.447635,True,2,31597,41147,525333,0.075385,0.362445,True
C_4oP_9,CoP,40,72,13,13,21.600603,OPT,8.82264,OPT,OPT,13,order,520,520,5964,5978,5964,5894,0.0,1.1737,"Sym,Base",YES,2,735280,897913,13640659,0.091353,20.953931,True,2,334203,418420,6512946,0.110857,8.004261,True
P_4oC_9,PoC,40,75,12,12,2.202897,OPT,1.363824,OPT,OPT,12,none,480,480,5347,5347,5347,5347,0.0,0.0,"Base,Sym",YES,2,34501,43771,603048,0.120395,0.784481,True,2,34501,43771,603048,0.146887,0.674987,True
C_4xC_10,CxC,40,80,7,7,0.580417,OPT,1.101577,OPT,OPT,7,order,280,280,3120,3128,3120,3096,0.0,0.7692,"Sym,Base",YES,3,1361,2166,32857,0.062784,0.012826,True,3,1117,1874,27571,0.113121,0.086195,True
C_4xP_10,CxP,40,76,7,7,1.733087,OPT,1.743174,OPT,OPT,7,order,280,280,2904,2912,2904,2890,0.0,0.4821,"Base,Sym",YES,3,587,978,10633,0.283351,0.005983,True,3,576,957,10433,0.06402,0.004178,True
P_4xP_10,PxP,40,66,6,6,0.52108,OPT,0.610486,OPT,OPT,6,none,240,240,2196,2196,2196,2196,0.0,0.0,"Sym,Base",YES,3,123,229,2608,0.044407,0.001255,True,3,123,229,2608,0.068433,0.003016,True
C_4oC_10,CoC,44,84,14,14,90.887505,OPT,33.983267,OPT,OPT,14,order,616,616,7514,7529,7514,7437,0.0,1.0248,"Base,Sym",YES,2,2139402,2605560,39411258,0.149008,90.224471,True,2,1326530,1616969,25219866,0.153446,32.800795,True
P_4oP_10,PoP,44,79,13,13,0.906434,OPT,1.668645,OPT,OPT,13,none,572,572,6572,6572,6572,6572,0.0,0.0,"Sym,Base",YES,2,40914,54734,705487,0.084504,0.413742,True,2,40914,54734,705487,0.135203,0.841687,True
C_4oP_10,CoP,44,80,14,14,56.252103,OPT,41.229407,OPT,OPT,14,order,616,616,7402,7417,7402,7325,0.0,1.0403,"Base,Sym",YES,2,1965765,2402675,36594488,0.121154,55.617387,True,2,1431437,1741521,26453681,0.091211,40.324453,True
P_4oC_10,PoC,44,83,13,13,0.909221,OPT,1.207897,OPT,OPT,13,none,572,572,6676,6676,6676,6676,0.0,0.0,"Sym,Base",YES,2,1278,1819,26744,0.115717,0.01154,True,2,1278,1819,26744,0.203939,0.012269,True
C_5xC_3,CxC,15,30,8,8,0.631109,OPT,0.798493,OPT,OPT,8,order,120,120,1260,1269,1260,1239,0.0,1.6667,"Base,Sym",YES,3,3308,4445,60297,0.042352,0.042403,True,3,1961,2652,35146,0.025117,0.015236,True
C_5xP_3,CxP,15,25,7,7,0.689584,OPT,0.935028,OPT,OPT,7,order,105,105,960,968,960,944,0.0,1.6667,"Sym,Base",YES,2,631,876,12591,0.020814,0.006768,True,2,626,833,10856,0.01689,0.004871,True
P_5xP_3,PxP,15,22,6,6,0.676846,OPT,0.638037,OPT,OPT,6,none,90,90,703,703,703,703,0.0,0.0,"Base,Sym",YES,2,82,113,1227,0.010487,0.000489,True,2,82,113,1227,0.011554,0.000542,True
C_5oC_3,CoC,20,35,8,8,0.598946,OPT,0.475189,OPT,OPT,8,order,160,160,1330,1339,1330,1301,0.0,2.1805,"Sym,Base",YES,2,1505,2429,27853,0.029918,0.013849,True,2,1096,1737,20190,0.016421,0.007595,True
P_5oP_3,PoP,20,29,7,7,0.942207,OPT,0.548304,OPT,OPT,7,none,140,140,1014,1014,1014,1014,0.0,0.0,"Base,Sym",YES,2,370,604,5439,0.021801,0.004534,True,2,370,604,5439,0.010194,0.002075,True
C_5oP_3,CoP,20,30,7,7,0.401864,OPT,0.463805,OPT,OPT,7,order,140,140,1100,1108,1100,1070,0.0,2.7273,"Sym,Base",YES,2,410,589,6307,0.011872,0.002523,True,2,228,355,3579,0.01812,0.001846,True
P_5oC_3,PoC,20,34,7,7,0.712316,OPT,0.593306,OPT,OPT,7,none,140,140,1084,1084,1084,1084,0.0,0.0,"Base,Sym",YES,2,296,447,3453,0.018436,0.001834,True,2,296,447,3453,0.015936,0.001651,True
C_5xC_4,CxC,20,40,7,7,0.690227,OPT,0.70995,OPT,OPT,7,order,140,140,1560,1568,1560,1536,0.0,1.5385,"Sym,Base",YES,2,420,572,7956,0.02883,0.005039,True,2,374,480,6726,0.084299,0.005068,True
C_5xP_4,CxP,20,35,7,7,0.538498,OPT,0.468025,OPT,OPT,7,order,140,140,1370,1378,1370,1354,0.0,1.1679,"Base,Sym",YES,3,838,1109,16581,0.030134,0.006476,True,3,638,894,13052,0.036117,0.01332,True
P_5xP_4,PxP,20,31,6,6,0.743336,OPT,0.504609,OPT,OPT,6,none,120,120,1011,1011,1011,1011,0.0,0.0,"Sym,Base",YES,3,113,171,1897,0.023241,0.000855,True,3,113,171,1897,0.019559,0.000745,True
C_5oC_4,CoC,25,45,8,8,0.538419,OPT,0.586803,OPT,OPT,8,order,200,200,1795,1804,1795,1758,0.0,2.0613,"Base,Sym",YES,3,974,1448,15561,0.038657,0.007022,True,3,590,816,8512,0.047414,0.003893,True
P_5oP_4,PoP,25,39,8,8,0.779088,OPT,0.70453,OPT,OPT,8,none,200,200,1600,1600,1600,1600,0.0,0.0,"Sym,Base",YES,2,1180,1644,18770,0.035306,0.008524,True,2,1180,1644,18770,0.028038,0.008626,True
C_5oP_4,CoP,25,40,8,8,0.733617,OPT,0.665871,OPT,OPT,8,order,200,200,1715,1724,1715,1678,0.0,2.1574,"Base,Sym",YES,2,1388,1939,24474,0.056386,0.014304,True,2,928,1296,16115,0.026239,0.010945,True
P_5oC_4,PoC,25,44,8,8,0.47192,OPT,0.703888,OPT,OPT,8,none,200,200,1680,1680,1680,1680,0.0,0.0,"Sym,Base",YES,3,1022,1465,15667,0.028214,0.006361,True,3,1022,1465,15667,0.033276,0.006167,True
C_5xC_5,CxC,25,50,8,8,0.821325,OPT,0.598319,OPT,OPT,8,order,200,200,2325,2334,2325,2300,0.0,1.0753,"Base,Sym",YES,3,11938,15107,351757,0.067617,0.303993,True,3,7888,10133,221274,0.05572,0.132484,True
C_5xP_5,CxP,25,45,7,7,0.687141,OPT,0.536351,OPT,OPT,7,order,175,175,1780,1788,1780,1764,0.0,0.8989,"Sym,Base",YES,3,828,1132,16289,0.048698,0.008032,True,3,767,1085,16342,0.051208,0.008135,True
P_5xP_5,PxP,25,40,6,6,0.65072,OPT,0.443057,OPT,OPT,6,none,150,150,1319,1319,1319,1319,0.0,0.0,"Base,Sym",YES,3,116,197,1886,0.046902,0.001168,True,3,116,197,1886,0.023683,0.000779,True
C_5oC_5,CoC,30,55,9,9,0.501093,OPT,0.958642,OPT,OPT,9,order,270,270,2580,2590,2580,2536,0.0,1.7054,"Sym,Base",YES,2,3910,5180,65879,0.030146,0.028709,True,2,4624,6123,91524,0.047947,0.041695,True
P_5oP_5,PoP,30,49,9,9,0.711813,OPT,0.568935,OPT,OPT,9,none,270,270,2342,2342,2342,2342,0.0,0.0,"Base,Sym",YES,2,3400,4582,54571,0.079121,0.073836,True,2,3400,4582,54571,0.027301,0.02289,True
C_5oP_5,CoP,30,50,9,9,0.505278,OPT,0.805836,OPT,OPT,9,order,270,270,2490,2500,2490,2446,0.0,1.7671,"Sym,Base",YES,2,4165,5742,72814,0.03133,0.035111,True,2,3178,4250,52784,0.049719,0.048434,True
P_5oC_5,PoC,30,54,9,9,0.784863,OPT,0.549289,OPT,OPT,9,none,270,270,2432,2432,2432,2432,0.0,0.0,"Base,Sym",YES,2,3983,5223,64045,0.147497,0.03551,True,2,3983,5223,64045,0.038128,0.02939,True
C_5xC_6,CxC,30,60,8,8,0.895109,OPT,0.779501,OPT,OPT,8,order,240,240,2790,2799,2790,2765,0.0,0.8961,"Sym,Base",YES,3,16780,21407,518289,0.048138,0.383214,True,3,9780,13021,297952,0.064734,0.151803,True
C_5xP_6,CxP,30,55,7,7,0.674143,OPT,0.534169,OPT,OPT,7,order,210,210,2190,2198,2190,2174,0.0,0.7306,"Base,Sym",YES,3,843,1143,20139,0.046127,0.007743,True,3,854,1185,19665,0.040698,0.006533,True
P_5xP_6,PxP,30,49,6,6,0.483622,OPT,0.643414,OPT,OPT,6,none,180,180,1627,1627,1627,1627,0.0,0.0,"Sym,Base",YES,3,112,173,2105,0.030043,0.001017,True,3,112,173,2105,0.074316,0.00132,True
C_5oC_6,CoC,35,65,10,10,0.986101,OPT,0.66276,OPT,OPT,10,order,350,350,3540,3551,3540,3489,0.0,1.4407,"Base,Sym",YES,1,19738,24978,372750,0.032226,0.322821,True,1,18201,22902,355406,0.022101,0.224906,True
P_5oP_6,PoP,35,59,10,10,0.772692,OPT,0.739188,OPT,OPT,10,none,350,350,3255,3255,3255,3255,0.0,0.0,"Sym,Base",YES,1,11861,15177,201279,0.020276,0.106716,True,1,11861,15177,201279,0.05072,0.209093,True
C_5oP_6,CoP,35,60,10,10,0.944706,OPT,0.790341,OPT,OPT,10,order,350,350,3440,3451,3440,3389,0.0,1.4826,"Base,Sym",YES,1,17685,22474,334024,0.036159,0.321934,True,1,13858,17675,252090,0.025904,0.151115,True
P_5oC_6,PoC,35,64,10,10,0.750728,OPT,0.760318,OPT,OPT,10,none,350,350,3355,3355,3355,3355,0.0,0.0,"Sym,Base",YES,1,11115,14252,197994,0.02299,0.113713,True,1,11115,14252,197994,0.046884,0.186043,True
C_5xC_7,CxC,35,70,7,7,0.9291,OPT,0.825743,OPT,OPT,7,order,245,245,2870,2878,2870,2844,0.0,0.9059,"Base,Sym",YES,3,960,1378,23289,0.197027,0.014142,True,3,929,1313,24736,0.140709,0.01008,True
C_5xP_7,CxP,35,65,7,7,0.507443,OPT,1.042603,OPT,OPT,7,order,245,245,2600,2608,2600,2584,0.0,0.6154,"Sym,Base",YES,3,843,1164,19157,0.048504,0.00763,True,3,834,1154,18936,0.08445,0.010487,True
P_5xP_7,PxP,35,58,6,6,0.905631,OPT,0.534983,OPT,OPT,6,none,210,210,1935,1935,1935,1935,0.0,0.0,"Base,Sym",YES,3,135,245,2697,0.084987,0.001475,True,3,135,245,2697,0.042735,0.001182,True
C_5oC_7,CoC,40,75,11,11,1.73818,OPT,1.404035,OPT,OPT,11,order,440,440,4690,4702,4690,4632,0.0,1.2367,"Sym,Base",YES,2,44234,55450,828855,0.088533,1.164543,True,2,40498,50653,826571,0.07434,0.636455,True
P_5oP_7,PoP,40,69,11,11,1.328766,OPT,1.034987,OPT,OPT,11,none,440,440,4354,4354,4354,4354,0.0,0.0,"Base,Sym",YES,2,34819,42768,626248,0.129156,0.6258,True,2,34819,42768,626248,0.052284,0.563032,True
C_5oP_7,CoP,40,70,11,11,2.745942,OPT,1.558106,OPT,OPT,11,order,440,440,4580,4592,4580,4522,0.0,1.2664,"Sym,Base",YES,2,77518,96069,1493220,0.10136,2.000156,True,2,46375,57990,930225,0.090032,0.956884,True
P_5oC_7,PoC,40,74,11,11,1.542888,OPT,1.602922,OPT,OPT,11,none,440,440,4464,4464,4464,4464,0.0,0.0,"Base,Sym",YES,2,41728,52068,758652,0.121665,0.67632,True,2,41728,52068,758652,0.097344,0.588074,True
C_5xC_8,CxC,40,80,7,7,0.50885,OPT,0.612384,OPT,OPT,7,order,280,280,3280,3288,3280,3254,0.0,0.7927,"Sym,Base",YES,3,1026,1509,26522,0.067695,0.008727,True,3,798,1183,21671,0.113587,0.014529,True
C_5xP_8,CxP,40,75,7,7,0.618805,OPT,0.637726,OPT,OPT,7,order,280,280,3010,3018,3010,2994,0.0,0.5316,"Base,Sym",YES,3,793,1109,19222,0.135633,0.009518,True,3,751,1057,17537,0.074468,0.006349,True
P_5xP_8,PxP,40,67,6,6,0.78983,OPT,0.543437,OPT,OPT,6,none,240,240,2243,2243,2243,2243,0.0,0.0,"Sym,Base",YES,3,143,270,3170,0.057483,0.001501,True,3,143,270,3170,0.060826,0.001516,True
C_5oC_8,CoC,45,85,12,12,5.064601,OPT,2.639868,OPT,OPT,12,order,540,540,6045,6058,6045,5980,0.0,1.0753,"Base,Sym",YES,2,206265,253190,4071826,0.08976,4.347014,True,2,141781,174557,2690653,0.068932,2.134599,True
P_5oP_8,PoP,45,79,12,12,2.003709,OPT,2.496494,OPT,OPT,12,none,540,540,5654,5654,5654,5654,0.0,0.0,"Sym,Base",YES,2,107361,136094,1888727,0.064236,1.529933,True,2,107361,136094,1888727,0.09195,1.920995,True
C_5oP_8,CoP,45,80,12,12,3.305562,OPT,1.9304,OPT,OPT,12,order,540,540,5925,5938,5925,5860,0.0,1.097,"Base,Sym",YES,2,153659,193215,2923474,0.124562,2.699385,True,2,101030,124392,1866157,0.065596,1.444941,True
P_5oC_8,PoC,45,84,12,12,1.988268,OPT,1.959919,OPT,OPT,12,none,540,540,5774,5774,5774,5774,0.0,0.0,"Sym,Base",YES,2,88716,109922,1667880,0.071109,1.503938,True,2,88716,109922,1667880,0.089291,1.355177,True
C_5xC_9,CxC,45,90,8,8,1.896106,OPT,0.959735,OPT,OPT,8,order,360,360,4185,4194,4185,4160,0.0,0.5974,"Base,Sym",YES,3,54177,73534,1863433,0.071775,1.384764,True,3,27606,38667,893567,0.062527,0.508061,True
C_5xP_9,CxP,45,85,7,7,0.47343,OPT,0.804923,OPT,OPT,7,order,315,315,3420,3428,3420,3404,0.0,0.4678,"Sym,Base",YES,3,915,1286,19510,0.065552,0.007349,True,3,955,1361,20343,0.312342,0.009472,True
P_5xP_9,PxP,45,76,6,6,0.498777,OPT,0.458556,OPT,OPT,6,none,270,270,2551,2551,2551,2551,0.0,0.0,"Base,Sym",YES,3,158,287,3227,0.04728,0.001318,True,3,158,287,3227,0.044594,0.001224,True
C_5oC_9,CoC,50,95,13,13,15.901219,OPT,8.032565,OPT,OPT,13,order,650,650,7620,7634,7620,7548,0.0,0.9449,"Sym,Base",YES,2,677811,830165,12956788,0.088993,15.41841,True,2,400597,496688,7831077,0.106565,7.268319,True
P_5oP_9,PoP,50,89,13,13,7.416953,OPT,7.013403,OPT,OPT,13,none,650,650,7170,7170,7170,7170,0.0,0.0,"Base,Sym",YES,2,368111,455034,6708211,0.089962,6.661349,True,2,368111,455034,6708211,0.082152,6.535555,True
C_5oP_9,CoP,50,90,13,13,14.07926,OPT,8.377378,OPT,OPT,13,order,650,650,7490,7504,7490,7418,0.0,0.9613,"Sym,Base",YES,2,623454,772700,11481843,0.084203,13.572886,True,2,407484,505569,7659823,0.274183,7.654643,True
P_5oC_9,PoC,50,94,13,13,10.555595,OPT,10.072697,OPT,OPT,13,none,650,650,7300,7300,7300,7300,0.0,0.0,"Base,Sym",YES,2,466365,573025,8453118,0.11448,9.94434,True,2,466365,573025,8453118,0.08331,9.588322,True
C_5xC_10,CxC,50,100,8,8,2.795905,OPT,2.088498,OPT,OPT,8,order,400,400,4650,4659,4650,4625,0.0,0.5376,"Sym,Base",YES,3,82593,112386,2955024,0.071274,2.351067,True,3,51700,71267,1741011,0.084518,1.539203,True
C_5xP_10,CxP,50,95,7,7,0.528257,OPT,0.473197,OPT,OPT,7,order,350,350,3830,3838,3830,3814,0.0,0.4178,"Base,Sym",YES,3,782,1152,19713,0.081375,0.006959,True,3,861,1272,21493,0.066095,0.007468,True
P_5xP_10,PxP,50,85,6,6,0.441171,OPT,0.789667,OPT,OPT,6,none,300,300,2859,2859,2859,2859,0.0,0.0,"Sym,Base",YES,3,137,290,3309,0.049815,0.001262,True,3,137,290,3309,0.068394,0.001774,True
C_5oC_10,CoC,55,105,14,14,77.164357,OPT,34.777549,OPT,OPT,14,order,770,770,9430,9445,9430,9351,0.0,0.8378,"Base,Sym",YES,2,2483594,3002645,46003352,0.38222,76.302389,True,2,1199132,1525921,22548032,0.156635,33.966113,True
P_5oP_10,PoP,55,99,14,14,32.136581,OPT,33.350899,OPT,OPT,14,none,770,770,8917,8917,8917,8917,0.0,0.0,"Sym,Base",YES,2,1215835,1513647,22227277,0.125027,31.23425,True,2,1215835,1513647,22227277,0.134184,32.407673,True
C_5oP_10,CoP,55,100,14,14,65.741128,OPT,35.950113,OPT,OPT,14,order,770,770,9290,9305,9290,9211,0.0,0.8504,"Base,Sym",YES,2,1954866,2399823,35390024,0.231361,64.802293,True,2,1345855,1676632,24310484,0.175358,34.948539,True
P_5oC_10,PoC,55,104,14,14,37.270484,OPT,35.469791,OPT,OPT,14,none,770,770,9057,9057,9057,9057,0.0,0.0,"Sym,Base",YES,2,1169499,1444800,20717124,0.110818,36.713678,True,2,1169499,1444800,20717124,0.40764,33.718028,True
C_6xC_3,CxC,18,36,7,7,0.660602,OPT,0.472295,OPT,OPT,7,order,126,126,1332,1340,1332,1310,0.0,1.6517,"Base,Sym",YES,3,597,845,10640,0.050725,0.005303,True,3,341,469,5698,0.027323,0.002268,True
C_6xP_3,CxP,18,30,6,6,0.637246,OPT,0.652506,OPT,OPT,6,order,108,108,996,1003,996,979,0.0,1.7068,"Sym,Base",YES,3,167,262,2580,0.023459,0.0016,True,3,212,290,3231,0.029092,0.002831,True
P_6xP_3,PxP,18,27,6,6,0.556879,OPT,0.419361,OPT,OPT,6,none,108,108,869,869,869,869,0.0,0.0,"Base,Sym",YES,2,91,130,1341,0.009648,0.000537,True,2,91,130,1341,0.008872,0.000499,True
C_6oC_3,CoC,24,42,7,7,0.482222,OPT,0.548839,OPT,OPT,7,order,168,168,1404,1412,1404,1374,0.0,2.1368,"Sym,Base",YES,2,243,333,3371,0.017232,0.001339,True,2,158,258,2097,0.019334,0.000934,True
P_6oP_3,PoP,24,35,7,7,0.50338,OPT,0.734868,OPT,OPT,7,none,168,168,1234,1234,1234,1234,0.0,0.0,"Base,Sym",YES,2,413,608,6143,0.017925,0.002566,True,2,413,608,6143,0.015723,0.00226,True
C_6oP_3,CoP,24,36,7,7,0.428987,OPT,0.50285,OPT,OPT,7,order,168,168,1320,1328,1320,1290,0.0,2.2727,"Sym,Base",YES,2,341,576,5374,0.016856,0.001971,True,2,460,737,7741,0.031051,0.004449,True
P_6oC_3,PoC,24,41,7,7,0.454841,OPT,0.443564,OPT,OPT,7,none,168,168,1318,1318,1318,1318,0.0,0.0,"Base,Sym",YES,2,257,394,3162,0.015809,0.002121,True,2,257,394,3162,0.015889,0.001212,True
C_6xC_4,CxC,24,48,7,7,0.450309,OPT,0.471956,OPT,OPT,7,order,168,168,1872,1880,1872,1848,0.0,1.2821,"Sym,Base",YES,2,469,602,8261,0.02204,0.003107,True,2,402,520,7862,0.026816,0.003592,True
C_6xP_4,CxP,24,42,7,7,0.638247,OPT,0.418191,OPT,OPT,7,order,168,168,1644,1652,1644,1628,0.0,0.9732,"Base,Sym",YES,3,1338,1828,34347,0.036594,0.012824,True,3,738,1031,17831,0.030526,0.006187,True
P_6xP_4,PxP,24,38,6,6,0.423122,OPT,0.555538,OPT,OPT,6,none,144,144,1248,1248,1248,1248,0.0,0.0,"Sym,Base",YES,3,123,176,1810,0.025312,0.000773,True,3,123,176,1810,0.041246,0.000962,True
C_6oC_4,CoC,30,54,8,8,0.498624,OPT,0.501127,OPT,OPT,8,order,240,240,2154,2163,2154,2117,0.0,1.7177,"Base,Sym",YES,3,960,1405,14406,0.04422,0.006189,True,3,870,1235,13867,0.039068,0.005323,True
P_6oP_4,PoP,30,47,8,8,0.444105,OPT,0.479515,OPT,OPT,8,none,240,240,1943,1943,1943,1943,0.0,0.0,"Sym,Base",YES,2,1031,1431,16951,0.021488,0.006172,True,2,1031,1431,16951,0.029792,0.006826,True
C_6oP_4,CoP,30,48,8,8,0.466047,OPT,0.435783,OPT,OPT,8,order,240,240,2058,2067,2058,2021,0.0,1.7979,"Base,Sym",YES,2,1093,1638,19217,0.023695,0.010591,True,2,941,1387,16765,0.02383,0.005997,True
P_6oC_4,PoC,30,53,8,8,0.526816,OPT,0.685401,OPT,OPT,8,none,240,240,2039,2039,2039,2039,0.0,0.0,"Sym,Base",YES,3,1015,1518,15772,0.034496,0.007201,True,3,1015,1518,15772,0.047103,0.007448,True
C_6xC_5,CxC,30,60,8,8,0.844367,OPT,0.96687,OPT,OPT,8,order,240,240,2790,2799,2790,2765,0.0,0.8961,"Base,Sym",YES,3,14595,18956,463973,0.067235,0.330882,True,3,9344,12381,286167,0.05365,0.137931,True
C_6xP_5,CxP,30,54,7,7,0.482809,OPT,0.960959,OPT,OPT,7,order,210,210,2136,2144,2136,2120,0.0,0.7491,"Sym,Base",YES,2,1238,1717,35875,0.024953,0.011258,True,2,985,1396,29522,0.031688,0.011093,True
P_6xP_5,PxP,30,49,6,6,0.472738,OPT,0.655861,OPT,OPT,6,none,180,180,1627,1627,1627,1627,0.0,0.0,"Base,Sym",YES,3,104,175,1989,0.028637,0.000819,True,3,104,175,1989,0.040365,0.000836,True
C_6oC_5,CoC,36,66,9,9,0.979638,OPT,0.804693,OPT,OPT,9,order,324,324,3096,3106,3096,3052,0.0,1.4212,"Sym,Base",YES,2,3773,5163,65546,0.045146,0.049453,True,2,1887,2620,30851,0.080898,0.018573,True
P_6oP_5,PoP,36,59,9,9,0.56067,OPT,0.476247,OPT,OPT,9,none,324,324,2840,2840,2840,2840,0.0,0.0,"Base,Sym",YES,2,3956,5403,68298,0.046068,0.039114,True,2,3956,5403,68298,0.031838,0.026216,True
C_6oP_5,CoP,36,60,9,9,0.681764,OPT,0.494307,OPT,OPT,9,order,324,324,2988,2998,2988,2944,0.0,1.4726,"Sym,Base",YES,2,3726,4960,65310,0.05071,0.03822,True,2,2824,3706,48570,0.036358,0.022298,True
P_6oC_5,PoC,36,65,9,9,0.680935,OPT,0.454479,OPT,OPT,9,none,324,324,2948,2948,2948,2948,0.0,0.0,"Base,Sym",YES,2,2881,3888,47181,0.048657,0.026587,True,2,2881,3888,47181,0.03654,0.022455,True
C_6xC_6,CxC,36,72,7,7,1.104955,OPT,0.542829,OPT,OPT,7,order,252,252,2952,2960,2952,2926,0.0,0.8808,"Sym,Base",YES,3,7587,11283,246581,0.072486,0.096825,True,3,4041,6031,136248,0.057056,0.049321,True
C_6xP_6,CxP,36,66,7,7,0.727187,OPT,0.441881,OPT,OPT,7,order,252,252,2628,2636,2628,2612,0.0,0.6088,"Base,Sym",YES,2,1275,1731,33950,0.0368,0.017069,True,2,1318,1782,33636,0.029819,0.01143,True
P_6xP_6,PxP,36,60,6,6,0.613281,OPT,0.465093,OPT,OPT,6,none,216,216,2006,2006,2006,2006,0.0,0.0,"Sym,Base",YES,3,130,230,2427,0.062973,0.001306,True,3,130,230,2427,0.043359,0.001012,True
C_6oC_6,CoC,42,78,10,10,0.675701,OPT,0.609068,OPT,OPT,10,order,420,420,4248,4259,4248,4197,0.0,1.2006,"Base,Sym",YES,1,15418,19758,292686,0.032759,0.192503,True,1,16791,21553,317938,0.024897,0.187466,True
P_6oP_6,PoP,42,71,10,10,0.563027,OPT,0.595501,OPT,OPT,10,none,420,420,3943,3943,3943,3943,0.0,0.0,"Sym,Base",YES,2,10251,13249,173300,0.049416,0.095028,True,2,10251,13249,173300,0.054634,0.111904,True
C_6oP_6,CoP,42,72,10,10,0.622887,OPT,0.591434,OPT,OPT,10,order,420,420,4128,4139,4128,4077,0.0,1.2355,"Base,Sym",YES,1,13670,17778,242235,0.02468,0.17286,True,1,15217,19222,273182,0.024511,0.16111,True
P_6oC_6,PoC,42,77,10,10,0.556633,OPT,0.787433,OPT,OPT,10,none,420,420,4063,4063,4063,4063,0.0,0.0,"Sym,Base",YES,2,9962,12804,169192,0.046696,0.085847,True,2,9962,12804,169192,0.094998,0.182115,True
C_6xC_7,CxC,42,84,8,8,4.234343,OPT,2.27791,OPT,OPT,8,order,336,336,3906,3915,3906,3881,0.0,0.64,"Base,Sym",YES,3,93615,118234,3952901,0.072962,3.754278,True,3,57202,74591,2359183,0.072315,1.816561,True
C_6xP_7,CxP,42,78,7,7,0.773221,OPT,0.476577,OPT,OPT,7,order,294,294,3120,3128,3120,3104,0.0,0.5128,"Sym,Base",YES,2,1344,1832,37504,0.038763,0.012707,True,2,1414,1902,39477,0.040722,0.017993,True
P_6xP_7,PxP,42,71,6,6,0.472773,OPT,0.482077,OPT,OPT,6,none,252,252,2385,2385,2385,2385,0.0,0.0,"Base,Sym",YES,3,141,240,2976,0.044231,0.001148,True,3,141,240,2976,0.044044,0.001191,True
C_6oC_7,CoC,48,90,11,11,0.925581,OPT,0.978267,OPT,OPT,11,order,528,528,5628,5640,5628,5570,0.0,1.0306,"Sym,Base",YES,2,41322,51560,774507,0.060924,0.474829,True,2,34215,42087,657444,0.069001,0.487372,True
P_6oP_7,PoP,48,83,11,11,1.866843,OPT,1.505672,OPT,OPT,11,none,528,528,5270,5270,5270,5270,0.0,0.0,"Base,Sym",YES,2,36272,45066,680601,0.069547,1.374066,True,2,36272,45066,680601,0.076548,0.656642,True
C_6oP_7,CoP,48,84,11,11,1.096289,OPT,2.424453,OPT,OPT,11,order,528,528,5496,5508,5496,5438,0.0,1.0553,"Sym,Base",YES,2,41030,51284,742498,0.0631,0.582875,True,2,43613,54806,826863,0.12212,0.899698,True
P_6oC_7,PoC,48,89,11,11,1.378573,OPT,1.039649,OPT,OPT,11,none,528,528,5402,5402,5402,5402,0.0,0.0,"Base,Sym",YES,2,35437,43485,654913,0.216914,0.716333,True,2,35437,43485,654913,0.073983,0.464339,True
C_6xC_8,CxC,48,96,7,7,0.67362,OPT,0.675854,OPT,OPT,7,order,336,336,3936,3944,3936,3910,0.0,0.6606,"Sym,Base",YES,3,2022,3092,61857,0.086754,0.033149,True,3,1167,1795,36314,0.125184,0.015411,True
C_6xP_8,CxP,48,90,7,7,0.607741,OPT,0.778568,OPT,OPT,7,order,336,336,3612,3620,3612,3596,0.0,0.443,"Base,Sym",YES,2,1518,2070,40820,0.085791,0.019176,True,2,1309,1836,35420,0.051885,0.01319,True
P_6xP_8,PxP,48,82,6,6,0.570997,OPT,0.566927,OPT,OPT,6,none,288,288,2764,2764,2764,2764,0.0,0.0,"Sym,Base",YES,3,143,266,2976,0.062769,0.001353,True,3,143,266,2976,0.058009,0.001369,True
C_6oC_8,CoC,54,102,12,12,3.170524,OPT,1.971966,OPT,OPT,12,order,648,648,7254,7267,7254,7189,0.0,0.8961,"Base,Sym",YES,2,158256,197267,3101204,0.105886,2.594036,True,2,95605,118700,1713694,0.114789,1.426281,True
P_6oP_8,PoP,54,95,12,12,2.762059,OPT,2.899661,OPT,OPT,12,none,648,648,6839,6839,6839,6839,0.0,0.0,"Sym,Base",YES,2,136478,168712,2449088,0.086774,2.220026,True,2,136478,168712,2449088,0.102455,2.333962,True
C_6oP_8,CoP,54,96,12,12,3.134305,OPT,2.793552,OPT,OPT,12,order,648,648,7110,7123,7110,7045,0.0,0.9142,"Base,Sym",YES,2,136298,168962,2477482,0.117736,2.521814,True,2,132244,162675,2478198,0.10511,2.223942,True
P_6oC_8,PoC,54,101,12,12,3.303125,OPT,4.048641,OPT,OPT,12,none,648,648,6983,6983,6983,6983,0.0,0.0,"Sym,Base",YES,2,137523,167887,2651200,0.094521,2.727947,True,2,137523,167887,2651200,0.138188,3.024252,True
C_6xC_9,CxC,54,108,7,7,2.452019,OPT,1.295766,OPT,OPT,7,order,378,378,4428,4436,4428,4402,0.0,0.5872,"Base,Sym",YES,3,46907,72084,1874132,0.1259,1.698847,True,3,22129,35468,824254,0.124537,0.531258,True
C_6xP_9,CxP,54,102,7,7,0.703831,OPT,0.722937,OPT,OPT,7,order,378,378,4104,4112,4104,4088,0.0,0.3899,"Sym,Base",YES,3,1295,1903,35426,0.094739,0.015151,True,3,1369,1968,36623,0.134684,0.020869,True
P_6xP_9,PxP,54,93,6,6,0.61521,OPT,0.742659,OPT,OPT,6,none,324,324,3143,3143,3143,3143,0.0,0.0,"Base,Sym",YES,3,145,266,3411,0.079462,0.001863,True,3,145,266,3411,0.063926,0.001334,True
C_6oC_9,CoC,60,114,13,13,17.847433,OPT,7.648134,OPT,OPT,13,order,780,780,9144,9158,9144,9072,0.0,0.7874,"Sym,Base",YES,2,574723,694915,10853723,0.143775,17.115196,True,2,287743,361499,5312200,0.219059,6.861089,True
P_6oP_9,PoP,60,107,13,13,11.152588,OPT,10.682319,OPT,OPT,13,none,780,780,8668,8668,8668,8668,0.0,0.0,"Base,Sym",YES,2,459572,567536,8291209,0.101933,10.283306,True,2,459572,567536,8291209,0.102303,9.885522,True
C_6oP_9,CoP,60,108,13,13,12.894119,OPT,8.191963,OPT,OPT,13,order,780,780,8988,9002,8988,8916,0.0,0.8011,"Sym,Base",YES,2,563210,703723,10172421,0.108539,12.096919,True,2,370387,458278,6733700,0.155989,7.358214,True
P_6oC_9,PoC,60,113,13,13,9.982317,OPT,14.289198,OPT,OPT,13,none,780,780,8824,8824,8824,8824,0.0,0.0,"Base,Sym",YES,2,400286,496805,7351996,0.114172,9.144937,True,2,400286,496805,7351996,0.122877,13.445722,True
C_6xC_10,CxC,60,120,7,7,0.873207,OPT,1.308945,OPT,OPT,7,order,420,420,4920,4928,4920,4894,0.0,0.5285,"Sym,Base",YES,3,2484,3996,80348,0.107658,0.032606,True,3,2046,3502,68435,0.236069,0.04011,True
C_6xP_10,CxP,60,114,7,7,1.102838,OPT,0.829756,OPT,OPT,7,order,420,420,4596,4604,4596,4580,0.0,0.3481,"Base,Sym",YES,3,1551,2310,42013,0.191419,0.041863,True,3,1489,2143,39867,0.106884,0.019452,True
P_6xP_10,PxP,60,104,6,6,0.838124,OPT,1.131339,OPT,OPT,6,none,360,360,3522,3522,3522,3522,0.0,0.0,"Sym,Base",YES,3,147,274,3644,0.06669,0.001366,True,3,147,274,3644,0.154364,0.002686,True
C_6oC_10,CoC,66,126,14,14,75.965299,OPT,51.395228,OPT,OPT,14,order,924,924,11316,11331,11316,11237,0.0,0.6981,"Base,Sym",YES,2,2022884,2508686,37182889,0.171572,75.299982,True,2,1779804,2240625,33172626,0.276796,50.088775,True
P_6oP_10,PoP,66,119,14,14,51.140105,OPT,54.888307,OPT,OPT,14,none,924,924,10775,10775,10775,10775,0.0,0.0,"Sym,Base",YES,2,1549720,1928955,28219742,0.147746,50.238094,True,2,1549720,1928955,28219742,0.141157,53.94871,True
C_6oP_10,CoP,66,120,14,14,102.138772,OPT,72.436121,OPT,OPT,14,order,924,924,11148,11163,11148,11069,0.0,0.7086,"Base,Sym",YES,2,2620332,3216599,48374929,0.304006,100.85295,True,2,2400103,2998438,45835846,0.136011,71.490056,True
P_6oC_10,PoC,66,125,14,14,66.371185,OPT,67.0646,OPT,OPT,14,none,924,924,10943,10943,10943,10943,0.0,0.0,"Sym,Base",YES,2,1994793,2405281,36417416,0.139682,65.357281,True,2,1994793,2405281,36417416,0.181947,66.137995,True
C_7xC_3,CxC,21,42,8,8,1.02175,OPT,0.688744,OPT,OPT,8,order,168,168,1764,1773,1764,1743,0.0,1.1905,"Base,Sym",YES,3,4606,6415,92720,0.055715,0.064975,True,3,3310,4741,65915,0.028331,0.044661,True
C_7xP_3,CxP,21,35,6,6,0.734032,OPT,0.570775,OPT,OPT,6,order,126,126,1162,1169,1162,1145,0.0,1.463,"Sym,Base",YES,3,126,193,1884,0.035115,0.003663,True,3,84,131,1419,0.044847,0.000769,True
P_7xP_3,PxP,21,32,6,6,0.605169,OPT,0.589475,OPT,OPT,6,none,126,126,1035,1035,1035,1035,0.0,0.0,"Base,Sym",YES,2,82,117,1263,0.018846,0.003134,True,2,82,117,1263,0.012377,0.000545,True
C_7oC_3,CoC,28,49,8,8,0.718051,OPT,0.567827,OPT,OPT,8,order,224,224,1862,1871,1862,1833,0.0,1.5575,"Sym,Base",YES,2,3129,5738,67075,0.028687,0.034507,True,2,1747,3118,35378,0.037983,0.021824,True
P_7oP_3,PoP,28,41,7,7,0.697461,OPT,0.729674,OPT,OPT,7,none,196,196,1454,1454,1454,1454,0.0,0.0,"Base,Sym",YES,2,565,889,8090,0.052176,0.00555,True,2,565,889,8090,0.031292,0.003364,True
C_7oP_3,CoP,28,42,7,7,0.585824,OPT,0.581903,OPT,OPT,7,order,196,196,1540,1548,1540,1510,0.0,1.9481,"Sym,Base",YES,2,564,897,9573,0.023583,0.003722,True,2,353,585,6256,0.029447,0.002219,True
P_7oC_3,PoC,28,48,7,7,0.722872,OPT,0.756923,OPT,OPT,7,none,196,196,1552,1552,1552,1552,0.0,0.0,"Base,Sym",YES,2,305,481,3608,0.036254,0.005346,True,2,305,481,3608,0.02635,0.003251,True
C_7xC_4,CxC,28,56,7,7,0.648795,OPT,0.577116,OPT,OPT,7,order,196,196,2184,2192,2184,2160,0.0,1.0989,"Sym,Base",YES,2,432,588,8256,0.035654,0.006145,True,2,374,512,7255,0.056147,0.003815,True
C_7xP_4,CxP,28,49,6,6,0.621099,OPT,0.602817,OPT,OPT,6,order,168,168,1659,1666,1659,1642,0.0,1.0247,"Base,Sym",YES,3,117,195,2110,0.054768,0.001154,True,3,226,343,4561,0.037937,0.001751,True
P_7xP_4,PxP,28,45,6,6,0.691783,OPT,0.529292,OPT,OPT,6,none,168,168,1485,1485,1485,1485,0.0,0.0,"Sym,Base",YES,3,113,172,1749,0.038892,0.001011,True,3,113,172,1749,0.030597,0.000734,True
C_7oC_4,CoC,35,63,8,8,0.671757,OPT,0.617899,OPT,OPT,8,order,280,280,2513,2522,2513,2476,0.0,1.4723,"Base,Sym",YES,3,1141,1712,18784,0.103177,0.014627,True,3,1132,1756,20711,0.051263,0.012583,True
P_7oP_4,PoP,35,55,8,8,0.652761,OPT,0.583959,OPT,OPT,8,none,280,280,2286,2286,2286,2286,0.0,0.0,"Sym,Base",YES,2,1193,1677,19540,0.049198,0.009936,True,2,1193,1677,19540,0.052357,0.014012,True
C_7oP_4,CoP,35,56,8,8,0.560058,OPT,0.596697,OPT,OPT,8,order,280,280,2401,2410,2401,2364,0.0,1.541,"Base,Sym",YES,2,1078,1527,16534,0.048988,0.009179,True,2,1432,1999,22185,0.039785,0.011451,True
P_7oC_4,PoC,35,62,8,8,0.632466,OPT,0.653848,OPT,OPT,8,none,280,280,2398,2398,2398,2398,0.0,0.0,"Sym,Base",YES,3,1097,1615,18519,0.053336,0.008857,True,3,1097,1615,18519,0.065323,0.014363,True
C_7xC_5,CxC,35,70,7,7,0.602385,OPT,0.618165,OPT,OPT,7,order,245,245,2870,2878,2870,2844,0.0,0.9059,"Base,Sym",YES,3,1387,2024,34641,0.08561,0.01596,True,3,803,1192,21087,0.065969,0.007295,True
C_7xP_5,CxP,35,63,6,6,0.605233,OPT,0.580386,OPT,OPT,6,order,210,210,2156,2163,2156,2139,0.0,0.7885,"Sym,Base",YES,3,115,209,2333,0.055155,0.002334,True,3,109,188,2362,0.068155,0.001881,True
P_7xP_5,PxP,35,58,6,6,0.531549,OPT,0.651703,OPT,OPT,6,none,210,210,1935,1935,1935,1935,0.0,0.0,"Base,Sym",YES,3,118,197,2113,0.051083,0.0009,True,3,118,197,2113,0.043837,0.0009,True
C_7oC_5,CoC,42,77,9,9,0.599422,OPT,0.561816,OPT,OPT,9,order,378,378,3612,3622,3612,3568,0.0,1.2182,"Sym,Base",YES,2,3287,4455,55072,0.047403,0.029635,True,2,2071,2824,34146,0.059283,0.018056,True
P_7oP_5,PoP,42,69,9,9,0.603512,OPT,0.76665,OPT,OPT,9,none,378,378,3338,3338,3338,3338,0.0,0.0,"Base,Sym",YES,2,3809,5113,64227,0.074476,0.041982,True,2,3809,5113,64227,0.053891,0.031696,True
C_7oP_5,CoP,42,70,9,9,0.671532,OPT,0.648589,OPT,OPT,9,order,378,378,3486,3496,3486,3442,0.0,1.2622,"Sym,Base",YES,2,2996,4068,51190,0.049297,0.024363,True,2,2330,3076,39252,0.058545,0.021029,True
P_7oC_5,PoC,42,76,9,9,0.591442,OPT,0.839393,OPT,OPT,9,none,378,378,3464,3464,3464,3464,0.0,0.0,"Base,Sym",YES,2,2989,4091,49705,0.053526,0.02744,True,2,2989,4091,49705,0.081311,0.033902,True
C_7xC_6,CxC,42,84,8,8,5.780402,OPT,2.911407,OPT,OPT,8,order,336,336,3906,3915,3906,3881,0.0,0.64,"Sym,Base",YES,3,96380,123022,4112728,0.08848,5.088615,True,3,58168,75240,2349852,0.079074,2.326571,True
C_7xP_6,CxP,42,77,6,6,1.151984,OPT,0.702261,OPT,OPT,6,order,252,252,2653,2660,2653,2636,0.0,0.6408,"Base,Sym",YES,3,97,200,2278,0.100899,0.007659,True,3,103,208,2585,0.117251,0.001158,True
P_7xP_6,PxP,42,71,6,6,0.792457,OPT,0.821204,OPT,OPT,6,none,252,252,2385,2385,2385,2385,0.0,0.0,"Sym,Base",YES,3,130,224,2544,0.106956,0.001419,True,3,130,224,2544,0.065683,0.001548,True
C_7oC_6,CoC,49,91,10,10,0.993747,OPT,1.091164,OPT,OPT,10,order,490,490,4956,4967,4956,4905,0.0,1.0291,"Base,Sym",YES,2,11126,14153,197440,0.178037,0.168372,True,2,11257,14205,194115,0.124574,0.225187,True
P_7oP_6,PoP,49,83,10,10,0.928143,OPT,1.195721,OPT,OPT,10,none,490,490,4631,4631,4631,4631,0.0,0.0,"Sym,Base",YES,1,12427,16100,218329,0.036049,0.178093,True,1,12427,16100,218329,0.05079,0.282254,True
C_7oP_6,CoP,49,84,10,10,1.181379,OPT,1.292905,OPT,OPT,10,order,490,490,4816,4827,4816,4765,0.0,1.059,"Base,Sym",YES,2,13981,17833,255005,0.131721,0.252464,True,2,11608,14631,199427,0.178087,0.292314,True
P_7oC_6,PoC,49,90,10,10,0.843447,OPT,0.946763,OPT,OPT,10,none,490,490,4771,4771,4771,4771,0.0,0.0,"Sym,Base",YES,1,11918,15242,206656,0.040101,0.149953,True,1,11918,15242,206656,0.059445,0.181795,True
C_7xC_7,CxC,49,98,6,6,0.90665,OPT,0.906871,OPT,OPT,6,order,294,294,3479,3486,3479,3452,0.0,0.7761,"Base,Sym",YES,3,428,694,12608,0.169805,0.008041,True,3,384,595,11644,0.165173,0.016265,True
C_7xP_7,CxP,49,91,6,6,0.72609,OPT,0.699579,OPT,OPT,6,order,294,294,3150,3157,3150,3133,0.0,0.5397,"Sym,Base",YES,3,112,215,2459,0.103022,0.001991,True,3,128,242,2927,0.13422,0.001407,True
P_7xP_7,PxP,49,84,6,6,0.787518,OPT,0.81795,OPT,OPT,6,none,294,294,2835,2835,2835,2835,0.0,0.0,"Base,Sym",YES,3,144,254,3276,0.073595,0.001747,True,3,144,254,3276,0.062832,0.001671,True
C_7oC_7,CoC,56,105,11,11,1.096354,OPT,1.347677,OPT,OPT,11,order,616,616,6566,6578,6566,6508,0.0,0.8833,"Sym,Base",YES,2,43578,53896,808696,0.096674,0.544834,True,2,53182,66405,984485,0.101808,0.768909,True
P_7oP_7,PoP,56,97,11,11,1.397911,OPT,1.297392,OPT,OPT,11,none,616,616,6186,6186,6186,6186,0.0,0.0,"Base,Sym",YES,2,66704,83272,1271008,0.069512,0.899364,True,2,66704,83272,1271008,0.069733,0.840783,True
C_7oP_7,CoP,56,98,11,11,0.908157,OPT,0.964959,OPT,OPT,11,order,616,616,6412,6424,6412,6354,0.0,0.9046,"Sym,Base",YES,2,36652,45310,634122,0.07433,0.446135,True,2,43677,55001,820180,0.076692,0.491735,True
P_7oC_7,PoC,56,104,11,11,1.487957,OPT,0.995113,OPT,OPT,11,none,616,616,6340,6340,6340,6340,0.0,0.0,"Base,Sym",YES,2,43058,54136,773706,0.102875,0.729334,True,2,43058,54136,773706,0.076003,0.521517,True
C_7xC_8,CxC,56,112,7,7,0.557602,OPT,0.518802,OPT,OPT,7,order,392,392,4592,4600,4592,4566,0.0,0.5662,"Sym,Base",YES,3,2465,4321,95636,0.088916,0.028503,True,3,1785,3076,61521,0.085375,0.021569,True
C_7xP_8,CxP,56,105,6,6,0.488593,OPT,0.566199,OPT,OPT,6,order,336,336,3647,3654,3647,3630,0.0,0.4661,"Base,Sym",YES,3,119,263,2987,0.068646,0.001466,True,3,124,281,3199,0.069083,0.001324,True
P_7xP_8,PxP,56,97,6,6,0.542347,OPT,0.477277,OPT,OPT,6,none,336,336,3285,3285,3285,3285,0.0,0.0,"Sym,Base",YES,3,138,286,3538,0.072375,0.001733,True,3,138,286,3538,0.061306,0.001432,True
C_7oC_8,CoC,63,119,12,12,2.614829,OPT,2.168404,OPT,OPT,12,order,756,756,8463,8476,8463,8398,0.0,0.768,"Base,Sym",YES,2,138765,176298,2572570,0.139327,2.061994,True,2,130378,163609,2445527,0.095832,1.680132,True
P_7oP_8,PoP,63,111,12,12,2.175648,OPT,2.307381,OPT,OPT,12,none,756,756,8024,8024,8024,8024,0.0,0.0,"Sym,Base",YES,2,123865,154216,2299232,0.09464,1.657773,True,2,123865,154216,2299232,0.102106,1.788936,True
C_7oP_8,CoP,63,112,12,12,2.287959,OPT,1.965248,OPT,OPT,12,order,756,756,8295,8308,8295,8230,0.0,0.7836,"Base,Sym",YES,2,121364,150689,2227087,0.103898,1.778677,True,2,112293,139726,2101660,0.09493,1.480512,True
P_7oC_8,PoC,63,118,12,12,2.219588,OPT,2.23709,OPT,OPT,12,none,756,756,8192,8192,8192,8192,0.0,0.0,"Sym,Base",YES,2,112075,138436,2134996,0.093361,1.707983,True,2,112075,138436,2134996,0.101794,1.736654,True
C_7xC_9,CxC,63,126,8,8,168.794546,OPT,44.344465,OPT,OPT,8,order,504,504,5859,5868,5859,5834,0.0,0.4267,"Base,Sym",YES,3,1057491,1346937,58181717,0.095871,168.248529,True,3,511826,668523,27209733,0.090777,43.469398,True
C_7xP_9,CxP,63,119,6,6,0.605506,OPT,0.494958,OPT,OPT,6,order,378,378,4144,4151,4144,4127,0.0,0.4102,"Sym,Base",YES,3,140,323,3463,0.090605,0.001784,True,3,131,269,3682,0.084009,0.001619,True
P_7xP_9,PxP,63,110,6,6,0.478732,OPT,0.538456,OPT,OPT,6,none,378,378,3735,3735,3735,3735,0.0,0.0,"Base,Sym",YES,3,153,308,3550,0.065055,0.001649,True,3,153,308,3550,0.07181,0.002286,True
C_7oC_9,CoC,70,133,13,13,7.773741,OPT,7.457801,OPT,OPT,13,order,910,910,10668,10682,10668,10596,0.0,0.6749,"Sym,Base",YES,2,385696,476834,7077039,0.128792,7.252031,True,2,414539,528058,7783220,0.17809,6.842668,True
P_7oP_9,PoP,70,125,13,13,9.697927,OPT,9.284273,OPT,OPT,13,none,910,910,10166,10166,10166,10166,0.0,0.0,"Base,Sym",YES,2,443190,555315,8284363,0.158578,9.056552,True,2,443190,555315,8284363,0.12147,8.757636,True
C_7oP_9,CoP,70,126,13,13,14.204111,OPT,14.124866,OPT,OPT,13,order,910,910,10486,10500,10486,10414,0.0,0.6866,"Sym,Base",YES,2,414866,514240,7449107,0.21669,12.044162,True,2,674780,839397,13325913,0.146744,13.549045,True
P_7oC_9,PoC,70,132,13,13,9.0146,OPT,9.450009,OPT,OPT,13,none,910,910,10348,10348,10348,10348,0.0,0.0,"Base,Sym",YES,2,367850,459753,6989342,0.225913,8.260206,True,2,367850,459753,6989342,0.207317,8.58857,True
C_7xC_10,CxC,70,140,7,7,0.633132,OPT,0.793744,OPT,OPT,7,order,490,490,5740,5748,5740,5714,0.0,0.453,"Sym,Base",YES,3,5993,10839,232574,0.099641,0.076072,True,3,10722,18869,399101,0.137826,0.176755,True
C_7xP_10,CxP,70,133,6,6,0.511325,OPT,0.562639,OPT,OPT,6,order,420,420,4641,4648,4641,4624,0.0,0.3663,"Base,Sym",YES,3,173,474,6215,0.09566,0.002145,True,3,149,307,4280,0.098925,0.002196,True
P_7xP_10,PxP,70,123,6,6,0.55783,OPT,0.543385,OPT,OPT,6,none,420,420,4185,4185,4185,4185,0.0,0.0,"Sym,Base",YES,3,162,311,4063,0.076636,0.001702,True,3,162,311,4063,0.088046,0.003395,True
C_7oC_10,CoC,77,147,14,14,78.984798,OPT,42.386917,OPT,OPT,14,order,1078,1078,13202,13217,13202,13123,0.0,0.5984,"Base,Sym",YES,2,2920617,3623649,54175564,0.221238,78.307519,True,2,1785773,2249509,33131461,0.159721,41.428521,True
P_7oP_10,PoP,77,139,14,14,51.858654,OPT,50.852991,OPT,OPT,14,none,1078,1078,12633,12633,12633,12633,0.0,0.0,"Sym,Base",YES,2,2021854,2473681,36053270,0.151386,50.861198,True,2,2021854,2473681,36053270,0.191471,49.884737,True
C_7oP_10,CoP,77,140,14,14,67.771496,OPT,60.01954,OPT,OPT,14,order,1078,1078,13006,13021,13006,12927,0.0,0.6074,"Base,Sym",YES,2,2772410,3413646,51121459,0.236286,66.587994,True,2,2182063,2731406,41300821,0.172507,59.054402,True
P_7oC_10,PoC,77,146,14,14,54.797978,OPT,54.302615,OPT,OPT,14,none,1078,1078,12829,12829,12829,12829,0.0,0.0,"Sym,Base",YES,2,2082696,2566416,37234786,0.152742,53.844305,True,2,2082696,2566416,37234786,0.16026,53.381195,True
C_8xC_3,CxC,24,48,7,7,0.812305,OPT,0.639381,OPT,OPT,7,order,168,168,1776,1784,1776,1754,0.0,1.2387,"Base,Sym",YES,3,346,496,5943,0.055262,0.003052,True,3,251,382,4520,0.04036,0.001798,True
C_8xP_3,CxP,24,40,6,6,0.588569,OPT,0.654592,OPT,OPT,6,order,144,144,1328,1335,1328,1311,0.0,1.2801,"Sym,Base",YES,3,152,232,2722,0.036177,0.001202,True,3,89,140,1824,0.038689,0.00091,True
P_8xP_3,PxP,24,37,6,6,0.496992,OPT,0.544848,OPT,OPT,6,none,144,144,1201,1201,1201,1201,0.0,0.0,"Base,Sym",YES,2,98,138,1382,0.020754,0.001018,True,2,98,138,1382,0.016395,0.00074,True
C_8oC_3,CoC,32,56,7,7,0.553215,OPT,0.734563,OPT,OPT,7,order,224,224,1872,1880,1872,1842,0.0,1.6026,"Sym,Base",YES,2,250,381,3677,0.025658,0.001452,True,2,259,440,3698,0.027561,0.001417,True
P_8oP_3,PoP,32,47,7,7,0.504768,OPT,0.589366,OPT,OPT,7,none,224,224,1674,1674,1674,1674,0.0,0.0,"Base,Sym",YES,2,550,843,9440,0.028666,0.00492,True,2,550,843,9440,0.023364,0.004276,True
C_8oP_3,CoP,32,48,7,7,0.567267,OPT,0.502325,OPT,OPT,7,order,224,224,1760,1768,1760,1730,0.0,1.7045,"Sym,Base",YES,2,488,793,8429,0.021917,0.00309,True,2,401,686,6754,0.032357,0.003307,True
P_8oC_3,PoC,32,55,7,7,0.707368,OPT,0.519969,OPT,OPT,7,none,224,224,1786,1786,1786,1786,0.0,0.0,"Base,Sym",YES,2,260,402,3296,0.027576,0.001846,True,2,260,402,3296,0.032181,0.001581,True
C_8xC_4,CxC,32,64,7,7,0.544526,OPT,0.531323,OPT,OPT,7,order,224,224,2496,2504,2496,2472,0.0,0.9615,"Sym,Base",YES,2,433,591,8257,0.040098,0.003233,True,2,382,518,7122,0.055102,0.004589,True
C_8xP_4,CxP,32,56,7,7,0.737735,OPT,0.586079,OPT,OPT,7,order,224,224,2192,2200,2192,2176,0.0,0.7299,"Base,Sym",YES,3,1494,2180,42105,0.044915,0.015341,True,3,830,1302,22365,0.043565,0.00746,True
P_8xP_4,PxP,32,52,6,6,0.600291,OPT,0.487461,OPT,OPT,6,none,192,192,1722,1722,1722,1722,0.0,0.0,"Sym,Base",YES,3,116,186,2089,0.044866,0.001083,True,3,116,186,2089,0.040476,0.001219,True
C_8oC_4,CoC,40,72,8,8,0.88978,OPT,0.817025,OPT,OPT,8,order,320,320,2872,2881,2872,2835,0.0,1.2883,"Base,Sym",YES,3,1193,1750,18606,0.310204,0.01947,True,3,907,1454,16153,0.057535,0.005588,True
P_8oP_4,PoP,40,63,8,8,0.589735,OPT,0.498142,OPT,OPT,8,none,320,320,2629,2629,2629,2629,0.0,0.0,"Sym,Base",YES,2,1060,1528,17570,0.049027,0.008735,True,2,1060,1528,17570,0.039941,0.009129,True
C_8oP_4,CoP,40,64,8,8,0.637378,OPT,0.784253,OPT,OPT,8,order,320,320,2744,2753,2744,2707,0.0,1.3484,"Base,Sym",YES,2,898,1307,14358,0.037849,0.156573,True,2,775,1154,12082,0.050278,0.006122,True
P_8oC_4,PoC,40,71,8,8,0.616667,OPT,0.888464,OPT,OPT,8,none,320,320,2757,2757,2757,2757,0.0,0.0,"Sym,Base",YES,3,842,1237,12703,0.065664,0.007036,True,3,842,1237,12703,0.111255,0.02691,True
C_8xC_5,CxC,40,80,7,7,0.714473,OPT,0.685013,OPT,OPT,7,order,280,280,3280,3288,3280,3254,0.0,0.7927,"Base,Sym",YES,3,1442,2175,36533,0.093174,0.016338,True,3,1104,1851,28516,0.072125,0.010857,True
C_8xP_5,CxP,40,72,7,7,0.627279,OPT,0.827638,OPT,OPT,7,order,280,280,2848,2856,2848,2832,0.0,0.5618,"Sym,Base",YES,3,1413,2020,44075,0.069591,0.014637,True,3,1003,1518,31220,0.088115,0.012411,True
P_8xP_5,PxP,40,67,6,6,0.635833,OPT,0.692643,OPT,OPT,6,none,240,240,2243,2243,2243,2243,0.0,0.0,"Base,Sym",YES,3,110,187,2081,0.070676,0.001263,True,3,110,187,2081,0.04902,0.000918,True
C_8oC_5,CoC,48,88,9,9,0.481137,OPT,0.700278,OPT,OPT,9,order,432,432,4128,4138,4128,4084,0.0,1.0659,"Sym,Base",YES,2,3604,4876,61387,0.049918,0.027238,True,2,3064,4214,53525,0.087573,0.022342,True
P_8oP_5,PoP,48,79,9,9,0.493517,OPT,0.481595,OPT,OPT,9,none,432,432,3836,3836,3836,3836,0.0,0.0,"Base,Sym",YES,2,3989,5390,68876,0.045831,0.02915,True,2,3989,5390,68876,0.041903,0.028014,True
C_8oP_5,CoP,48,80,9,9,0.500145,OPT,0.681528,OPT,OPT,9,order,432,432,3984,3994,3984,3940,0.0,1.1044,"Sym,Base",YES,2,3087,4257,50952,0.050186,0.02365,True,2,3237,4304,57186,0.182445,0.07583,True
P_8oC_5,PoC,48,87,9,9,0.497583,OPT,0.459562,OPT,OPT,9,none,432,432,3980,3980,3980,3980,0.0,0.0,"Base,Sym",YES,2,2796,3963,48937,0.049678,0.020107,True,2,2796,3963,48937,0.045262,0.019426,True
C_8xC_6,CxC,48,96,7,7,0.496338,OPT,0.76023,OPT,OPT,7,order,336,336,3936,3944,3936,3910,0.0,0.6606,"Sym,Base",YES,3,1601,2814,53802,0.071831,0.018955,True,3,777,1135,24541,0.150404,0.011178,True
C_8xP_6,CxP,48,88,7,7,0.530874,OPT,0.471212,OPT,OPT,7,order,336,336,3504,3512,3504,3488,0.0,0.4566,"Base,Sym",YES,3,1548,2413,51045,0.083685,0.016051,True,3,1490,2200,50617,0.059311,0.016322,True
P_8xP_6,PxP,48,82,6,6,0.531641,OPT,0.616931,OPT,OPT,6,none,288,288,2764,2764,2764,2764,0.0,0.0,"Sym,Base",YES,3,118,222,2597,0.051306,0.001066,True,3,118,222,2597,0.053112,0.001123,True
C_8oC_6,CoC,56,104,10,10,0.559554,OPT,0.556289,OPT,OPT,10,order,560,560,5664,5675,5664,5613,0.0,0.9004,"Base,Sym",YES,1,10223,13190,186672,0.031876,0.100257,True,1,10681,13551,190276,0.032804,0.096201,True
P_8oP_6,PoP,56,95,10,10,0.576185,OPT,0.741081,OPT,OPT,10,none,560,560,5319,5319,5319,5319,0.0,0.0,"Sym,Base",YES,1,12320,15656,213920,0.031977,0.106893,True,1,12320,15656,213920,0.031186,0.289839,True
C_8oP_6,CoP,56,96,10,10,0.620269,OPT,0.493684,OPT,OPT,10,order,560,560,5504,5515,5504,5453,0.0,0.9266,"Base,Sym",YES,1,14066,17799,245352,0.033394,0.17896,True,1,8133,10307,136088,0.030867,0.068575,True
P_8oC_6,PoC,56,103,10,10,0.519732,OPT,0.567256,OPT,OPT,10,none,560,560,5479,5479,5479,5479,0.0,0.0,"Sym,Base",YES,1,11862,15189,217332,0.031141,0.111764,True,1,11862,15189,217332,0.033591,0.124542,True
C_8xC_7,CxC,56,112,7,7,0.753069,OPT,0.508676,OPT,OPT,7,order,392,392,4592,4600,4592,4566,0.0,0.5662,"Base,Sym",YES,3,1447,2163,53529,0.150412,0.022603,True,3,876,1471,32470,0.090438,0.009968,True
C_8xP_7,CxP,56,104,7,7,0.501359,OPT,0.533483,OPT,OPT,7,order,392,392,4160,4168,4160,4144,0.0,0.3846,"Sym,Base",YES,3,1312,2021,49242,0.069633,0.015278,True,3,1295,1973,44898,0.085819,0.0178,True
P_8xP_7,PxP,56,97,6,6,0.476362,OPT,0.467945,OPT,OPT,6,none,336,336,3285,3285,3285,3285,0.0,0.0,"Base,Sym",YES,3,127,264,3262,0.062784,0.00145,True,3,127,264,3262,0.055288,0.001222,True
C_8oC_7,CoC,64,120,11,11,1.197041,OPT,1.167292,OPT,OPT,11,order,704,704,7504,7516,7504,7446,0.0,0.7729,"Sym,Base",YES,2,56881,71059,1086443,0.087801,0.676259,True,2,46466,58213,876387,0.110648,0.475256,True
P_8oP_7,PoP,64,111,11,11,1.351662,OPT,1.185927,OPT,OPT,11,none,704,704,7102,7102,7102,7102,0.0,0.0,"Base,Sym",YES,2,60282,75612,1099476,0.099191,0.838058,True,2,60282,75612,1099476,0.082135,0.694051,True
C_8oP_7,CoP,64,112,11,11,0.933717,OPT,1.124631,OPT,OPT,11,order,704,704,7328,7340,7328,7270,0.0,0.7915,"Sym,Base",YES,2,35480,43944,641059,0.08747,0.418782,True,2,37305,47072,644026,0.110122,0.399676,True
P_8oC_7,PoC,64,119,11,11,1.050789,OPT,0.93731,OPT,OPT,11,none,704,704,7278,7278,7278,7278,0.0,0.0,"Base,Sym",YES,2,36934,45955,688529,0.090483,0.544962,True,2,36934,45955,688529,0.089712,0.457366,True
C_8xC_8,CxC,64,128,7,7,0.511075,OPT,0.693491,OPT,OPT,7,order,448,448,5248,5256,5248,5222,0.0,0.4954,"Sym,Base",YES,3,2313,3952,82965,0.093174,0.025627,True,3,2428,4158,84051,0.122138,0.031046,True
C_8xP_8,CxP,64,120,7,7,0.529228,OPT,0.518163,OPT,OPT,7,order,448,448,4816,4824,4816,4800,0.0,0.3322,"Base,Sym",YES,3,1300,2032,49123,0.092794,0.015615,True,3,1341,2076,48371,0.083129,0.015299,True
P_8xP_8,PxP,64,112,6,6,0.468855,OPT,0.534415,OPT,OPT,6,none,384,384,3806,3806,3806,3806,0.0,0.0,"Sym,Base",YES,3,145,290,3636,0.066509,0.001382,True,3,145,290,3636,0.105539,0.001693,True
C_8oC_8,CoC,72,136,12,12,3.054501,OPT,2.376609,OPT,OPT,12,order,864,864,9672,9685,9672,9607,0.0,0.672,"Base,Sym",YES,2,159845,202366,2908490,0.12963,2.276105,True,2,129810,160017,2399296,0.112482,1.885513,True
P_8oP_8,PoP,72,127,12,12,2.424272,OPT,2.729938,OPT,OPT,12,none,864,864,9209,9209,9209,9209,0.0,0.0,"Sym,Base",YES,2,139394,173083,2557112,0.10535,1.923758,True,2,139394,173083,2557112,0.1139,2.164225,True
C_8oP_8,CoP,72,128,12,12,4.883592,OPT,4.10455,OPT,OPT,12,order,864,864,9480,9493,9480,9415,0.0,0.6857,"Base,Sym",YES,2,152718,191813,2786187,0.417494,3.69608,True,2,156370,194909,2926894,0.226693,3.301575,True
P_8oC_8,PoC,72,135,12,12,2.518655,OPT,2.713593,OPT,OPT,12,none,864,864,9401,9401,9401,9401,0.0,0.0,"Sym,Base",YES,2,133025,166164,2491784,0.107632,2.030246,True,2,133025,166164,2491784,0.141983,2.000861,True
C_8xC_9,CxC,72,144,7,7,0.588576,OPT,0.565101,OPT,OPT,7,order,504,504,5904,5912,5904,5878,0.0,0.4404,"Base,Sym",YES,3,1452,2404,55748,0.118656,0.021637,True,3,788,1335,28822,0.120305,0.009033,True
C_8xP_9,CxP,72,136,7,7,0.502388,OPT,0.865026,OPT,OPT,7,order,504,504,5472,5480,5472,5456,0.0,0.2924,"Sym,Base",YES,3,1388,2220,50228,0.090983,0.016137,True,3,1379,2170,50453,0.129852,0.016789,True
P_8xP_9,PxP,72,127,6,6,0.499855,OPT,0.503132,OPT,OPT,6,none,432,432,4327,4327,4327,4327,0.0,0.0,"Base,Sym",YES,3,174,359,4266,0.083226,0.001683,True,3,174,359,4266,0.073696,0.001829,True
C_8oC_9,CoC,80,152,13,13,9.347218,OPT,6.065634,OPT,OPT,13,order,1040,1040,12192,12206,12192,12120,0.0,0.5906,"Sym,Base",YES,2,461282,585559,8439477,0.357045,8.517291,True,2,298320,376098,5566858,0.183659,5.435733,True
P_8oP_9,PoP,80,143,13,13,7.845143,OPT,7.78932,OPT,OPT,13,none,1040,1040,11664,11664,11664,11664,0.0,0.0,"Base,Sym",YES,2,404923,506409,7626231,0.177037,7.176216,True,2,404923,506409,7626231,0.138525,7.264524,True
C_8oP_9,CoP,80,144,13,13,16.006,OPT,8.610067,OPT,OPT,13,order,1040,1040,11984,11998,11984,11912,0.0,0.6008,"Sym,Base",YES,2,801466,998032,15024068,0.144894,15.442102,True,2,443278,564273,8152721,0.190878,7.984958,True
P_8oC_9,PoC,80,151,13,13,14.450607,OPT,14.515093,OPT,OPT,13,none,1040,1040,11872,11872,11872,11872,0.0,0.0,"Base,Sym",YES,2,676375,841423,12645694,0.196537,13.729118,True,2,676375,841423,12645694,0.140065,13.611233,True
C_8xC_10,CxC,80,160,7,7,0.574607,OPT,0.635218,OPT,OPT,7,order,560,560,6560,6568,6560,6534,0.0,0.3963,"Sym,Base",YES,3,1373,2342,53838,0.13767,0.016497,True,3,1016,1840,39732,0.159226,0.014134,True
C_8xP_10,CxP,80,152,7,7,0.578912,OPT,0.734161,OPT,OPT,7,order,560,560,6128,6136,6128,6112,0.0,0.2611,"Base,Sym",YES,3,1525,2575,51875,0.124524,0.019499,True,3,1492,2427,50631,0.115087,0.016256,True
P_8xP_10,PxP,80,142,6,6,0.534923,OPT,0.529085,OPT,OPT,6,none,480,480,4848,4848,4848,4848,0.0,0.0,"Sym,Base",YES,3,205,433,5175,0.082719,0.001918,True,3,205,433,5175,0.094487,0.001997,True
C_8oC_10,CoC,88,168,14,14,81.918661,OPT,62.060392,OPT,OPT,14,order,1232,1232,15088,15103,15088,15009,0.0,0.5236,"Base,Sym",YES,2,3092834,3887485,57193485,0.358408,81.08714,True,2,2708667,3322913,51196151,0.183229,61.079638,True
P_8oP_10,PoP,88,159,14,14,57.198401,OPT,57.00827,OPT,OPT,14,none,1232,1232,14491,14491,14491,14491,0.0,0.0,"Sym,Base",YES,2,2271504,2807745,41711935,0.220933,56.471396,True,2,2271504,2807745,41711935,0.181351,56.064023,True
C_8oP_10,CoP,88,160,14,14,63.764456,OPT,44.45692,OPT,OPT,14,order,1232,1232,14864,14879,14864,14785,0.0,0.5315,"Base,Sym",YES,2,2424497,3032696,44085262,0.241836,63.070972,True,2,1920066,2442646,35063535,0.180915,43.869535,True
P_8oC_10,PoC,88,167,14,14,68.786256,OPT,66.104113,OPT,OPT,14,none,1232,1232,14715,14715,14715,14715,0.0,0.0,"Sym,Base",YES,2,2449415,3049397,45521047,0.178114,67.817952,True,2,2449415,3049397,45521047,0.232478,65.405283,True
C_9xC_3,CxC,27,54,8,8,0.863916,OPT,0.528365,OPT,OPT,8,order,216,216,2268,2277,2268,2247,0.0,0.9259,"Base,Sym",YES,3,9915,14058,213149,0.046764,0.133859,True,3,5285,7574,112854,0.039839,0.055075,True
C_9xP_3,CxP,27,45,6,6,0.569468,OPT,0.436414,OPT,OPT,6,order,162,162,1494,1501,1494,1477,0.0,1.1379,"Sym,Base",YES,3,406,656,8165,0.036807,0.003725,True,3,366,606,8036,0.025207,0.002739,True
P_9xP_3,PxP,27,42,6,6,0.44292,OPT,0.520175,OPT,OPT,6,none,162,162,1367,1367,1367,1367,0.0,0.0,"Base,Sym",YES,2,93,130,1394,0.018751,0.000581,True,2,93,130,1394,0.01652,0.000573,True
C_9oC_3,CoC,36,63,8,8,0.52657,OPT,0.452785,OPT,OPT,8,order,288,288,2394,2403,2394,2365,0.0,1.2114,"Sym,Base",YES,2,4176,8310,94657,0.028623,0.037178,True,2,3121,6038,70593,0.027366,0.024778,True
P_9oP_3,PoP,36,53,7,7,0.439565,OPT,0.470003,OPT,OPT,7,none,252,252,1894,1894,1894,1894,0.0,0.0,"Base,Sym",YES,2,448,706,7825,0.027965,0.002605,True,2,448,706,7825,0.023649,0.002685,True
C_9oP_3,CoP,36,54,7,7,0.589234,OPT,0.457615,OPT,OPT,7,order,252,252,1980,1988,1980,1950,0.0,1.5152,"Sym,Base",YES,2,414,678,6453,0.031693,0.002593,True,2,291,495,4712,0.023763,0.001699,True
P_9oC_3,PoC,36,62,7,7,0.433762,OPT,0.471602,OPT,OPT,7,none,252,252,2020,2020,2020,2020,0.0,0.0,"Base,Sym",YES,2,343,545,4121,0.022579,0.001612,True,2,343,545,4121,0.026043,0.001668,True
C_9xC_4,CxC,36,72,7,7,0.507364,OPT,0.46941,OPT,OPT,7,order,252,252,2808,2816,2808,2784,0.0,0.8547,"Sym,Base",YES,3,429,604,7849,0.057952,0.002996,True,3,363,558,7135,0.05203,0.003284,True
C_9xP_4,CxP,36,63,7,7,0.457526,OPT,0.65877,OPT,OPT,7,order,252,252,2466,2474,2466,2450,0.0,0.6488,"Base,Sym",YES,2,1649,2490,48257,0.028554,0.016469,True,2,847,1262,26206,0.040601,0.009728,True
P_9xP_4,PxP,36,59,6,6,0.516174,OPT,0.4928,OPT,OPT,6,none,216,216,1959,1959,1959,1959,0.0,0.0,"Sym,Base",YES,3,131,219,2152,0.03743,0.000921,True,3,131,219,2152,0.037134,0.001303,True
C_9oC_4,CoC,45,81,8,8,0.505034,OPT,0.564013,OPT,OPT,8,order,360,360,3231,3240,3231,3194,0.0,1.1452,"Base,Sym",YES,3,1144,1705,18456,0.071242,0.009882,True,3,1710,2613,27471,0.056379,0.01093,True
P_9oP_4,PoP,45,71,8,8,0.537136,OPT,0.431804,OPT,OPT,8,none,360,360,2972,2972,2972,2972,0.0,0.0,"Sym,Base",YES,2,983,1422,17125,0.043896,0.006532,True,2,983,1422,17125,0.033059,0.006242,True
C_9oP_4,CoP,45,72,8,8,0.47593,OPT,0.557882,OPT,OPT,8,order,360,360,3087,3096,3087,3050,0.0,1.1986,"Base,Sym",YES,2,799,1217,13545,0.055719,0.005337,True,2,1332,1854,21340,0.045383,0.009295,True
P_9oC_4,PoC,45,80,8,8,0.612729,OPT,0.516121,OPT,OPT,8,none,360,360,3116,3116,3116,3116,0.0,0.0,"Sym,Base",YES,3,1163,1770,17577,0.077052,0.007798,True,3,1163,1770,17577,0.079327,0.00774,True
C_9xC_5,CxC,45,90,8,8,1.873712,OPT,0.908322,OPT,OPT,8,order,360,360,4185,4194,4185,4160,0.0,0.5974,"Base,Sym",YES,3,47557,66003,1618017,0.106081,1.275368,True,3,25691,36171,823720,0.065759,0.463029,True
C_9xP_5,CxP,45,81,7,7,0.512752,OPT,0.498364,OPT,OPT,7,order,315,315,3204,3212,3204,3188,0.0,0.4994,"Sym,Base",YES,3,1633,2366,52754,0.057297,0.016734,True,3,1232,1776,38346,0.066468,0.013261,True
P_9xP_5,PxP,45,76,6,6,0.46011,OPT,0.48504,OPT,OPT,6,none,270,270,2551,2551,2551,2551,0.0,0.0,"Base,Sym",YES,3,127,230,2341,0.043779,0.001024,True,3,127,230,2341,0.04668,0.000965,True
C_9oC_5,CoC,54,99,9,9,0.640908,OPT,0.489396,OPT,OPT,9,order,486,486,4644,4654,4644,4600,0.0,0.9475,"Sym,Base",YES,2,3344,4827,60940,0.083229,0.030416,True,2,2329,3264,38934,0.054422,0.02024,True
P_9oP_5,PoP,54,89,9,9,0.516859,OPT,0.518387,OPT,OPT,9,none,486,486,4334,4334,4334,4334,0.0,0.0,"Base,Sym",YES,2,2966,4086,50585,0.058655,0.019552,True,2,2966,4086,50585,0.054604,0.018647,True
C_9oP_5,CoP,54,90,9,9,0.508223,OPT,0.510735,OPT,OPT,9,order,486,486,4482,4492,4482,4438,0.0,0.9817,"Sym,Base",YES,2,3449,4806,58805,0.051417,0.024295,True,2,3955,5341,64453,0.062168,0.026749,True
P_9oC_5,PoC,54,98,9,9,0.535796,OPT,0.539124,OPT,OPT,9,none,486,486,4496,4496,4496,4496,0.0,0.0,"Base,Sym",YES,2,3079,4219,51824,0.076358,0.025432,True,2,3079,4219,51824,0.050145,0.022011,True
C_9xC_6,CxC,54,108,7,7,0.638277,OPT,2.007797,OPT,OPT,7,order,378,378,4428,4436,4428,4402,0.0,0.5872,"Sym,Base",YES,3,9118,15444,311895,0.080286,0.129399,True,3,50261,74256,2038846,0.0889,1.507318,True
C_9xP_6,CxP,54,99,7,7,1.925308,OPT,0.98624,OPT,OPT,7,order,378,378,3942,3950,3942,3926,0.0,0.4059,"Base,Sym",YES,3,1459,2229,52947,0.142835,0.025783,True,3,1325,1955,45942,0.07998,0.01666,True
P_9xP_6,PxP,54,93,6,6,0.815833,OPT,0.756682,OPT,OPT,6,none,324,324,3143,3143,3143,3143,0.0,0.0,"Sym,Base",YES,3,123,250,2838,0.057833,0.001083,True,3,123,250,2838,0.117178,0.00248,True
C_9oC_6,CoC,63,117,10,10,0.797287,OPT,1.058639,OPT,OPT,10,order,630,630,6372,6383,6372,6321,0.0,0.8004,"Base,Sym",YES,1,10908,13952,190298,0.045427,0.117362,True,1,10291,12913,180980,0.066058,0.20664,True
P_9oP_6,PoP,63,107,10,10,0.619795,OPT,0.700523,OPT,OPT,10,none,630,630,6007,6007,6007,6007,0.0,0.0,"Sym,Base",YES,2,13896,17803,241681,0.066334,0.135186,True,2,13896,17803,241681,0.073998,0.188928,True
C_9oP_6,CoP,63,108,10,10,0.773934,OPT,0.898889,OPT,OPT,10,order,630,630,6192,6203,6192,6141,0.0,0.8236,"Base,Sym",YES,1,11993,15429,208737,0.081409,0.230597,True,1,16240,21196,283437,0.072555,0.183611,True
P_9oC_6,PoC,63,116,10,10,0.556319,OPT,0.655981,OPT,OPT,10,none,630,630,6187,6187,6187,6187,0.0,0.0,"Sym,Base",YES,2,10187,13264,188158,0.066775,0.088524,True,2,10187,13264,188158,0.086216,0.110802,True
C_9xC_7,CxC,63,126,8,8,99.574492,OPT,41.075608,OPT,OPT,8,order,504,504,5859,5868,5859,5834,0.0,0.4267,"Base,Sym",YES,3,978890,1252611,53961592,0.121618,98.922879,True,3,582456,752404,31336629,0.067542,40.261957,True
C_9xP_7,CxP,63,117,7,7,0.429093,OPT,0.93361,OPT,OPT,7,order,441,441,4680,4688,4680,4664,0.0,0.3419,"Sym,Base",YES,3,1959,3241,67795,0.059003,0.015204,True,3,1585,2663,58263,0.211052,0.040418,True
P_9xP_7,PxP,63,110,6,6,0.384656,OPT,0.628641,OPT,OPT,6,none,378,378,3735,3735,3735,3735,0.0,0.0,"Base,Sym",YES,3,150,332,3590,0.046259,0.000959,True,3,150,332,3590,0.057357,0.00101,True
C_9oC_7,CoC,72,135,11,11,0.889376,OPT,0.99589,OPT,OPT,11,order,792,792,8442,8454,8442,8384,0.0,0.687,"Sym,Base",YES,2,52953,66055,988147,0.073261,0.504332,True,2,44307,55631,820410,0.113085,0.460222,True
P_9oP_7,PoP,72,125,11,11,0.939014,OPT,0.815059,OPT,OPT,11,none,792,792,8018,8018,8018,8018,0.0,0.0,"Base,Sym",YES,2,36264,45073,662095,0.074842,0.552355,True,2,36264,45073,662095,0.064279,0.43777,True
C_9oP_7,CoP,72,126,11,11,0.968088,OPT,1.076477,OPT,OPT,11,order,792,792,8244,8256,8244,8186,0.0,0.7035,"Sym,Base",YES,2,43868,54576,844177,0.139264,0.399657,True,2,60154,76086,1081229,0.103082,0.662631,True
P_9oC_7,PoC,72,134,11,11,2.21351,OPT,0.928384,OPT,OPT,11,none,792,792,8216,8216,8216,8216,0.0,0.0,"Base,Sym",YES,2,36482,45873,669176,0.130098,0.406087,True,2,36482,45873,669176,0.176279,0.404852,True
C_9xC_8,CxC,72,144,7,7,0.627461,OPT,0.657364,OPT,OPT,7,order,504,504,5904,5912,5904,5878,0.0,0.4404,"Sym,Base",YES,3,4127,7094,161348,0.097519,0.037759,True,3,5258,9291,202400,0.14116,0.125338,True
C_9xP_8,CxP,72,135,7,7,0.424877,OPT,0.544367,OPT,OPT,7,order,504,504,5418,5426,5418,5402,0.0,0.2953,"Base,Sym",YES,3,2287,3913,89390,0.071059,0.02067,True,3,1752,2770,62902,0.114176,0.020419,True
P_9xP_8,PxP,72,127,6,6,0.86046,OPT,0.613847,OPT,OPT,6,none,432,432,4327,4327,4327,4327,0.0,0.0,"Sym,Base",YES,3,165,341,4281,0.089912,0.001845,True,3,165,341,4281,0.091743,0.001637,True
C_9oC_8,CoC,81,153,12,12,2.61496,OPT,1.691152,OPT,OPT,12,order,972,972,10881,10894,10881,10816,0.0,0.5974,"Base,Sym",YES,2,157535,194572,2943152,0.381869,1.75921,True,2,134154,168165,2466943,0.095459,1.289696,True
P_9oP_8,PoP,81,143,12,12,2.011447,OPT,2.506274,OPT,OPT,12,none,972,972,10394,10394,10394,10394,0.0,0.0,"Sym,Base",YES,2,155385,193586,2836659,0.111471,1.553208,True,2,155385,193586,2836659,0.093178,2.107885,True
C_9oP_8,CoP,81,144,12,12,2.598777,OPT,1.887607,OPT,OPT,12,order,972,972,10665,10678,10665,10600,0.0,0.6095,"Base,Sym",YES,2,122689,153368,2247709,0.371204,1.659423,True,2,144079,180274,2631398,0.097481,1.478094,True
P_9oC_8,PoC,81,152,12,12,1.785875,OPT,1.801714,OPT,OPT,12,none,972,972,10610,10610,10610,10610,0.0,0.0,"Sym,Base",YES,2,134588,170388,2501289,0.098458,1.383234,True,2,134588,170388,2501289,0.087515,1.403384,True
C_9xC_9,CxC,81,162,7,7,1.965991,OPT,0.569081,OPT,OPT,7,order,567,567,6642,6650,6642,6616,0.0,0.3914,"Base,Sym",YES,3,76979,118459,3607153,0.091574,1.571601,True,3,14876,25845,596529,0.095839,0.165284,True
C_9xP_9,CxP,81,153,7,7,0.44574,OPT,0.4243,OPT,OPT,7,order,567,567,6156,6164,6156,6140,0.0,0.2599,"Sym,Base",YES,3,2511,4093,88394,0.086564,0.021091,True,3,2246,3779,79671,0.100583,0.019151,True
P_9xP_9,PxP,81,144,6,6,0.365784,OPT,0.394718,OPT,OPT,6,none,486,486,4919,4919,4919,4919,0.0,0.0,"Base,Sym",YES,3,175,403,4991,0.058708,0.001381,True,3,175,403,4991,0.085291,0.001315,True
C_9oC_9,CoC,90,171,13,13,8.361283,OPT,9.395622,OPT,OPT,13,order,1170,1170,13716,13730,13716,13644,0.0,0.5249,"Sym,Base",YES,2,557329,688854,10444350,0.121785,7.880824,True,2,547530,677305,10454377,0.11972,8.974667,True
P_9oP_9,PoP,90,161,13,13,5.941398,OPT,5.677082,OPT,OPT,13,none,1170,1170,13162,13162,13162,13162,0.0,0.0,"Base,Sym",YES,2,399833,506352,7023732,0.14438,5.4237,True,2,399833,506352,7023732,0.126609,5.24712,True
C_9oP_9,CoP,90,162,13,13,8.135415,OPT,5.457275,OPT,OPT,13,order,1170,1170,13482,13496,13482,13410,0.0,0.534,"Sym,Base",YES,2,578770,742941,10290456,0.117493,7.707726,True,2,365854,466287,6823663,0.128749,4.971836,True
P_9oC_9,PoC,90,170,13,13,8.508077,OPT,8.291799,OPT,OPT,13,none,1170,1170,13396,13396,13396,13396,0.0,0.0,"Base,Sym",YES,2,566116,701890,10626212,0.116984,8.056633,True,2,566116,701890,10626212,0.116948,7.881158,True
C_9xC_10,CxC,90,180,10,10,180.063318,FEASIBLE,180.059501,FEASIBLE,FEASIBLE_UB,10,order,900,900,10350,10361,10350,10327,0.0,0.2222,"Sym,Base",UNPROVEN,0,0,0,0,0.0,0.0,False,0,0,0,0,0.0,0.0,False
C_9xP_10,CxP,90,171,7,7,0.891856,OPT,0.460786,OPT,OPT,7,order,630,630,6894,6902,6894,6878,0.0,0.2321,"Base,Sym",YES,3,1642,2698,64242,0.091361,0.01407,True,3,2298,3970,84184,0.109161,0.018291,True
P_9xP_10,PxP,90,161,6,6,0.415018,OPT,0.360771,OPT,OPT,6,none,540,540,5511,5511,5511,5511,0.0,0.0,"Sym,Base",YES,3,167,408,5166,0.074561,0.001492,True,3,167,408,5166,0.064736,0.001316,True
C_9oC_10,CoC,99,189,14,14,75.518266,OPT,54.380281,OPT,OPT,14,order,1386,1386,16974,16989,16974,16895,0.0,0.4654,"Base,Sym",YES,2,4097360,5076282,76738054,0.283674,74.892533,True,2,3176043,3943511,59850484,0.157007,53.405396,True
P_9oP_10,PoP,99,179,14,14,55.391029,OPT,55.21448,OPT,OPT,14,none,1386,1386,16349,16349,16349,16349,0.0,0.0,"Sym,Base",YES,2,2924576,3677462,54195764,0.147524,54.50483,True,2,2924576,3677462,54195764,0.292021,54.261557,True
C_9oP_10,CoP,99,180,14,14,38.53507,OPT,42.205737,OPT,OPT,14,order,1386,1386,16722,16737,16722,16643,0.0,0.4724,"Base,Sym",YES,2,2062604,2593179,36752660,0.15988,37.708067,True,2,2501872,3223012,45614104,0.154217,41.739199,True
P_9oC_10,PoC,99,188,14,14,34.01729,OPT,34.908016,OPT,OPT,14,none,1386,1386,16601,16601,16601,16601,0.0,0.0,"Sym,Base",YES,2,2077862,2577673,38126267,0.149064,33.557801,True,2,2077862,2577673,38126267,0.178657,34.373863,True
C_10xC_3,CxC,30,60,8,8,0.565585,OPT,0.386794,OPT,OPT,8,order,240,240,2520,2529,2520,2499,0.0,0.8333,"Base,Sym",YES,3,12110,17171,268135,0.039743,0.131184,True,3,6048,8878,123335,0.03172,0.044358,True
C_10xP_3,CxP,30,50,6,6,0.343894,OPT,0.3283,OPT,OPT,6,order,180,180,1660,1667,1660,1643,0.0,1.0241,"Sym,Base",YES,3,481,796,11335,0.021953,0.002864,True,3,222,383,4939,0.019158,0.001232,True
P_10xP_3,PxP,30,47,6,6,0.30173,OPT,0.47231,OPT,OPT,6,none,180,180,1533,1533,1533,1533,0.0,0.0,"Base,Sym",YES,2,93,133,1423,0.012128,0.000396,True,2,93,133,1423,0.012186,0.00043,True
C_10oC_3,CoC,40,70,7,7,0.32788,OPT,0.314462,OPT,OPT,7,order,280,280,2340,2348,2340,2310,0.0,1.2821,"Sym,Base",YES,2,446,730,6362,0.020054,0.001723,True,2,232,469,3544,0.019023,0.000987,True
P_10oP_3,PoP,40,59,7,7,0.319954,OPT,0.317825,OPT,OPT,7,none,280,280,2114,2114,2114,2114,0.0,0.0,"Base,Sym",YES,2,490,797,7653,0.01732,0.002063,True,2,490,797,7653,0.017227,0.002017,True
C_10oP_3,CoP,40,60,7,7,0.337095,OPT,0.448676,OPT,OPT,7,order,280,280,2200,2208,2200,2170,0.0,1.3636,"Sym,Base",YES,2,325,603,5244,0.017887,0.001409,True,2,467,749,7803,0.017491,0.001996,True
P_10oC_3,PoC,40,69,7,7,0.31223,OPT,0.328142,OPT,OPT,7,none,280,280,2254,2254,2254,2254,0.0,0.0,"Base,Sym",YES,2,352,600,4442,0.018142,0.001221,True,2,352,600,4442,0.019398,0.001226,True
C_10xC_4,CxC,40,80,7,7,0.348791,OPT,0.49285,OPT,OPT,7,order,280,280,3120,3128,3120,3096,0.0,0.7692,"Sym,Base",YES,2,478,620,8591,0.029217,0.002291,True,2,358,530,6806,0.033809,0.001788,True
C_10xP_4,CxP,40,70,7,7,0.334322,OPT,0.38608,OPT,OPT,7,order,280,280,2740,2748,2740,2724,0.0,0.5839,"Base,Sym",YES,3,2059,3123,62004,0.036065,0.016486,True,3,1093,1695,32529,0.036577,0.007324,True
P_10xP_4,PxP,40,66,6,6,0.352138,OPT,0.457643,OPT,OPT,6,none,240,240,2196,2196,2196,2196,0.0,0.0,"Sym,Base",YES,3,131,234,2319,0.035082,0.001019,True,3,131,234,2319,0.031126,0.000714,True
C_10oC_4,CoC,50,90,8,8,0.330771,OPT,0.367608,OPT,OPT,8,order,400,400,3590,3599,3590,3553,0.0,1.0306,"Base,Sym",YES,3,1170,1758,18832,0.043499,0.005349,True,3,892,1528,14681,0.046812,0.003925,True
P_10oP_4,PoP,50,79,8,8,0.429115,OPT,0.401871,OPT,OPT,8,none,400,400,3315,3315,3315,3315,0.0,0.0,"Sym,Base",YES,2,1157,1723,19639,0.03661,0.006403,True,2,1157,1723,19639,0.033764,0.00557,True
C_10oP_4,CoP,50,80,8,8,0.318269,OPT,0.357689,OPT,OPT,8,order,400,400,3430,3439,3430,3393,0.0,1.0787,"Base,Sym",YES,2,874,1285,15040,0.026948,0.003892,True,2,957,1378,15735,0.028918,0.005223,True
P_10oC_4,PoC,50,89,8,8,0.37953,OPT,0.340548,OPT,OPT,8,none,400,400,3475,3475,3475,3475,0.0,0.0,"Sym,Base",YES,3,1067,1624,16933,0.044867,0.004807,True,3,1067,1624,16933,0.042244,0.004827,True
C_10xC_5,CxC,50,100,8,8,2.355842,OPT,1.123923,OPT,OPT,8,order,400,400,4650,4659,4650,4625,0.0,0.5376,"Base,Sym",YES,3,84290,115319,2986119,0.075214,1.836586,True,3,48353,66580,1642164,0.052212,0.784642,True
C_10xP_5,CxP,50,90,7,7,0.357308,OPT,0.321598,OPT,OPT,7,order,350,350,3560,3568,3560,3544,0.0,0.4494,"Sym,Base",YES,2,1807,2666,63561,0.02947,0.015082,True,2,1376,2078,44113,0.027834,0.009917,True
P_10xP_5,PxP,50,85,6,6,0.45527,OPT,0.355053,OPT,OPT,6,none,300,300,2859,2859,2859,2859,0.0,0.0,"Base,Sym",YES,3,146,265,3016,0.042015,0.001275,True,3,146,265,3016,0.03529,0.001044,True
C_10oC_5,CoC,60,110,9,9,0.379534,OPT,0.343949,OPT,OPT,9,order,540,540,5160,5170,5160,5116,0.0,0.8527,"Sym,Base",YES,2,2820,3949,47886,0.046697,0.013816,True,2,2698,3757,46519,0.039228,0.013388,True
P_10oP_5,PoP,60,99,9,9,0.348391,OPT,0.545913,OPT,OPT,9,none,540,540,4832,4832,4832,4832,0.0,0.0,"Base,Sym",YES,2,3485,4917,62211,0.037374,0.017697,True,2,3485,4917,62211,0.139463,0.030904,True
C_10oP_5,CoP,60,100,9,9,0.38203,OPT,0.365622,OPT,OPT,9,order,540,540,4980,4990,4980,4936,0.0,0.8835,"Sym,Base",YES,2,4128,5580,70796,0.043696,0.022567,True,2,3389,4467,60510,0.041826,0.018685,True
P_10oC_5,PoC,60,109,9,9,0.339403,OPT,0.370551,OPT,OPT,9,none,540,540,5012,5012,5012,5012,0.0,0.0,"Base,Sym",YES,2,2881,3950,50901,0.038575,0.013956,True,2,2881,3950,50901,0.041111,0.013742,True
C_10xC_6,CxC,60,120,7,7,0.516962,OPT,0.36349,OPT,OPT,7,order,420,420,4920,4928,4920,4894,0.0,0.5285,"Sym,Base",YES,3,2077,3139,69162,0.085478,0.015443,True,3,941,1480,30204,0.06304,0.006577,True
C_10xP_6,CxP,60,110,7,7,0.382663,OPT,0.394264,OPT,OPT,7,order,420,420,4380,4388,4380,4364,0.0,0.3653,"Base,Sym",YES,3,2683,4150,91867,0.055118,0.023707,True,3,1793,2884,64465,0.056065,0.014421,True
P_10xP_6,PxP,60,104,6,6,0.380518,OPT,0.333568,OPT,OPT,6,none,360,360,3522,3522,3522,3522,0.0,0.0,"Sym,Base",YES,3,126,271,2968,0.045938,0.000809,True,3,126,271,2968,0.044499,0.000804,True
C_10oC_6,CoC,70,130,10,10,0.44074,OPT,0.553235,OPT,OPT,10,order,700,700,7080,7091,7080,7029,0.0,0.7203,"Base,Sym",YES,2,11691,15222,199741,0.057927,0.075843,True,2,6895,8770,121176,0.05969,0.041437,True
P_10oP_6,PoP,70,119,10,10,0.433744,OPT,0.418073,OPT,OPT,10,none,700,700,6695,6695,6695,6695,0.0,0.0,"Sym,Base",YES,1,13262,16769,236935,0.028035,0.087747,True,1,13262,16769,236935,0.026529,0.090894,True
C_10oP_6,CoP,70,120,10,10,0.52216,OPT,0.444629,OPT,OPT,10,order,700,700,6880,6891,6880,6829,0.0,0.7413,"Base,Sym",YES,2,14169,18197,259189,0.062683,0.142724,True,2,15284,19683,253570,0.057008,0.096696,True
P_10oC_6,PoC,70,129,10,10,0.445615,OPT,0.389779,OPT,OPT,10,none,700,700,6895,6895,6895,6895,0.0,0.0,"Sym,Base",YES,1,9828,12666,176423,0.031065,0.069715,True,1,9828,12666,176423,0.028136,0.064635,True
C_10xC_7,CxC,70,140,7,7,0.43574,OPT,0.42977,OPT,OPT,7,order,490,490,5740,5748,5740,5714,0.0,0.453,"Base,Sym",YES,3,1435,2278,62097,0.094306,0.016227,True,3,743,1156,30790,0.079535,0.007177,True
C_10xP_7,CxP,70,130,7,7,0.552637,OPT,0.42132,OPT,OPT,7,order,490,490,5200,5208,5200,5184,0.0,0.3077,"Sym,Base",YES,3,2047,3343,74563,0.06268,0.01749,True,3,1683,2745,63782,0.068052,0.019961,True
P_10xP_7,PxP,70,123,6,6,0.357701,OPT,0.395123,OPT,OPT,6,none,420,420,4185,4185,4185,4185,0.0,0.0,"Base,Sym",YES,3,168,373,3977,0.05178,0.00119,True,3,168,373,3977,0.061168,0.001254,True
C_10oC_7,CoC,80,150,11,11,0.887892,OPT,0.974581,OPT,OPT,11,order,880,880,9380,9392,9380,9322,0.0,0.6183,"Sym,Base",YES,2,61981,77421,1111372,0.081407,0.50903,True,2,68635,86382,1264749,0.077502,0.596502,True
P_10oP_7,PoP,80,139,11,11,0.835744,OPT,0.729544,OPT,OPT,11,none,880,880,8934,8934,8934,8934,0.0,0.0,"Base,Sym",YES,2,40681,50121,718830,0.072925,0.459429,True,2,40681,50121,718830,0.077223,0.366042,True
C_10oP_7,CoP,80,140,11,11,0.816677,OPT,0.859238,OPT,OPT,11,order,880,880,9160,9172,9160,9102,0.0,0.6332,"Sym,Base",YES,2,52476,65072,940251,0.080478,0.445709,True,2,60357,76225,1082204,0.075559,0.483098,True
P_10oC_7,PoC,80,149,11,11,0.959218,OPT,0.745187,OPT,OPT,11,none,880,880,9154,9154,9154,9154,0.0,0.0,"Base,Sym",YES,2,43793,54244,841743,0.07981,0.570971,True,2,43793,54244,841743,0.073989,0.390844,True
C_10xC_8,CxC,80,160,7,7,0.454872,OPT,0.400011,OPT,OPT,7,order,560,560,6560,6568,6560,6534,0.0,0.3963,"Sym,Base",YES,3,2654,4764,106545,0.090574,0.022174,True,3,1611,2922,59715,0.089846,0.01292,True
C_10xP_8,CxP,80,150,7,7,0.411191,OPT,0.417776,OPT,OPT,7,order,560,560,6020,6028,6020,6004,0.0,0.2658,"Base,Sym",YES,3,2052,3664,82408,0.083866,0.018124,True,3,1879,3036,78386,0.079724,0.017189,True
P_10xP_8,PxP,80,142,6,6,0.39246,OPT,0.446627,OPT,OPT,6,none,480,480,4848,4848,4848,4848,0.0,0.0,"Sym,Base",YES,3,158,362,4353,0.061737,0.00117,True,3,158,362,4353,0.057998,0.001206,True
C_10oC_8,CoC,90,170,12,12,2.273755,OPT,1.475611,OPT,OPT,12,order,1080,1080,12090,12103,12090,12025,0.0,0.5376,"Base,Sym",YES,2,133046,166731,2458687,0.106499,1.862639,True,2,86731,108169,1628805,0.107186,1.01135,True
P_10oP_8,PoP,90,159,12,12,1.903096,OPT,1.801936,OPT,OPT,12,none,1080,1080,11579,11579,11579,11579,0.0,0.0,"Sym,Base",YES,2,150533,188769,2802478,0.102666,1.50382,True,2,150533,188769,2802478,0.097654,1.390002,True
C_10oP_8,CoP,90,160,12,12,2.387354,OPT,1.54957,OPT,OPT,12,order,1080,1080,11850,11863,11850,11785,0.0,0.5485,"Base,Sym",YES,2,172551,211708,3234696,0.099753,1.975662,True,2,131261,167324,2465400,0.104399,1.155803,True
P_10oC_8,PoC,90,169,12,12,1.785702,OPT,1.968581,OPT,OPT,12,none,1080,1080,11819,11819,11819,11819,0.0,0.0,"Sym,Base",YES,2,135596,168907,2547873,0.105819,1.378264,True,2,135596,168907,2547873,0.23555,1.415452,True
C_10xC_9,CxC,90,180,8,8,180.06439,FEASIBLE,180.063131,FEASIBLE,FEASIBLE_UB,8,order,720,720,8370,8379,8370,8345,0.0,0.2987,"Base,Sym",UNPROVEN,2,1749,3170,70744,0.063226,0.015013,False,2,1054,2082,43806,0.070713,0.009095,False
C_10xP_9,CxP,90,170,7,7,0.419095,OPT,0.767909,OPT,OPT,7,order,630,630,6840,6848,6840,6824,0.0,0.2339,"Sym,Base",YES,3,1838,3007,73884,0.098761,0.017595,True,3,2682,4789,105191,0.103122,0.02272,True
P_10xP_9,PxP,90,161,6,6,0.50025,OPT,0.405363,OPT,OPT,6,none,540,540,5511,5511,5511,5511,0.0,0.0,"Base,Sym",YES,3,199,414,5684,0.067118,0.001464,True,3,199,414,5684,0.078779,0.001806,True
C_10oC_9,CoC,100,190,13,13,5.77572,OPT,6.486042,OPT,OPT,13,order,1300,1300,15240,15254,15240,15168,0.0,0.4724,"Sym,Base",YES,2,412753,517444,7801220,0.134371,5.344052,True,2,431397,536160,8137813,0.157768,6.011764,True
P_10oP_9,PoP,100,179,13,13,8.412207,OPT,8.085973,OPT,OPT,13,none,1300,1300,14660,14660,14660,14660,0.0,0.0,"Base,Sym",YES,2,530159,656621,9985178,0.121874,7.97604,True,2,530159,656621,9985178,0.129909,7.661743,True
C_10oP_9,CoP,100,180,13,13,10.922841,OPT,5.659025,OPT,OPT,13,order,1300,1300,14980,14994,14980,14908,0.0,0.4806,"Sym,Base",YES,2,737242,911881,13358876,0.133969,10.490384,True,2,381898,483260,7003485,0.125629,5.217992,True
P_10oC_9,PoC,100,189,13,13,6.29227,OPT,6.049086,OPT,OPT,13,none,1300,1300,14920,14920,14920,14920,0.0,0.0,"Base,Sym",YES,2,427083,536010,8292042,0.130242,5.837165,True,2,427083,536010,8292042,0.132226,5.621397,True
C_10xC_10,CxC,100,200,7,7,0.826762,OPT,0.544192,OPT,OPT,7,order,700,700,8200,8208,8200,8174,0.0,0.3171,"Sym,Base",YES,3,29931,53457,1288459,0.112503,0.375951,True,3,1375,2912,56043,0.113391,0.011796,True
C_10xP_10,CxP,100,190,7,7,0.436535,OPT,0.461571,OPT,OPT,7,order,700,700,7660,7668,7660,7644,0.0,0.2089,"Base,Sym",YES,3,2054,3763,83084,0.098628,0.017889,True,3,2677,4393,98169,0.103777,0.023546,True
P_10xP_10,PxP,100,180,6,6,0.53802,OPT,0.380076,OPT,OPT,6,none,600,600,6174,6174,6174,6174,0.0,0.0,"Sym,Base",YES,3,236,513,7141,0.084856,0.001795,True,3,236,513,7141,0.079869,0.001707,True
C_10oC_10,CoC,110,210,14,14,89.732998,OPT,51.665391,OPT,OPT,14,order,1540,1540,18860,18875,18860,18781,0.0,0.4189,"Base,Sym",YES,2,4721116,5856700,88335278,0.189475,89.195147,True,2,2901930,3652776,55243379,0.174821,50.742575,True
P_10oP_10,PoP,110,199,14,14,59.645504,OPT,59.785093,OPT,OPT,14,none,1540,1540,18207,18207,18207,18207,0.0,0.0,"Sym,Base",YES,2,3250853,4034962,59109270,0.166916,58.77293,True,2,3250853,4034962,59109270,0.162993,59.269887,True
C_10oP_10,CoP,110,200,14,14,64.235474,OPT,66.602071,OPT,OPT,14,order,1540,1540,18580,18595,18580,18501,0.0,0.4252,"Base,Sym",YES,2,3094881,3864890,55146656,0.292428,63.21996,True,2,3767917,4778460,69015502,0.173586,65.719435,True
P_10oC_10,PoC,110,209,14,14,35.091128,OPT,34.907944,OPT,OPT,14,none,1540,1540,18487,18487,18487,18487,0.0,0.0,"Sym,Base",YES,2,1813232,2302876,32735025,0.167285,34.212849,True,2,1813232,2302876,32735025,0.340796,33.933494,True
