Graph,Instance,Family,h,k,Repeat,Position,Method,V,E,Limit,Status,Termination,Span,LB,Wall_Time,Peak_RSS_MB,Memory_Scope,Variables,Constraints,Model_Span,Count_Scope,Decisions,Conflicts,Stats_Complete,Error
tree_20_seed0__h3_k2__r0__cadical,tree_20_seed0,tree,3,2,0,0,cadical,20,19,300.0,OPT,RETURNED,8,8,0.3689253739976266,35.71484375,worker_high_water,160,1456,8,last_sat_witness,267,172,True,
tree_20_seed0__h3_k2__r0__gurobi,tree_20_seed0,tree,3,2,0,1,gurobi,20,19,300.0,OPT,RETURNED,8,8,0.5604831089985964,45.96484375,worker_high_water,221,1684,10,assignment_at_greedy_UB,,,False,
tree_20_seed0__h3_k2__r1__gurobi,tree_20_seed0,tree,3,2,1,0,gurobi,20,19,300.0,OPT,RETURNED,8,8,0.4911771770021005,45.85546875,worker_high_water,221,1684,10,assignment_at_greedy_UB,,,False,
tree_20_seed0__h3_k2__r1__cadical,tree_20_seed0,tree,3,2,1,1,cadical,20,19,300.0,OPT,RETURNED,8,8,0.3677282919998106,35.84765625,worker_high_water,160,1456,8,last_sat_witness,267,172,True,
tree_20_seed0__h3_k2__r2__cadical,tree_20_seed0,tree,3,2,2,0,cadical,20,19,300.0,OPT,RETURNED,8,8,0.388228709998657,36.140625,worker_high_water,160,1456,8,last_sat_witness,267,172,True,
tree_20_seed0__h3_k2__r2__gurobi,tree_20_seed0,tree,3,2,2,1,gurobi,20,19,300.0,OPT,RETURNED,8,8,0.557965627998783,45.65625,worker_high_water,221,1684,10,assignment_at_greedy_UB,,,False,
tree_30_seed0__h3_k2__r0__gurobi,tree_30_seed0,tree,3,2,0,0,gurobi,30,29,300.0,OPT,RETURNED,8,8,0.7460597789977328,49.48828125,worker_high_water,361,2884,11,assignment_at_greedy_UB,,,False,
tree_30_seed0__h3_k2__r0__cadical,tree_30_seed0,tree,3,2,0,1,cadical,30,29,300.0,OPT,RETURNED,8,8,0.47218292400066275,38.0,worker_high_water,240,2266,8,last_sat_witness,224,77,True,
tree_30_seed0__h3_k2__r1__cadical,tree_30_seed0,tree,3,2,1,0,cadical,30,29,300.0,OPT,RETURNED,8,8,0.44497912800216,38.0234375,worker_high_water,240,2266,8,last_sat_witness,224,77,True,
tree_30_seed0__h3_k2__r1__gurobi,tree_30_seed0,tree,3,2,1,1,gurobi,30,29,300.0,OPT,RETURNED,8,8,0.6403794280013244,49.46484375,worker_high_water,361,2884,11,assignment_at_greedy_UB,,,False,
tree_30_seed0__h3_k2__r2__gurobi,tree_30_seed0,tree,3,2,2,0,gurobi,30,29,300.0,OPT,RETURNED,8,8,0.6202582839978277,48.95703125,worker_high_water,361,2884,11,assignment_at_greedy_UB,,,False,
tree_30_seed0__h3_k2__r2__cadical,tree_30_seed0,tree,3,2,2,1,cadical,30,29,300.0,OPT,RETURNED,8,8,0.4065646259987261,37.70703125,worker_high_water,240,2266,8,last_sat_witness,224,77,True,
tree_40_seed0__h3_k2__r0__cadical,tree_40_seed0,tree,3,2,0,0,cadical,40,39,300.0,OPT,RETURNED,9,9,0.6939818520004337,39.66796875,worker_high_water,360,3492,9,last_sat_witness,423,32,True,
tree_40_seed0__h3_k2__r0__gurobi,tree_40_seed0,tree,3,2,0,1,gurobi,40,39,300.0,OPT,RETURNED,9,9,0.8443923230006476,50.77734375,worker_high_water,561,4656,13,assignment_at_greedy_UB,,,False,
tree_40_seed0__h3_k2__r1__gurobi,tree_40_seed0,tree,3,2,1,0,gurobi,40,39,300.0,OPT,RETURNED,9,9,0.7355506109997805,50.94140625,worker_high_water,561,4656,13,assignment_at_greedy_UB,,,False,
tree_40_seed0__h3_k2__r1__cadical,tree_40_seed0,tree,3,2,1,1,cadical,40,39,300.0,OPT,RETURNED,9,9,0.48228513700087206,39.3515625,worker_high_water,360,3492,9,last_sat_witness,423,32,True,
tree_40_seed0__h3_k2__r2__cadical,tree_40_seed0,tree,3,2,2,0,cadical,40,39,300.0,OPT,RETURNED,9,9,0.4404130989969417,39.73828125,worker_high_water,360,3492,9,last_sat_witness,423,32,True,
tree_40_seed0__h3_k2__r2__gurobi,tree_40_seed0,tree,3,2,2,1,gurobi,40,39,300.0,OPT,RETURNED,9,9,1.0989257209985226,50.85546875,worker_high_water,561,4656,13,assignment_at_greedy_UB,,,False,
