Graph,Instance,Family,h,k,Repeat,Position,Method,V,E,Delta,Diameter,Limit,Status,Termination,Span,LB,Wall_Time,Peak_RSS_MB,Memory_Scope,Variables,Constraints,Model_Span,Count_Scope,Decisions,Conflicts,Stats_Complete,Error
tree_100_seed0__h3_k2__r0__cadical,tree_100_seed0,tree,3,2,0,0,cadical,100,99,6,26,60.0,OPT,RETURNED,13,13,0.6407642209996993,51.59765625,worker_high_water,1300,13336,13,last_sat_witness,1155,35,True,
tree_100_seed0__h3_k2__r0__gurobi,tree_100_seed0,tree,3,2,0,1,gurobi,100,99,6,26,60.0,OPT,RETURNED,13,13,1.3038008169969544,59.3203125,worker_high_water,1601,14196,15,assignment_at_greedy_UB,,,False,
tree_100_seed1__h3_k2__r0__gurobi,tree_100_seed1,tree,3,2,0,0,gurobi,100,99,6,31,60.0,OPT,RETURNED,13,13,1.2086695559992222,56.65625,worker_high_water,1501,13352,14,assignment_at_greedy_UB,,,False,
tree_100_seed1__h3_k2__r0__cadical,tree_100_seed1,tree,3,2,0,1,cadical,100,99,6,31,60.0,OPT,RETURNED,13,13,0.626533902999654,49.97265625,worker_high_water,1300,13416,13,last_sat_witness,1080,21,True,
tree_100_seed2__h3_k2__r0__cadical,tree_100_seed2,tree,3,2,0,0,cadical,100,99,6,26,60.0,OPT,RETURNED,13,13,0.6141461939987494,53.00390625,worker_high_water,1300,13616,13,last_sat_witness,2223,82,True,
tree_100_seed2__h3_k2__r0__gurobi,tree_100_seed2,tree,3,2,0,1,gurobi,100,99,6,26,60.0,OPT,RETURNED,13,13,0.9292892369994661,58.06640625,worker_high_water,1601,14518,15,assignment_at_greedy_UB,,,False,
tree_100_seed3__h3_k2__r0__gurobi,tree_100_seed3,tree,3,2,0,0,gurobi,100,99,6,25,60.0,OPT,RETURNED,13,13,0.923626822001097,58.51953125,worker_high_water,1701,15567,16,assignment_at_greedy_UB,,,False,
tree_100_seed3__h3_k2__r0__cadical,tree_100_seed3,tree,3,2,0,1,cadical,100,99,6,25,60.0,OPT,RETURNED,13,13,0.5800315999986196,53.7109375,worker_high_water,1300,13696,13,last_sat_witness,3026,174,True,
tree_100_seed4__h3_k2__r0__cadical,tree_100_seed4,tree,3,2,0,0,cadical,100,99,5,31,60.0,OPT,RETURNED,11,11,0.7476904569994076,50.3359375,worker_high_water,1100,11004,11,last_sat_witness,1661,49,True,
tree_100_seed4__h3_k2__r0__gurobi,tree_100_seed4,tree,3,2,0,1,gurobi,100,99,5,31,60.0,OPT,RETURNED,11,11,0.8262724399974104,55.38671875,worker_high_water,1401,12016,13,assignment_at_greedy_UB,,,False,
tree_100_seed5__h3_k2__r0__gurobi,tree_100_seed5,tree,3,2,0,0,gurobi,100,99,4,23,60.0,OPT,RETURNED,10,10,1.4799711880004907,63.8203125,worker_high_water,1601,14012,15,assignment_at_greedy_UB,,,False,
tree_100_seed5__h3_k2__r0__cadical,tree_100_seed5,tree,3,2,0,1,cadical,100,99,4,23,60.0,OPT,RETURNED,10,10,0.6269180559975212,49.1484375,worker_high_water,1000,10122,10,last_sat_witness,3030,630,True,
tree_100_seed6__h3_k2__r0__cadical,tree_100_seed6,tree,3,2,0,0,cadical,100,99,6,27,60.0,OPT,RETURNED,13,13,0.46322876599879237,49.83984375,worker_high_water,1300,13536,13,last_sat_witness,0,0,True,
tree_100_seed6__h3_k2__r0__gurobi,tree_100_seed6,tree,3,2,0,1,gurobi,100,99,6,27,60.0,OPT,RETURNED,13,13,0.9277364070003387,57.88671875,worker_high_water,1501,13481,14,assignment_at_greedy_UB,,,False,
tree_100_seed7__h3_k2__r0__gurobi,tree_100_seed7,tree,3,2,0,0,gurobi,100,99,6,28,60.0,OPT,RETURNED,13,13,1.001781098999345,57.4765625,worker_high_water,1601,14472,15,assignment_at_greedy_UB,,,False,
tree_100_seed7__h3_k2__r0__cadical,tree_100_seed7,tree,3,2,0,1,cadical,100,99,6,28,60.0,OPT,RETURNED,13,13,0.5726427380031964,54.57421875,worker_high_water,1300,13576,13,last_sat_witness,2772,135,True,
tree_100_seed8__h3_k2__r0__cadical,tree_100_seed8,tree,3,2,0,0,cadical,100,99,5,20,60.0,OPT,RETURNED,11,11,0.5256967490022362,50.6875,worker_high_water,1100,11310,11,last_sat_witness,1195,242,True,
tree_100_seed8__h3_k2__r0__gurobi,tree_100_seed8,tree,3,2,0,1,gurobi,100,99,5,20,60.0,OPT,RETURNED,11,11,1.3578899770000135,61.48046875,worker_high_water,1501,13309,14,assignment_at_greedy_UB,,,False,
tree_100_seed9__h3_k2__r0__gurobi,tree_100_seed9,tree,3,2,0,0,gurobi,100,99,5,30,60.0,OPT,RETURNED,11,11,1.3459578019974288,61.67578125,worker_high_water,1501,13094,14,assignment_at_greedy_UB,,,False,
tree_100_seed9__h3_k2__r0__cadical,tree_100_seed9,tree,3,2,0,1,cadical,100,99,5,30,60.0,OPT,RETURNED,11,11,0.745954054997128,49.53125,worker_high_water,1100,11140,11,last_sat_witness,1366,14,True,
tree_200_seed0__h3_k2__r0__cadical,tree_200_seed0,tree,3,2,0,0,cadical,200,199,6,29,60.0,OPT,RETURNED,13,13,1.308932789001119,74.9140625,worker_high_water,2600,27856,13,last_sat_witness,7338,146,True,
tree_200_seed0__h3_k2__r0__gurobi,tree_200_seed0,tree,3,2,0,1,gurobi,200,199,6,29,60.0,OPT,RETURNED,13,13,2.61191167799916,69.76953125,worker_high_water,3201,29754,15,assignment_at_greedy_UB,,,False,
tree_200_seed1__h3_k2__r0__gurobi,tree_200_seed1,tree,3,2,0,0,gurobi,200,199,6,45,60.0,OPT,RETURNED,13,13,1.8872988459988846,60.6484375,worker_high_water,2801,24536,13,assignment_at_greedy_UB,,,False,
tree_200_seed1__h3_k2__r0__cadical,tree_200_seed1,tree,3,2,0,1,cadical,200,199,6,45,60.0,OPT,RETURNED,13,13,0.4525722020007379,34.03515625,worker_high_water,,,,last_sat_witness,0,0,True,
tree_200_seed2__h3_k2__r0__cadical,tree_200_seed2,tree,3,2,0,0,cadical,200,199,6,54,60.0,OPT,RETURNED,13,13,1.3076347749993147,73.5,worker_high_water,2600,26776,13,last_sat_witness,1785,33,True,
tree_200_seed2__h3_k2__r0__gurobi,tree_200_seed2,tree,3,2,0,1,gurobi,200,199,6,54,60.0,OPT,RETURNED,13,13,2.343751047999831,67.984375,worker_high_water,3201,28512,15,assignment_at_greedy_UB,,,False,
tree_200_seed3__h3_k2__r0__gurobi,tree_200_seed3,tree,3,2,0,0,gurobi,200,199,5,45,60.0,OPT,RETURNED,11,11,3.29520687799959,77.7265625,worker_high_water,3201,29110,15,assignment_at_greedy_UB,,,False,
tree_200_seed3__h3_k2__r0__cadical,tree_200_seed3,tree,3,2,0,1,cadical,200,199,5,45,60.0,OPT,RETURNED,11,11,1.7993059060027008,70.65234375,worker_high_water,2200,23082,11,last_sat_witness,6341,384,True,
tree_200_seed4__h3_k2__r0__cadical,tree_200_seed4,tree,3,2,0,0,cadical,200,199,8,29,60.0,OPT,RETURNED,17,17,1.0719493389988202,78.2109375,worker_high_water,3400,35880,17,last_sat_witness,2818,34,True,
tree_200_seed4__h3_k2__r0__gurobi,tree_200_seed4,tree,3,2,0,1,gurobi,200,199,8,29,60.0,OPT,RETURNED,17,17,4.584028417997615,73.671875,worker_high_water,3801,34996,18,assignment_at_greedy_UB,,,False,
tree_200_seed5__h3_k2__r0__gurobi,tree_200_seed5,tree,3,2,0,0,gurobi,200,199,5,39,60.0,OPT,RETURNED,11,11,3.243510314001469,73.16796875,worker_high_water,3001,26515,14,assignment_at_greedy_UB,,,False,
tree_200_seed5__h3_k2__r0__cadical,tree_200_seed5,tree,3,2,0,1,cadical,200,199,5,39,60.0,OPT,RETURNED,11,11,1.1919035339997208,67.80078125,worker_high_water,2200,22538,11,last_sat_witness,3907,102,True,
tree_200_seed6__h3_k2__r0__cadical,tree_200_seed6,tree,3,2,0,0,cadical,200,199,6,39,60.0,OPT,RETURNED,13,13,1.080844721000176,74.69921875,worker_high_water,2600,27736,13,last_sat_witness,3788,39,True,
tree_200_seed6__h3_k2__r0__gurobi,tree_200_seed6,tree,3,2,0,1,gurobi,200,199,6,39,60.0,OPT,RETURNED,13,13,2.3154542360025516,68.0390625,worker_high_water,3201,29616,15,assignment_at_greedy_UB,,,False,
tree_200_seed7__h3_k2__r0__gurobi,tree_200_seed7,tree,3,2,0,0,gurobi,200,199,6,54,60.0,OPT,RETURNED,13,13,2.1815733820003516,66.6171875,worker_high_water,3201,28926,15,assignment_at_greedy_UB,,,False,
tree_200_seed7__h3_k2__r0__cadical,tree_200_seed7,tree,3,2,0,1,cadical,200,199,6,54,60.0,OPT,RETURNED,13,13,1.0775075130004552,73.28125,worker_high_water,2600,27136,13,last_sat_witness,4225,176,True,
tree_200_seed8__h3_k2__r0__cadical,tree_200_seed8,tree,3,2,0,0,cadical,200,199,5,34,60.0,OPT,RETURNED,11,11,1.6810122809984023,68.63671875,worker_high_water,2200,22844,11,last_sat_witness,4039,90,True,
tree_200_seed8__h3_k2__r0__gurobi,tree_200_seed8,tree,3,2,0,1,gurobi,200,199,5,34,60.0,OPT,RETURNED,11,11,3.599907200998132,75.97265625,worker_high_water,3001,26902,14,assignment_at_greedy_UB,,,False,
tree_200_seed9__h3_k2__r0__gurobi,tree_200_seed9,tree,3,2,0,0,gurobi,200,199,5,51,60.0,OPT,RETURNED,11,11,2.066502247002063,67.1796875,worker_high_water,2801,24776,13,assignment_at_greedy_UB,,,False,
tree_200_seed9__h3_k2__r0__cadical,tree_200_seed9,tree,3,2,0,1,cadical,200,199,5,51,60.0,OPT,RETURNED,11,11,0.9710310000009486,68.17578125,worker_high_water,2200,22640,11,last_sat_witness,5051,43,True,
tree_400_seed0__h3_k2__r0__cadical,tree_400_seed0,tree,3,2,0,0,cadical,400,399,6,55,60.0,OPT,RETURNED,13,13,1.888256326001283,111.01953125,worker_high_water,5200,55216,13,last_sat_witness,3047,2,True,
tree_400_seed0__h3_k2__r0__gurobi,tree_400_seed0,tree,3,2,0,1,gurobi,400,399,6,55,60.0,OPT,RETURNED,13,13,3.1575759349980217,86.234375,worker_high_water,6401,58938,15,assignment_at_greedy_UB,,,False,
tree_400_seed1__h3_k2__r0__gurobi,tree_400_seed1,tree,3,2,0,0,gurobi,400,399,6,40,60.0,OPT,RETURNED,13,13,2.980601867999212,86.80859375,worker_high_water,6401,57374,15,assignment_at_greedy_UB,,,False,
tree_400_seed1__h3_k2__r0__cadical,tree_400_seed1,tree,3,2,0,1,cadical,400,399,6,40,60.0,OPT,RETURNED,13,13,1.8612140490004094,107.3671875,worker_high_water,5200,53856,13,last_sat_witness,7795,21,True,
tree_400_seed2__h3_k2__r0__cadical,tree_400_seed2,tree,3,2,0,0,cadical,400,399,8,54,60.0,OPT,RETURNED,17,17,2.544957455000258,132.734375,worker_high_water,6800,72208,17,last_sat_witness,9785,309,True,
tree_400_seed2__h3_k2__r0__gurobi,tree_400_seed2,tree,3,2,0,1,gurobi,400,399,8,54,60.0,OPT,RETURNED,17,17,5.193616410000686,99.171875,worker_high_water,8001,74324,19,assignment_at_greedy_UB,,,False,
tree_400_seed3__h3_k2__r0__gurobi,tree_400_seed3,tree,3,2,0,0,gurobi,400,399,5,73,60.0,OPT,RETURNED,12,12,9.703714549999859,114.015625,worker_high_water,6401,57374,15,assignment_at_greedy_UB,,,False,
tree_400_seed3__h3_k2__r0__cadical,tree_400_seed3,tree,3,2,0,1,cadical,400,399,5,73,60.0,OPT,RETURNED,12,12,2.888005595999857,104.34375,worker_high_water,4800,49697,12,last_sat_witness,12188,1780,True,
tree_400_seed4__h3_k2__r0__cadical,tree_400_seed4,tree,3,2,0,0,cadical,400,399,5,85,60.0,OPT,RETURNED,11,11,2.052275808997365,101.0546875,worker_high_water,4400,45164,11,last_sat_witness,7390,84,True,
tree_400_seed4__h3_k2__r0__gurobi,tree_400_seed4,tree,3,2,0,1,gurobi,400,399,5,85,60.0,OPT,RETURNED,11,11,5.144118083000649,102.3984375,worker_high_water,6001,53142,14,assignment_at_greedy_UB,,,False,
tree_400_seed5__h3_k2__r0__gurobi,tree_400_seed5,tree,3,2,0,0,gurobi,400,399,6,49,60.0,OPT,RETURNED,13,13,4.762320465000812,90.70703125,worker_high_water,6801,62113,16,assignment_at_greedy_UB,,,False,
tree_400_seed5__h3_k2__r0__cadical,tree_400_seed5,tree,3,2,0,1,cadical,400,399,6,49,60.0,OPT,RETURNED,13,13,3.663617163998424,109.48828125,worker_high_water,5200,54656,13,last_sat_witness,9643,145,True,
tree_400_seed6__h3_k2__r0__cadical,tree_400_seed6,tree,3,2,0,0,cadical,400,399,5,79,60.0,OPT,RETURNED,11,11,4.400554783998814,104.875,worker_high_water,4400,45334,11,last_sat_witness,22949,430,True,
tree_400_seed6__h3_k2__r0__gurobi,tree_400_seed6,tree,3,2,0,1,gurobi,400,399,5,79,60.0,OPT,RETURNED,11,11,5.423338160002459,104.25,worker_high_water,6401,57098,15,assignment_at_greedy_UB,,,False,
tree_400_seed7__h3_k2__r0__gurobi,tree_400_seed7,tree,3,2,0,0,gurobi,400,399,8,58,60.0,OPT,RETURNED,17,17,3.5356485320007778,95.8046875,worker_high_water,7601,68926,18,assignment_at_greedy_UB,,,False,
tree_400_seed7__h3_k2__r0__cadical,tree_400_seed7,tree,3,2,0,1,cadical,400,399,8,58,60.0,OPT,RETURNED,17,17,1.3605365360017458,121.92578125,worker_high_water,6800,70752,17,last_sat_witness,4701,2,True,
tree_400_seed8__h3_k2__r0__cadical,tree_400_seed8,tree,3,2,0,0,cadical,400,399,6,52,60.0,OPT,RETURNED,13,13,3.253733982997801,109.8203125,worker_high_water,5200,54456,13,last_sat_witness,7509,49,True,
tree_400_seed8__h3_k2__r0__gurobi,tree_400_seed8,tree,3,2,0,1,gurobi,400,399,6,52,60.0,OPT,RETURNED,13,13,3.5242903280013707,89.76171875,worker_high_water,6801,61868,16,assignment_at_greedy_UB,,,False,
tree_400_seed9__h3_k2__r0__gurobi,tree_400_seed9,tree,3,2,0,0,gurobi,400,399,6,71,60.0,OPT,RETURNED,13,13,3.5552233580019674,88.17578125,worker_high_water,6401,57880,15,assignment_at_greedy_UB,,,False,
tree_400_seed9__h3_k2__r0__cadical,tree_400_seed9,tree,3,2,0,1,cadical,400,399,6,71,60.0,OPT,RETURNED,13,13,2.105963576999784,107.7890625,worker_high_water,5200,54296,13,last_sat_witness,5143,145,True,
tree_800_seed0__h3_k2__r0__cadical,tree_800_seed0,tree,3,2,0,0,cadical,800,799,6,92,60.0,OPT,RETURNED,13,13,3.1666091549996054,187.453125,worker_high_water,10400,109296,13,last_sat_witness,34775,453,True,
tree_800_seed0__h3_k2__r0__gurobi,tree_800_seed0,tree,3,2,0,1,gurobi,800,799,6,92,60.0,OPT,RETURNED,13,13,6.850725390999287,130.1640625,worker_high_water,12801,116570,15,assignment_at_greedy_UB,,,False,
tree_800_seed1__h3_k2__r0__gurobi,tree_800_seed1,tree,3,2,0,0,gurobi,800,799,6,97,60.0,OPT,RETURNED,13,13,6.500039348000428,127.38671875,worker_high_water,12801,114592,15,assignment_at_greedy_UB,,,False,
tree_800_seed1__h3_k2__r0__cadical,tree_800_seed1,tree,3,2,0,1,cadical,800,799,6,97,60.0,OPT,RETURNED,13,13,5.207535727000504,192.484375,worker_high_water,10400,107576,13,last_sat_witness,18306,133,True,
tree_800_seed2__h3_k2__r0__cadical,tree_800_seed2,tree,3,2,0,0,cadical,800,799,7,84,60.0,OPT,RETURNED,15,15,4.733401770001365,209.13671875,worker_high_water,12000,126032,15,last_sat_witness,28758,340,True,
tree_800_seed2__h3_k2__r0__gurobi,tree_800_seed2,tree,3,2,0,1,gurobi,800,799,7,84,60.0,OPT,RETURNED,15,15,10.021773873999337,159.96484375,worker_high_water,14401,131688,17,assignment_at_greedy_UB,,,False,
tree_800_seed3__h3_k2__r0__gurobi,tree_800_seed3,tree,3,2,0,0,gurobi,800,799,7,84,60.0,OPT,RETURNED,15,15,11.3446450190022,165.73828125,worker_high_water,15201,139261,18,assignment_at_greedy_UB,,,False,
tree_800_seed3__h3_k2__r0__cadical,tree_800_seed3,tree,3,2,0,1,cadical,800,799,7,84,60.0,OPT,RETURNED,15,15,6.9458737509994535,206.12890625,worker_high_water,12000,125986,15,last_sat_witness,7751,7,True,
tree_800_seed4__h3_k2__r0__cadical,tree_800_seed4,tree,3,2,0,0,cadical,800,799,6,84,60.0,OPT,RETURNED,13,13,4.565174108000065,189.390625,worker_high_water,10400,108256,13,last_sat_witness,33331,233,True,
tree_800_seed4__h3_k2__r0__gurobi,tree_800_seed4,tree,3,2,0,1,gurobi,800,799,6,84,60.0,OPT,RETURNED,13,13,5.38434124899868,154.80859375,worker_high_water,13601,122933,16,assignment_at_greedy_UB,,,False,
tree_800_seed5__h3_k2__r0__gurobi,tree_800_seed5,tree,3,2,0,0,gurobi,800,799,6,98,60.0,OPT,RETURNED,13,13,7.567966898997838,202.16796875,worker_high_water,16001,146422,19,assignment_at_greedy_UB,,,False,
tree_800_seed5__h3_k2__r0__cadical,tree_800_seed5,tree,3,2,0,1,cadical,800,799,6,98,60.0,OPT,RETURNED,13,13,4.381847217999166,203.47265625,worker_high_water,10400,108816,13,last_sat_witness,33111,286,True,
tree_800_seed6__h3_k2__r0__cadical,tree_800_seed6,tree,3,2,0,0,cadical,800,799,7,65,60.0,OPT,RETURNED,15,15,3.1085055929979717,214.2578125,worker_high_water,12000,125112,15,last_sat_witness,9751,25,True,
tree_800_seed6__h3_k2__r0__gurobi,tree_800_seed6,tree,3,2,0,1,gurobi,800,799,7,65,60.0,OPT,RETURNED,15,15,4.433240800997737,160.51953125,worker_high_water,14401,130648,17,assignment_at_greedy_UB,,,False,
tree_800_seed7__h3_k2__r0__gurobi,tree_800_seed7,tree,3,2,0,0,gurobi,800,799,7,95,60.0,OPT,RETURNED,15,15,4.339007301998208,166.25390625,worker_high_water,15201,138711,18,assignment_at_greedy_UB,,,False,
tree_800_seed7__h3_k2__r0__cadical,tree_800_seed7,tree,3,2,0,1,cadical,800,799,7,95,60.0,OPT,RETURNED,15,15,2.810992857997917,210.3359375,worker_high_water,12000,125526,15,last_sat_witness,14140,365,True,
tree_800_seed8__h3_k2__r0__cadical,tree_800_seed8,tree,3,2,0,0,cadical,800,799,6,94,60.0,OPT,RETURNED,13,13,2.5812284919993544,188.58203125,worker_high_water,10400,109216,13,last_sat_witness,14975,22,True,
tree_800_seed8__h3_k2__r0__gurobi,tree_800_seed8,tree,3,2,0,1,gurobi,800,799,6,94,60.0,OPT,RETURNED,13,13,5.807931606002967,162.25,worker_high_water,13601,124109,16,assignment_at_greedy_UB,,,False,
tree_800_seed9__h3_k2__r0__gurobi,tree_800_seed9,tree,3,2,0,0,gurobi,800,799,7,81,60.0,OPT,RETURNED,15,15,5.640908584999124,166.7578125,worker_high_water,15201,139261,18,assignment_at_greedy_UB,,,False,
tree_800_seed9__h3_k2__r0__cadical,tree_800_seed9,tree,3,2,0,1,cadical,800,799,7,81,60.0,OPT,RETURNED,15,15,3.595265225998446,209.65625,worker_high_water,12000,125986,15,last_sat_witness,37434,1101,True,
tree_1600_seed0__h3_k2__r0__cadical,tree_1600_seed0,tree,3,2,0,0,cadical,1600,1599,7,113,60.0,OPT,RETURNED,15,15,6.426424365999992,376.4609375,worker_high_water,24000,251218,15,last_sat_witness,98651,400,True,
tree_1600_seed0__h3_k2__r0__gurobi,tree_1600_seed0,tree,3,2,0,1,gurobi,1600,1599,7,113,60.0,OPT,RETURNED,15,15,8.431874245998188,288.703125,worker_high_water,28801,262420,17,assignment_at_greedy_UB,,,False,
tree_1600_seed1__h3_k2__r0__gurobi,tree_1600_seed1,tree,3,2,0,0,gurobi,1600,1599,6,120,60.0,OPT,RETURNED,13,13,9.684228119000181,279.44921875,worker_high_water,27201,244083,16,assignment_at_greedy_UB,,,False,
tree_1600_seed1__h3_k2__r0__cadical,tree_1600_seed1,tree,3,2,0,1,cadical,1600,1599,6,120,60.0,OPT,RETURNED,13,13,5.872796814001049,335.25390625,worker_high_water,20800,215056,13,last_sat_witness,140935,532,True,
tree_1600_seed2__h3_k2__r0__cadical,tree_1600_seed2,tree,3,2,0,0,cadical,1600,1599,7,121,60.0,OPT,RETURNED,15,15,6.567124777997378,374.921875,worker_high_water,24000,251770,15,last_sat_witness,66625,219,True,
tree_1600_seed2__h3_k2__r0__gurobi,tree_1600_seed2,tree,3,2,0,1,gurobi,1600,1599,7,121,60.0,OPT,RETURNED,15,15,11.449911854000675,303.2265625,worker_high_water,30401,278281,18,assignment_at_greedy_UB,,,False,
tree_1600_seed3__h3_k2__r0__gurobi,tree_1600_seed3,tree,3,2,0,0,gurobi,1600,1599,6,95,60.0,OPT,RETURNED,13,13,11.713288441998884,289.6328125,worker_high_water,27201,247415,16,assignment_at_greedy_UB,,,False,
tree_1600_seed3__h3_k2__r0__cadical,tree_1600_seed3,tree,3,2,0,1,cadical,1600,1599,6,95,60.0,OPT,RETURNED,13,13,5.202544513998873,338.0703125,worker_high_water,20800,217776,13,last_sat_witness,42650,200,True,
tree_1600_seed4__h3_k2__r0__cadical,tree_1600_seed4,tree,3,2,0,0,cadical,1600,1599,7,122,60.0,OPT,RETURNED,15,15,5.047017675999086,373.7578125,worker_high_water,24000,250850,15,last_sat_witness,41720,219,True,
tree_1600_seed4__h3_k2__r0__gurobi,tree_1600_seed4,tree,3,2,0,1,gurobi,1600,1599,7,122,60.0,OPT,RETURNED,15,15,9.547699397000542,305.25390625,worker_high_water,28801,262004,17,assignment_at_greedy_UB,,,False,
tree_1600_seed5__h3_k2__r0__gurobi,tree_1600_seed5,tree,3,2,0,0,gurobi,1600,1599,7,123,60.0,OPT,RETURNED,15,15,7.242579681998905,288.10546875,worker_high_water,28801,264292,17,assignment_at_greedy_UB,,,False,
tree_1600_seed5__h3_k2__r0__cadical,tree_1600_seed5,tree,3,2,0,1,cadical,1600,1599,7,123,60.0,OPT,RETURNED,15,15,5.964938062999863,377.0078125,worker_high_water,24000,252874,15,last_sat_witness,15525,6,True,
tree_1600_seed6__h3_k2__r0__cadical,tree_1600_seed6,tree,3,2,0,0,cadical,1600,1599,7,129,60.0,OPT,RETURNED,15,15,2.6929247170010058,355.76171875,worker_high_water,24000,249976,15,last_sat_witness,56278,438,True,
tree_1600_seed6__h3_k2__r0__gurobi,tree_1600_seed6,tree,3,2,0,1,gurobi,1600,1599,7,129,60.0,OPT,RETURNED,15,15,8.45228618499823,272.359375,worker_high_water,27201,245896,16,assignment_at_greedy_UB,,,False,
tree_1600_seed7__h3_k2__r0__gurobi,tree_1600_seed7,tree,3,2,0,0,gurobi,1600,1599,6,130,60.0,OPT,RETURNED,13,13,9.023210158000438,279.6328125,worker_high_water,27201,247317,16,assignment_at_greedy_UB,,,False,
tree_1600_seed7__h3_k2__r0__cadical,tree_1600_seed7,tree,3,2,0,1,cadical,1600,1599,6,130,60.0,OPT,RETURNED,13,13,5.475358188999962,337.69140625,worker_high_water,20800,217696,13,last_sat_witness,115180,570,True,
tree_1600_seed8__h3_k2__r0__cadical,tree_1600_seed8,tree,3,2,0,0,cadical,1600,1599,7,107,60.0,OPT,RETURNED,15,15,5.275828710000496,372.9921875,worker_high_water,24000,250344,15,last_sat_witness,46779,204,True,
tree_1600_seed8__h3_k2__r0__gurobi,tree_1600_seed8,tree,3,2,0,1,gurobi,1600,1599,7,107,60.0,OPT,RETURNED,15,15,9.246190215999377,288.51171875,worker_high_water,28801,261432,17,assignment_at_greedy_UB,,,False,
tree_1600_seed9__h3_k2__r0__gurobi,tree_1600_seed9,tree,3,2,0,0,gurobi,1600,1599,7,157,60.0,OPT,RETURNED,15,15,8.305906536999828,278.76953125,worker_high_water,28801,262628,17,assignment_at_greedy_UB,,,False,
tree_1600_seed9__h3_k2__r0__cadical,tree_1600_seed9,tree,3,2,0,1,cadical,1600,1599,7,157,60.0,OPT,RETURNED,15,15,5.4155058299984375,375.9375,worker_high_water,24000,251402,15,last_sat_witness,64697,436,True,
