Graph,Instance,Family,h,k,Method,Repeat,V,E,Status,Recorded_LB,Span,Witness_Span,Degree_LB,Theory_LB,Theory_UB,Exact_Reference,Reference,Excess_Over_Theory_LB,Theory_Optimal,Reference_Check,Wall_Time,Within_Budget
tree_20_seed0__h1_k1__r0__cadical,tree_20_seed0,tree,1,1,cadical,0,20,19,OPT,3,3,3,3,3,3,3,equal-gap tree: h*Delta,0,True,MATCH,0.34558299600030296,True
tree_20_seed0__h1_k1__r0__gurobi,tree_20_seed0,tree,1,1,gurobi,0,20,19,OPT,3,3,3,3,3,3,3,equal-gap tree: h*Delta,0,True,MATCH,0.3590702709989273,True
tree_20_seed0__h2_k1__r0__cadical,tree_20_seed0,tree,2,1,cadical,0,20,19,OPT,5,5,5,4,4,38,,degree / distinct spaced labels,1,False,NA,0.292520949999016,True
tree_20_seed0__h2_k1__r0__gurobi,tree_20_seed0,tree,2,1,gurobi,0,20,19,OPT,5,5,5,4,4,38,,degree / distinct spaced labels,1,False,NA,0.3521825030002219,True
tree_20_seed0__h3_k2__r0__cadical,tree_20_seed0,tree,3,2,cadical,0,20,19,OPT,8,8,8,7,7,57,,degree / distinct spaced labels,1,False,NA,0.27820767699995486,True
tree_20_seed0__h3_k2__r0__gurobi,tree_20_seed0,tree,3,2,gurobi,0,20,19,OPT,8,8,8,7,7,57,,degree / distinct spaced labels,1,False,NA,0.36457654100013315,True
tree_20_seed1__h1_k1__r0__gurobi,tree_20_seed1,tree,1,1,gurobi,0,20,19,OPT,4,4,4,4,4,4,4,equal-gap tree: h*Delta,0,True,MATCH,0.29623114700007136,True
tree_20_seed1__h1_k1__r0__cadical,tree_20_seed1,tree,1,1,cadical,0,20,19,OPT,4,4,4,4,4,4,4,equal-gap tree: h*Delta,0,True,MATCH,0.2583622429992829,True
tree_20_seed1__h2_k1__r0__gurobi,tree_20_seed1,tree,2,1,gurobi,0,20,19,OPT,5,5,5,5,5,38,,degree / distinct spaced labels,0,True,NA,0.3050981470005354,True
tree_20_seed1__h2_k1__r0__cadical,tree_20_seed1,tree,2,1,cadical,0,20,19,OPT,5,5,5,5,5,38,,degree / distinct spaced labels,0,True,NA,0.2560955370008742,True
tree_20_seed1__h3_k2__r0__gurobi,tree_20_seed1,tree,3,2,gurobi,0,20,19,OPT,9,9,9,9,9,57,,degree / distinct spaced labels,0,True,NA,0.3409764889984217,True
tree_20_seed1__h3_k2__r0__cadical,tree_20_seed1,tree,3,2,cadical,0,20,19,OPT,9,9,9,9,9,57,,degree / distinct spaced labels,0,True,NA,0.2724484259997553,True
tree_20_seed2__h1_k1__r0__cadical,tree_20_seed2,tree,1,1,cadical,0,20,19,OPT,3,3,3,3,3,3,3,equal-gap tree: h*Delta,0,True,MATCH,0.25169175599876326,True
tree_20_seed2__h1_k1__r0__gurobi,tree_20_seed2,tree,1,1,gurobi,0,20,19,OPT,3,3,3,3,3,3,3,equal-gap tree: h*Delta,0,True,MATCH,0.2895877169994492,True
tree_20_seed2__h2_k1__r0__cadical,tree_20_seed2,tree,2,1,cadical,0,20,19,OPT,4,4,4,4,4,38,,degree / distinct spaced labels,0,True,NA,0.257316842000364,True
tree_20_seed2__h2_k1__r0__gurobi,tree_20_seed2,tree,2,1,gurobi,0,20,19,OPT,4,4,4,4,4,38,,degree / distinct spaced labels,0,True,NA,0.33361391499965976,True
tree_20_seed2__h3_k2__r0__cadical,tree_20_seed2,tree,3,2,cadical,0,20,19,OPT,8,8,8,7,7,57,,degree / distinct spaced labels,1,False,NA,0.2703498840000975,True
tree_20_seed2__h3_k2__r0__gurobi,tree_20_seed2,tree,3,2,gurobi,0,20,19,OPT,8,8,8,7,7,57,,degree / distinct spaced labels,1,False,NA,0.3811012109999865,True
tree_40_seed0__h1_k1__r0__gurobi,tree_40_seed0,tree,1,1,gurobi,0,40,39,OPT,4,4,4,4,4,4,4,equal-gap tree: h*Delta,0,True,MATCH,0.4491062779998174,True
tree_40_seed0__h1_k1__r0__cadical,tree_40_seed0,tree,1,1,cadical,0,40,39,OPT,4,4,4,4,4,4,4,equal-gap tree: h*Delta,0,True,MATCH,0.2702115540014347,True
tree_40_seed0__h2_k1__r0__gurobi,tree_40_seed0,tree,2,1,gurobi,0,40,39,OPT,5,5,5,5,5,78,,degree / distinct spaced labels,0,True,NA,0.5303661459984141,True
tree_40_seed0__h2_k1__r0__cadical,tree_40_seed0,tree,2,1,cadical,0,40,39,OPT,5,5,5,5,5,78,,degree / distinct spaced labels,0,True,NA,0.3316370789998473,True
tree_40_seed0__h3_k2__r0__gurobi,tree_40_seed0,tree,3,2,gurobi,0,40,39,OPT,9,9,9,9,9,117,,degree / distinct spaced labels,0,True,NA,0.5598322639998514,True
tree_40_seed0__h3_k2__r0__cadical,tree_40_seed0,tree,3,2,cadical,0,40,39,OPT,9,9,9,9,9,117,,degree / distinct spaced labels,0,True,NA,0.3480870959992899,True
tree_40_seed1__h1_k1__r0__cadical,tree_40_seed1,tree,1,1,cadical,0,40,39,OPT,6,6,6,6,6,6,6,equal-gap tree: h*Delta,0,True,MATCH,0.25610346799840045,True
tree_40_seed1__h1_k1__r0__gurobi,tree_40_seed1,tree,1,1,gurobi,0,40,39,OPT,6,6,6,6,6,6,6,equal-gap tree: h*Delta,0,True,MATCH,0.34066747300130373,True
tree_40_seed1__h2_k1__r0__cadical,tree_40_seed1,tree,2,1,cadical,0,40,39,OPT,7,7,7,7,7,78,,degree / distinct spaced labels,0,True,NA,0.35240912399967783,True
tree_40_seed1__h2_k1__r0__gurobi,tree_40_seed1,tree,2,1,gurobi,0,40,39,OPT,7,7,7,7,7,78,,degree / distinct spaced labels,0,True,NA,0.5374725789988588,True
tree_40_seed1__h3_k2__r0__cadical,tree_40_seed1,tree,3,2,cadical,0,40,39,OPT,13,13,13,13,13,117,,degree / distinct spaced labels,0,True,NA,0.27965512899936584,True
tree_40_seed1__h3_k2__r0__gurobi,tree_40_seed1,tree,3,2,gurobi,0,40,39,OPT,13,13,13,13,13,117,,degree / distinct spaced labels,0,True,NA,0.4688197079995007,True
tree_40_seed2__h1_k1__r0__gurobi,tree_40_seed2,tree,1,1,gurobi,0,40,39,OPT,4,4,4,4,4,4,4,equal-gap tree: h*Delta,0,True,MATCH,0.31979470500118623,True
tree_40_seed2__h1_k1__r0__cadical,tree_40_seed2,tree,1,1,cadical,0,40,39,OPT,4,4,4,4,4,4,4,equal-gap tree: h*Delta,0,True,MATCH,0.29771952299961413,True
tree_40_seed2__h2_k1__r0__gurobi,tree_40_seed2,tree,2,1,gurobi,0,40,39,OPT,5,5,5,5,5,78,,degree / distinct spaced labels,0,True,NA,0.36192013199979556,True
tree_40_seed2__h2_k1__r0__cadical,tree_40_seed2,tree,2,1,cadical,0,40,39,OPT,5,5,5,5,5,78,,degree / distinct spaced labels,0,True,NA,0.26613040400116006,True
tree_40_seed2__h3_k2__r0__gurobi,tree_40_seed2,tree,3,2,gurobi,0,40,39,OPT,10,10,10,9,9,117,,degree / distinct spaced labels,1,False,NA,0.6893908669990196,True
tree_40_seed2__h3_k2__r0__cadical,tree_40_seed2,tree,3,2,cadical,0,40,39,OPT,10,10,10,9,9,117,,degree / distinct spaced labels,1,False,NA,0.3733193440002651,True
tree_60_seed0__h1_k1__r0__cadical,tree_60_seed0,tree,1,1,cadical,0,60,59,OPT,5,5,5,5,5,5,5,equal-gap tree: h*Delta,0,True,MATCH,0.24901557699922705,True
tree_60_seed0__h1_k1__r0__gurobi,tree_60_seed0,tree,1,1,gurobi,0,60,59,OPT,5,5,5,5,5,5,5,equal-gap tree: h*Delta,0,True,MATCH,0.3318515730006766,True
tree_60_seed0__h2_k1__r0__cadical,tree_60_seed0,tree,2,1,cadical,0,60,59,OPT,6,6,6,6,6,118,,degree / distinct spaced labels,0,True,NA,0.2790334509991226,True
tree_60_seed0__h2_k1__r0__gurobi,tree_60_seed0,tree,2,1,gurobi,0,60,59,OPT,6,6,6,6,6,118,,degree / distinct spaced labels,0,True,NA,0.4235712320005405,True
tree_60_seed0__h3_k2__r0__cadical,tree_60_seed0,tree,3,2,cadical,0,60,59,OPT,11,11,11,11,11,177,,degree / distinct spaced labels,0,True,NA,0.3687637189996167,True
tree_60_seed0__h3_k2__r0__gurobi,tree_60_seed0,tree,3,2,gurobi,0,60,59,OPT,11,11,11,11,11,177,,degree / distinct spaced labels,0,True,NA,0.7030334020000737,True
tree_60_seed1__h1_k1__r0__gurobi,tree_60_seed1,tree,1,1,gurobi,0,60,59,OPT,6,6,6,6,6,6,6,equal-gap tree: h*Delta,0,True,MATCH,0.37298628500138875,True
tree_60_seed1__h1_k1__r0__cadical,tree_60_seed1,tree,1,1,cadical,0,60,59,OPT,6,6,6,6,6,6,6,equal-gap tree: h*Delta,0,True,MATCH,0.294965052000407,True
tree_60_seed1__h2_k1__r0__gurobi,tree_60_seed1,tree,2,1,gurobi,0,60,59,OPT,7,7,7,7,7,118,,degree / distinct spaced labels,0,True,NA,0.34572522599955846,True
tree_60_seed1__h2_k1__r0__cadical,tree_60_seed1,tree,2,1,cadical,0,60,59,OPT,7,7,7,7,7,118,,degree / distinct spaced labels,0,True,NA,0.3046598079999967,True
tree_60_seed1__h3_k2__r0__gurobi,tree_60_seed1,tree,3,2,gurobi,0,60,59,OPT,13,13,13,13,13,177,,degree / distinct spaced labels,0,True,NA,0.575649225998859,True
tree_60_seed1__h3_k2__r0__cadical,tree_60_seed1,tree,3,2,cadical,0,60,59,OPT,13,13,13,13,13,177,,degree / distinct spaced labels,0,True,NA,0.3778613079994102,True
tree_60_seed2__h1_k1__r0__cadical,tree_60_seed2,tree,1,1,cadical,0,60,59,OPT,4,4,4,4,4,4,4,equal-gap tree: h*Delta,0,True,MATCH,0.3033174730007886,True
tree_60_seed2__h1_k1__r0__gurobi,tree_60_seed2,tree,1,1,gurobi,0,60,59,OPT,4,4,4,4,4,4,4,equal-gap tree: h*Delta,0,True,MATCH,0.4390554300007352,True
tree_60_seed2__h2_k1__r0__cadical,tree_60_seed2,tree,2,1,cadical,0,60,59,OPT,5,5,5,5,5,118,,degree / distinct spaced labels,0,True,NA,0.32017276900114666,True
tree_60_seed2__h2_k1__r0__gurobi,tree_60_seed2,tree,2,1,gurobi,0,60,59,OPT,5,5,5,5,5,118,,degree / distinct spaced labels,0,True,NA,0.39360859299995354,True
tree_60_seed2__h3_k2__r0__cadical,tree_60_seed2,tree,3,2,cadical,0,60,59,OPT,10,10,10,9,9,177,,degree / distinct spaced labels,1,False,NA,0.5537803409988555,True
tree_60_seed2__h3_k2__r0__gurobi,tree_60_seed2,tree,3,2,gurobi,0,60,59,OPT,10,10,10,9,9,177,,degree / distinct spaced labels,1,False,NA,0.6206042519988841,True
P_4xP_5__h1_k1__r0__gurobi,P_4xP_5,PxP,1,1,gurobi,0,20,31,OPT,4,4,4,4,4,19,,degree / distinct spaced labels,0,True,NA,0.3282921110003372,True
P_4xP_5__h1_k1__r0__cadical,P_4xP_5,PxP,1,1,cadical,0,20,31,OPT,4,4,4,4,4,19,,degree / distinct spaced labels,0,True,NA,0.26835966399994504,True
P_4xP_5__h2_k1__r0__gurobi,P_4xP_5,PxP,2,1,gurobi,0,20,31,OPT,6,6,6,5,6,6,6,"grid L(2,1), both dimensions >=4",0,True,MATCH,0.8196880129999045,True
P_4xP_5__h2_k1__r0__cadical,P_4xP_5,PxP,2,1,cadical,0,20,31,OPT,6,6,6,5,6,6,6,"grid L(2,1), both dimensions >=4",0,True,MATCH,0.30850739399829763,True
P_4xP_5__h3_k2__r0__gurobi,P_4xP_5,PxP,3,2,gurobi,0,20,31,OPT,11,11,11,9,9,57,,degree / distinct spaced labels,2,False,NA,1.8944364009985293,True
P_4xP_5__h3_k2__r0__cadical,P_4xP_5,PxP,3,2,cadical,0,20,31,OPT,11,11,11,9,9,57,,degree / distinct spaced labels,2,False,NA,0.41533217600044736,True
P_5xP_8__h1_k1__r0__cadical,P_5xP_8,PxP,1,1,cadical,0,40,67,OPT,4,4,4,4,4,39,,degree / distinct spaced labels,0,True,NA,0.3931883029999881,True
P_5xP_8__h1_k1__r0__gurobi,P_5xP_8,PxP,1,1,gurobi,0,40,67,OPT,4,4,4,4,4,39,,degree / distinct spaced labels,0,True,NA,0.5842555489998631,True
P_5xP_8__h2_k1__r0__cadical,P_5xP_8,PxP,2,1,cadical,0,40,67,OPT,6,6,6,5,6,6,6,"grid L(2,1), both dimensions >=4",0,True,MATCH,0.4345846110009006,True
P_5xP_8__h2_k1__r0__gurobi,P_5xP_8,PxP,2,1,gurobi,0,40,67,OPT,6,6,6,5,6,6,6,"grid L(2,1), both dimensions >=4",0,True,MATCH,1.7835077489999094,True
P_5xP_8__h3_k2__r0__cadical,P_5xP_8,PxP,3,2,cadical,0,40,67,OPT,11,11,11,9,9,117,,degree / distinct spaced labels,2,False,NA,0.44338207300097565,True
P_5xP_8__h3_k2__r0__gurobi,P_5xP_8,PxP,3,2,gurobi,0,40,67,OPT,11,11,11,9,9,117,,degree / distinct spaced labels,2,False,NA,10.602424439999595,True
P_6xP_10__h1_k1__r0__gurobi,P_6xP_10,PxP,1,1,gurobi,0,60,104,OPT,4,4,4,4,4,59,,degree / distinct spaced labels,0,True,NA,0.6270105889998376,True
P_6xP_10__h1_k1__r0__cadical,P_6xP_10,PxP,1,1,cadical,0,60,104,OPT,4,4,4,4,4,59,,degree / distinct spaced labels,0,True,NA,0.4310502810003527,True
P_6xP_10__h2_k1__r0__gurobi,P_6xP_10,PxP,2,1,gurobi,0,60,104,OPT,6,6,6,5,6,6,6,"grid L(2,1), both dimensions >=4",0,True,MATCH,9.046604909000962,True
P_6xP_10__h2_k1__r0__cadical,P_6xP_10,PxP,2,1,cadical,0,60,104,OPT,6,6,6,5,6,6,6,"grid L(2,1), both dimensions >=4",0,True,MATCH,0.4418974750005873,True
P_6xP_10__h3_k2__r0__gurobi,P_6xP_10,PxP,3,2,gurobi,0,60,104,OPT,11,11,11,9,9,177,,degree / distinct spaced labels,2,False,NA,27.407453555999382,True
P_6xP_10__h3_k2__r0__cadical,P_6xP_10,PxP,3,2,cadical,0,60,104,OPT,11,11,11,9,9,177,,degree / distinct spaced labels,2,False,NA,0.8039734889989631,True
ER_20_p0.15_seed0__h1_k1__r0__cadical,ER_20_p0.15_seed0,ER,1,1,cadical,0,20,23,OPT,7,7,7,7,7,19,,degree / distinct spaced labels,0,True,NA,0.6084757289991103,True
ER_20_p0.15_seed0__h1_k1__r0__gurobi,ER_20_p0.15_seed0,ER,1,1,gurobi,0,20,23,OPT,7,7,7,7,7,19,,degree / distinct spaced labels,0,True,NA,0.39410340299946256,True
ER_20_p0.15_seed0__h2_k1__r0__cadical,ER_20_p0.15_seed0,ER,2,1,cadical,0,20,23,OPT,8,8,8,8,8,38,,degree / distinct spaced labels,0,True,NA,0.36824392699963937,True
ER_20_p0.15_seed0__h2_k1__r0__gurobi,ER_20_p0.15_seed0,ER,2,1,gurobi,0,20,23,OPT,8,8,8,8,8,38,,degree / distinct spaced labels,0,True,NA,0.486530195999876,True
ER_20_p0.15_seed0__h3_k2__r0__cadical,ER_20_p0.15_seed0,ER,3,2,cadical,0,20,23,OPT,15,15,15,15,15,57,,degree / distinct spaced labels,0,True,NA,0.3659385660012049,True
ER_20_p0.15_seed0__h3_k2__r0__gurobi,ER_20_p0.15_seed0,ER,3,2,gurobi,0,20,23,OPT,15,15,15,15,15,57,,degree / distinct spaced labels,0,True,NA,0.5862138450011116,True
ER_20_p0.15_seed1__h1_k1__r0__gurobi,ER_20_p0.15_seed1,ER,1,1,gurobi,0,20,28,OPT,7,7,7,7,7,19,,degree / distinct spaced labels,0,True,NA,0.36724003900053503,True
ER_20_p0.15_seed1__h1_k1__r0__cadical,ER_20_p0.15_seed1,ER,1,1,cadical,0,20,28,OPT,7,7,7,7,7,19,,degree / distinct spaced labels,0,True,NA,0.32322067899985996,True
ER_20_p0.15_seed1__h2_k1__r0__gurobi,ER_20_p0.15_seed1,ER,2,1,gurobi,0,20,28,OPT,8,8,8,8,8,38,,degree / distinct spaced labels,0,True,NA,0.4055215580010554,True
ER_20_p0.15_seed1__h2_k1__r0__cadical,ER_20_p0.15_seed1,ER,2,1,cadical,0,20,28,OPT,8,8,8,8,8,38,,degree / distinct spaced labels,0,True,NA,0.28134168300130113,True
ER_20_p0.15_seed1__h3_k2__r0__gurobi,ER_20_p0.15_seed1,ER,3,2,gurobi,0,20,28,OPT,15,15,15,15,15,57,,degree / distinct spaced labels,0,True,NA,0.9456919809999818,True
ER_20_p0.15_seed1__h3_k2__r0__cadical,ER_20_p0.15_seed1,ER,3,2,cadical,0,20,28,OPT,15,15,15,15,15,57,,degree / distinct spaced labels,0,True,NA,0.4990061600001354,True
ER_20_p0.15_seed2__h1_k1__r0__cadical,ER_20_p0.15_seed2,ER,1,1,cadical,0,20,29,OPT,6,6,6,6,6,19,,degree / distinct spaced labels,0,True,NA,0.28741753800022707,True
ER_20_p0.15_seed2__h1_k1__r0__gurobi,ER_20_p0.15_seed2,ER,1,1,gurobi,0,20,29,OPT,6,6,6,6,6,19,,degree / distinct spaced labels,0,True,NA,0.35082018399953085,True
ER_20_p0.15_seed2__h2_k1__r0__cadical,ER_20_p0.15_seed2,ER,2,1,cadical,0,20,29,OPT,7,7,7,7,7,38,,degree / distinct spaced labels,0,True,NA,0.303028346001156,True
ER_20_p0.15_seed2__h2_k1__r0__gurobi,ER_20_p0.15_seed2,ER,2,1,gurobi,0,20,29,OPT,7,7,7,7,7,38,,degree / distinct spaced labels,0,True,NA,0.5407746090004366,True
ER_20_p0.15_seed2__h3_k2__r0__cadical,ER_20_p0.15_seed2,ER,3,2,cadical,0,20,29,OPT,14,14,14,13,13,57,,degree / distinct spaced labels,1,False,NA,0.43600175800020224,True
ER_20_p0.15_seed2__h3_k2__r0__gurobi,ER_20_p0.15_seed2,ER,3,2,gurobi,0,20,29,OPT,14,14,14,13,13,57,,degree / distinct spaced labels,1,False,NA,2.35160910400009,True
ER_20_p0.30_seed0__h1_k1__r0__gurobi,ER_20_p0.30_seed0,ER,1,1,gurobi,0,20,51,OPT,11,11,11,9,9,19,,degree / distinct spaced labels,2,False,NA,0.4079543089992512,True
ER_20_p0.30_seed0__h1_k1__r0__cadical,ER_20_p0.30_seed0,ER,1,1,cadical,0,20,51,OPT,11,11,11,9,9,19,,degree / distinct spaced labels,2,False,NA,1.2381332639997709,True
ER_20_p0.30_seed0__h2_k1__r0__gurobi,ER_20_p0.30_seed0,ER,2,1,gurobi,0,20,51,OPT,11,11,11,10,10,38,,degree / distinct spaced labels,1,False,NA,0.6945136289996299,True
ER_20_p0.30_seed0__h2_k1__r0__cadical,ER_20_p0.30_seed0,ER,2,1,cadical,0,20,51,OPT,11,11,11,10,10,38,,degree / distinct spaced labels,1,False,NA,0.7762508750001871,True
ER_20_p0.30_seed0__h3_k2__r0__gurobi,ER_20_p0.30_seed0,ER,3,2,gurobi,0,20,51,OPT,22,22,22,19,19,57,,degree / distinct spaced labels,3,False,NA,6.110851298000853,True
ER_20_p0.30_seed0__h3_k2__r0__cadical,ER_20_p0.30_seed0,ER,3,2,cadical,0,20,51,OPT,22,22,22,19,19,57,,degree / distinct spaced labels,3,False,NA,11.452193299999635,True
ER_20_p0.30_seed1__h1_k1__r0__cadical,ER_20_p0.30_seed1,ER,1,1,cadical,0,20,58,OPT,13,13,13,11,11,19,,degree / distinct spaced labels,2,False,NA,20.45187814900055,True
ER_20_p0.30_seed1__h1_k1__r0__gurobi,ER_20_p0.30_seed1,ER,1,1,gurobi,0,20,58,OPT,13,13,13,11,11,19,,degree / distinct spaced labels,2,False,NA,0.5458076270006131,True
ER_20_p0.30_seed1__h2_k1__r0__cadical,ER_20_p0.30_seed1,ER,2,1,cadical,0,20,58,OPT,13,13,13,12,12,38,,degree / distinct spaced labels,1,False,NA,4.998759682999662,True
ER_20_p0.30_seed1__h2_k1__r0__gurobi,ER_20_p0.30_seed1,ER,2,1,gurobi,0,20,58,OPT,13,13,13,12,12,38,,degree / distinct spaced labels,1,False,NA,0.8002174849989387,True
ER_20_p0.30_seed1__h3_k2__r0__cadical,ER_20_p0.30_seed1,ER,3,2,cadical,0,20,58,FEASIBLE,23,35,35,23,23,57,,degree / distinct spaced labels,12,False,NA,30.007295399000213,False
ER_20_p0.30_seed1__h3_k2__r0__gurobi,ER_20_p0.30_seed1,ER,3,2,gurobi,0,20,58,OPT,26,26,26,23,23,57,,degree / distinct spaced labels,3,False,NA,6.696111193999968,True
ER_20_p0.30_seed2__h1_k1__r0__gurobi,ER_20_p0.30_seed2,ER,1,1,gurobi,0,20,59,OPT,13,13,13,10,10,19,,degree / distinct spaced labels,3,False,NA,0.6180661040016275,True
ER_20_p0.30_seed2__h1_k1__r0__cadical,ER_20_p0.30_seed2,ER,1,1,cadical,0,20,59,OPT,13,13,13,10,10,19,,degree / distinct spaced labels,3,False,NA,9.541076126999542,True
ER_20_p0.30_seed2__h2_k1__r0__gurobi,ER_20_p0.30_seed2,ER,2,1,gurobi,0,20,59,OPT,13,13,13,11,11,38,,degree / distinct spaced labels,2,False,NA,0.5320606419991236,True
ER_20_p0.30_seed2__h2_k1__r0__cadical,ER_20_p0.30_seed2,ER,2,1,cadical,0,20,59,OPT,13,13,13,11,11,38,,degree / distinct spaced labels,2,False,NA,5.164860928998678,True
ER_20_p0.30_seed2__h3_k2__r0__gurobi,ER_20_p0.30_seed2,ER,3,2,gurobi,0,20,59,OPT,26,26,26,21,21,57,,degree / distinct spaced labels,5,False,NA,2.775597916001061,True
ER_20_p0.30_seed2__h3_k2__r0__cadical,ER_20_p0.30_seed2,ER,3,2,cadical,0,20,59,FEASIBLE,21,34,34,21,21,57,,degree / distinct spaced labels,13,False,NA,30.00804678699933,False
BA_20_m2_seed0__h1_k1__r0__cadical,BA_20_m2_seed0,BA,1,1,cadical,0,20,36,OPT,12,12,12,12,12,19,,degree / distinct spaced labels,0,True,NA,0.6743905349994748,True
BA_20_m2_seed0__h1_k1__r0__gurobi,BA_20_m2_seed0,BA,1,1,gurobi,0,20,36,OPT,12,12,12,12,12,19,,degree / distinct spaced labels,0,True,NA,0.5880274070004816,True
BA_20_m2_seed0__h2_k1__r0__cadical,BA_20_m2_seed0,BA,2,1,cadical,0,20,36,OPT,13,13,13,13,13,38,,degree / distinct spaced labels,0,True,NA,0.26202004199876683,True
BA_20_m2_seed0__h2_k1__r0__gurobi,BA_20_m2_seed0,BA,2,1,gurobi,0,20,36,OPT,13,13,13,13,13,38,,degree / distinct spaced labels,0,True,NA,0.3807848069991451,True
BA_20_m2_seed0__h3_k2__r0__cadical,BA_20_m2_seed0,BA,3,2,cadical,0,20,36,OPT,25,25,25,25,25,57,,degree / distinct spaced labels,0,True,NA,0.478626345999146,True
BA_20_m2_seed0__h3_k2__r0__gurobi,BA_20_m2_seed0,BA,3,2,gurobi,0,20,36,OPT,25,25,25,25,25,57,,degree / distinct spaced labels,0,True,NA,0.7729696709993732,True
BA_20_m2_seed1__h1_k1__r0__gurobi,BA_20_m2_seed1,BA,1,1,gurobi,0,20,36,OPT,12,12,12,12,12,19,,degree / distinct spaced labels,0,True,NA,0.34498454699860304,True
BA_20_m2_seed1__h1_k1__r0__cadical,BA_20_m2_seed1,BA,1,1,cadical,0,20,36,OPT,12,12,12,12,12,19,,degree / distinct spaced labels,0,True,NA,0.24705251200066414,True
BA_20_m2_seed1__h2_k1__r0__gurobi,BA_20_m2_seed1,BA,2,1,gurobi,0,20,36,OPT,13,13,13,13,13,38,,degree / distinct spaced labels,0,True,NA,0.34618721200058644,True
BA_20_m2_seed1__h2_k1__r0__cadical,BA_20_m2_seed1,BA,2,1,cadical,0,20,36,OPT,13,13,13,13,13,38,,degree / distinct spaced labels,0,True,NA,0.26349067899900547,True
BA_20_m2_seed1__h3_k2__r0__gurobi,BA_20_m2_seed1,BA,3,2,gurobi,0,20,36,OPT,25,25,25,25,25,57,,degree / distinct spaced labels,0,True,NA,0.7915301550001459,True
BA_20_m2_seed1__h3_k2__r0__cadical,BA_20_m2_seed1,BA,3,2,cadical,0,20,36,OPT,25,25,25,25,25,57,,degree / distinct spaced labels,0,True,NA,0.5415550600009738,True
BA_20_m2_seed2__h1_k1__r0__cadical,BA_20_m2_seed2,BA,1,1,cadical,0,20,36,OPT,13,13,13,12,12,19,,degree / distinct spaced labels,1,False,NA,4.799370075999832,True
BA_20_m2_seed2__h1_k1__r0__gurobi,BA_20_m2_seed2,BA,1,1,gurobi,0,20,36,OPT,13,13,13,12,12,19,,degree / distinct spaced labels,1,False,NA,0.35249894700064033,True
BA_20_m2_seed2__h2_k1__r0__cadical,BA_20_m2_seed2,BA,2,1,cadical,0,20,36,OPT,13,13,13,13,13,38,,degree / distinct spaced labels,0,True,NA,0.2864895800012164,True
BA_20_m2_seed2__h2_k1__r0__gurobi,BA_20_m2_seed2,BA,2,1,gurobi,0,20,36,OPT,13,13,13,13,13,38,,degree / distinct spaced labels,0,True,NA,0.3690839409991895,True
BA_20_m2_seed2__h3_k2__r0__cadical,BA_20_m2_seed2,BA,3,2,cadical,0,20,36,FEASIBLE,25,30,30,25,25,57,,degree / distinct spaced labels,5,False,NA,30.008382043000893,False
BA_20_m2_seed2__h3_k2__r0__gurobi,BA_20_m2_seed2,BA,3,2,gurobi,0,20,36,OPT,26,26,26,25,25,57,,degree / distinct spaced labels,1,False,NA,1.753252522999901,True
ER_40_p0.15_seed0__h1_k1__r0__gurobi,ER_40_p0.15_seed0,ER,1,1,gurobi,0,40,128,OPT,13,13,13,12,12,39,,degree / distinct spaced labels,1,False,NA,9.43322501900002,True
ER_40_p0.15_seed0__h1_k1__r0__cadical,ER_40_p0.15_seed0,ER,1,1,cadical,0,40,128,FEASIBLE,12,17,17,12,12,39,,degree / distinct spaced labels,5,False,NA,30.006552091999765,False
ER_40_p0.15_seed0__h2_k1__r0__gurobi,ER_40_p0.15_seed0,ER,2,1,gurobi,0,40,128,FEASIBLE,13,21,21,13,13,78,,degree / distinct spaced labels,8,False,NA,30.0081706760011,False
ER_40_p0.15_seed0__h2_k1__r0__cadical,ER_40_p0.15_seed0,ER,2,1,cadical,0,40,128,FEASIBLE,13,21,21,13,13,78,,degree / distinct spaced labels,8,False,NA,30.007413983999868,False
ER_40_p0.15_seed0__h3_k2__r0__gurobi,ER_40_p0.15_seed0,ER,3,2,gurobi,0,40,128,FEASIBLE,25,44,44,25,25,117,,degree / distinct spaced labels,19,False,NA,30.01136573599979,False
ER_40_p0.15_seed0__h3_k2__r0__cadical,ER_40_p0.15_seed0,ER,3,2,cadical,0,40,128,FEASIBLE,25,44,44,25,25,117,,degree / distinct spaced labels,19,False,NA,30.007978468000147,False
ER_40_p0.15_seed1__h1_k1__r0__cadical,ER_40_p0.15_seed1,ER,1,1,cadical,0,40,115,FEASIBLE,10,17,17,10,10,39,,degree / distinct spaced labels,7,False,NA,30.010309084000255,False
ER_40_p0.15_seed1__h1_k1__r0__gurobi,ER_40_p0.15_seed1,ER,1,1,gurobi,0,40,115,OPT,13,13,13,10,10,39,,degree / distinct spaced labels,3,False,NA,19.71516476100078,True
ER_40_p0.15_seed1__h2_k1__r0__cadical,ER_40_p0.15_seed1,ER,2,1,cadical,0,40,115,OPT,13,13,13,11,11,78,,degree / distinct spaced labels,2,False,NA,29.041014180000275,True
ER_40_p0.15_seed1__h2_k1__r0__gurobi,ER_40_p0.15_seed1,ER,2,1,gurobi,0,40,115,FEASIBLE,11,20,20,11,11,78,,degree / distinct spaced labels,9,False,NA,30.00775243300086,False
ER_40_p0.15_seed1__h3_k2__r0__cadical,ER_40_p0.15_seed1,ER,3,2,cadical,0,40,115,FEASIBLE,21,43,43,21,21,117,,degree / distinct spaced labels,22,False,NA,30.007980350001162,False
ER_40_p0.15_seed1__h3_k2__r0__gurobi,ER_40_p0.15_seed1,ER,3,2,gurobi,0,40,115,FEASIBLE,21,43,43,21,21,117,,degree / distinct spaced labels,22,False,NA,30.014590429000236,False
ER_40_p0.15_seed2__h1_k1__r0__gurobi,ER_40_p0.15_seed2,ER,1,1,gurobi,0,40,114,FEASIBLE,12,16,16,12,12,39,,degree / distinct spaced labels,4,False,NA,30.00788388699948,False
ER_40_p0.15_seed2__h1_k1__r0__cadical,ER_40_p0.15_seed2,ER,1,1,cadical,0,40,114,FEASIBLE,12,16,16,12,12,39,,degree / distinct spaced labels,4,False,NA,30.006760643000234,False
ER_40_p0.15_seed2__h2_k1__r0__gurobi,ER_40_p0.15_seed2,ER,2,1,gurobi,0,40,114,FEASIBLE,13,20,20,13,13,78,,degree / distinct spaced labels,7,False,NA,30.007754768999803,False
ER_40_p0.15_seed2__h2_k1__r0__cadical,ER_40_p0.15_seed2,ER,2,1,cadical,0,40,114,FEASIBLE,13,20,20,13,13,78,,degree / distinct spaced labels,7,False,NA,30.007346660999247,False
ER_40_p0.15_seed2__h3_k2__r0__gurobi,ER_40_p0.15_seed2,ER,3,2,gurobi,0,40,114,FEASIBLE,25,39,39,25,25,117,,degree / distinct spaced labels,14,False,NA,30.011331673000313,False
ER_40_p0.15_seed2__h3_k2__r0__cadical,ER_40_p0.15_seed2,ER,3,2,cadical,0,40,114,FEASIBLE,25,39,39,25,25,117,,degree / distinct spaced labels,14,False,NA,30.00917168200067,False
ER_40_p0.30_seed0__h1_k1__r0__cadical,ER_40_p0.30_seed0,ER,1,1,cadical,0,40,230,FEASIBLE,17,35,35,17,17,39,,degree / distinct spaced labels,18,False,NA,30.011063628000556,False
ER_40_p0.30_seed0__h1_k1__r0__gurobi,ER_40_p0.30_seed0,ER,1,1,gurobi,0,40,230,OPT,32,32,32,17,17,39,,degree / distinct spaced labels,15,False,NA,1.5767987500003073,True
ER_40_p0.30_seed0__h2_k1__r0__cadical,ER_40_p0.30_seed0,ER,2,1,cadical,0,40,230,FEASIBLE,18,36,36,18,18,78,,degree / distinct spaced labels,18,False,NA,30.00905998899907,False
ER_40_p0.30_seed0__h2_k1__r0__gurobi,ER_40_p0.30_seed0,ER,2,1,gurobi,0,40,230,OPT,32,32,32,18,18,78,,degree / distinct spaced labels,14,False,NA,3.5002909719987656,True
ER_40_p0.30_seed0__h3_k2__r0__cadical,ER_40_p0.30_seed0,ER,3,2,cadical,0,40,230,FEASIBLE,35,77,77,35,35,117,,degree / distinct spaced labels,42,False,NA,30.01483156300128,False
ER_40_p0.30_seed0__h3_k2__r0__gurobi,ER_40_p0.30_seed0,ER,3,2,gurobi,0,40,230,OPT,64,64,64,35,35,117,,degree / distinct spaced labels,29,False,NA,24.94377143699967,True
ER_40_p0.30_seed1__h1_k1__r0__gurobi,ER_40_p0.30_seed1,ER,1,1,gurobi,0,40,228,OPT,32,32,32,17,17,39,,degree / distinct spaced labels,15,False,NA,1.1988998779997928,True
ER_40_p0.30_seed1__h1_k1__r0__cadical,ER_40_p0.30_seed1,ER,1,1,cadical,0,40,228,FEASIBLE,17,32,32,17,17,39,,degree / distinct spaced labels,15,False,NA,30.009625996000977,False
ER_40_p0.30_seed1__h2_k1__r0__gurobi,ER_40_p0.30_seed1,ER,2,1,gurobi,0,40,228,OPT,32,32,32,18,18,78,,degree / distinct spaced labels,14,False,NA,4.233465481000167,True
ER_40_p0.30_seed1__h2_k1__r0__cadical,ER_40_p0.30_seed1,ER,2,1,cadical,0,40,228,FEASIBLE,18,36,36,18,18,78,,degree / distinct spaced labels,18,False,NA,30.010405807999632,False
ER_40_p0.30_seed1__h3_k2__r0__gurobi,ER_40_p0.30_seed1,ER,3,2,gurobi,0,40,228,FEASIBLE,35,78,78,35,35,117,,degree / distinct spaced labels,43,False,NA,30.01552218300094,False
ER_40_p0.30_seed1__h3_k2__r0__cadical,ER_40_p0.30_seed1,ER,3,2,cadical,0,40,228,FEASIBLE,35,78,78,35,35,117,,degree / distinct spaced labels,43,False,NA,30.014955218000978,False
ER_40_p0.30_seed2__h1_k1__r0__cadical,ER_40_p0.30_seed2,ER,1,1,cadical,0,40,226,FEASIBLE,18,32,32,18,18,39,,degree / distinct spaced labels,14,False,NA,30.00792418400124,False
ER_40_p0.30_seed2__h1_k1__r0__gurobi,ER_40_p0.30_seed2,ER,1,1,gurobi,0,40,226,OPT,32,32,32,18,18,39,,degree / distinct spaced labels,14,False,NA,0.852417484000398,True
ER_40_p0.30_seed2__h2_k1__r0__cadical,ER_40_p0.30_seed2,ER,2,1,cadical,0,40,226,FEASIBLE,19,36,36,19,19,78,,degree / distinct spaced labels,17,False,NA,30.010075870000946,False
ER_40_p0.30_seed2__h2_k1__r0__gurobi,ER_40_p0.30_seed2,ER,2,1,gurobi,0,40,226,OPT,32,32,32,19,19,78,,degree / distinct spaced labels,13,False,NA,3.6092664480001986,True
ER_40_p0.30_seed2__h3_k2__r0__cadical,ER_40_p0.30_seed2,ER,3,2,cadical,0,40,226,FEASIBLE,37,74,74,37,37,117,,degree / distinct spaced labels,37,False,NA,30.016041562999817,False
ER_40_p0.30_seed2__h3_k2__r0__gurobi,ER_40_p0.30_seed2,ER,3,2,gurobi,0,40,226,OPT,64,64,64,37,37,117,,degree / distinct spaced labels,27,False,NA,19.356612534000305,True
BA_40_m2_seed0__h1_k1__r0__gurobi,BA_40_m2_seed0,BA,1,1,gurobi,0,40,76,OPT,15,15,15,15,15,39,,degree / distinct spaced labels,0,True,NA,0.9352058630011015,True
BA_40_m2_seed0__h1_k1__r0__cadical,BA_40_m2_seed0,BA,1,1,cadical,0,40,76,OPT,15,15,15,15,15,39,,degree / distinct spaced labels,0,True,NA,0.27168903200072236,True
BA_40_m2_seed0__h2_k1__r0__gurobi,BA_40_m2_seed0,BA,2,1,gurobi,0,40,76,OPT,16,16,16,16,16,78,,degree / distinct spaced labels,0,True,NA,0.8329077660000621,True
BA_40_m2_seed0__h2_k1__r0__cadical,BA_40_m2_seed0,BA,2,1,cadical,0,40,76,OPT,16,16,16,16,16,78,,degree / distinct spaced labels,0,True,NA,0.3240332880013739,True
BA_40_m2_seed0__h3_k2__r0__gurobi,BA_40_m2_seed0,BA,3,2,gurobi,0,40,76,OPT,31,31,31,31,31,117,,degree / distinct spaced labels,0,True,NA,3.05681539500074,True
BA_40_m2_seed0__h3_k2__r0__cadical,BA_40_m2_seed0,BA,3,2,cadical,0,40,76,OPT,31,31,31,31,31,117,,degree / distinct spaced labels,0,True,NA,1.304509636000148,True
BA_40_m2_seed1__h1_k1__r0__cadical,BA_40_m2_seed1,BA,1,1,cadical,0,40,76,OPT,16,16,16,16,16,39,,degree / distinct spaced labels,0,True,NA,0.40210852999916824,True
BA_40_m2_seed1__h1_k1__r0__gurobi,BA_40_m2_seed1,BA,1,1,gurobi,0,40,76,OPT,16,16,16,16,16,39,,degree / distinct spaced labels,0,True,NA,0.4823690250013897,True
BA_40_m2_seed1__h2_k1__r0__cadical,BA_40_m2_seed1,BA,2,1,cadical,0,40,76,OPT,17,17,17,17,17,78,,degree / distinct spaced labels,0,True,NA,0.36211173400079133,True
BA_40_m2_seed1__h2_k1__r0__gurobi,BA_40_m2_seed1,BA,2,1,gurobi,0,40,76,OPT,17,17,17,17,17,78,,degree / distinct spaced labels,0,True,NA,0.8996354440005234,True
BA_40_m2_seed1__h3_k2__r0__cadical,BA_40_m2_seed1,BA,3,2,cadical,0,40,76,OPT,33,33,33,33,33,117,,degree / distinct spaced labels,0,True,NA,1.5877886540001782,True
BA_40_m2_seed1__h3_k2__r0__gurobi,BA_40_m2_seed1,BA,3,2,gurobi,0,40,76,OPT,33,33,33,33,33,117,,degree / distinct spaced labels,0,True,NA,3.492245023999203,True
BA_40_m2_seed2__h1_k1__r0__gurobi,BA_40_m2_seed2,BA,1,1,gurobi,0,40,76,OPT,16,16,16,16,16,39,,degree / distinct spaced labels,0,True,NA,0.619316037000317,True
BA_40_m2_seed2__h1_k1__r0__cadical,BA_40_m2_seed2,BA,1,1,cadical,0,40,76,OPT,16,16,16,16,16,39,,degree / distinct spaced labels,0,True,NA,0.26153090099978726,True
BA_40_m2_seed2__h2_k1__r0__gurobi,BA_40_m2_seed2,BA,2,1,gurobi,0,40,76,OPT,17,17,17,17,17,78,,degree / distinct spaced labels,0,True,NA,0.6877717320003285,True
BA_40_m2_seed2__h2_k1__r0__cadical,BA_40_m2_seed2,BA,2,1,cadical,0,40,76,OPT,17,17,17,17,17,78,,degree / distinct spaced labels,0,True,NA,0.44102628600012395,True
BA_40_m2_seed2__h3_k2__r0__gurobi,BA_40_m2_seed2,BA,3,2,gurobi,0,40,76,OPT,33,33,33,33,33,117,,degree / distinct spaced labels,0,True,NA,2.580694918999143,True
BA_40_m2_seed2__h3_k2__r0__cadical,BA_40_m2_seed2,BA,3,2,cadical,0,40,76,OPT,33,33,33,33,33,117,,degree / distinct spaced labels,0,True,NA,1.251878098000816,True
ER_60_p0.15_seed0__h1_k1__r0__cadical,ER_60_p0.15_seed0,ER,1,1,cadical,0,60,272,FEASIBLE,17,27,27,17,17,59,,degree / distinct spaced labels,10,False,NA,30.00882638300027,False
ER_60_p0.15_seed0__h1_k1__r0__gurobi,ER_60_p0.15_seed0,ER,1,1,gurobi,0,60,272,FEASIBLE,17,27,27,17,17,59,,degree / distinct spaced labels,10,False,NA,30.009430048001377,False
ER_60_p0.15_seed0__h2_k1__r0__cadical,ER_60_p0.15_seed0,ER,2,1,cadical,0,60,272,FEASIBLE,18,31,31,18,18,118,,degree / distinct spaced labels,13,False,NA,30.010089473000335,False
ER_60_p0.15_seed0__h2_k1__r0__gurobi,ER_60_p0.15_seed0,ER,2,1,gurobi,0,60,272,FEASIBLE,18,31,31,18,18,118,,degree / distinct spaced labels,13,False,NA,30.01111865799976,False
ER_60_p0.15_seed0__h3_k2__r0__cadical,ER_60_p0.15_seed0,ER,3,2,cadical,0,60,272,FEASIBLE,35,66,66,35,35,177,,degree / distinct spaced labels,31,False,NA,30.01429794700016,False
ER_60_p0.15_seed0__h3_k2__r0__gurobi,ER_60_p0.15_seed0,ER,3,2,gurobi,0,60,272,FEASIBLE,35,66,66,35,35,177,,degree / distinct spaced labels,31,False,NA,30.019862635001118,False
ER_60_p0.15_seed1__h1_k1__r0__gurobi,ER_60_p0.15_seed1,ER,1,1,gurobi,0,60,261,FEASIBLE,17,27,27,17,17,59,,degree / distinct spaced labels,10,False,NA,30.009251544999643,False
ER_60_p0.15_seed1__h1_k1__r0__cadical,ER_60_p0.15_seed1,ER,1,1,cadical,0,60,261,FEASIBLE,17,27,27,17,17,59,,degree / distinct spaced labels,10,False,NA,30.00775005000105,False
ER_60_p0.15_seed1__h2_k1__r0__gurobi,ER_60_p0.15_seed1,ER,2,1,gurobi,0,60,261,FEASIBLE,18,31,31,18,18,118,,degree / distinct spaced labels,13,False,NA,30.01118432199837,False
ER_60_p0.15_seed1__h2_k1__r0__cadical,ER_60_p0.15_seed1,ER,2,1,cadical,0,60,261,FEASIBLE,18,31,31,18,18,118,,degree / distinct spaced labels,13,False,NA,30.00862761999997,False
ER_60_p0.15_seed1__h3_k2__r0__gurobi,ER_60_p0.15_seed1,ER,3,2,gurobi,0,60,261,FEASIBLE,35,64,64,35,35,177,,degree / distinct spaced labels,29,False,NA,30.019829539998682,False
ER_60_p0.15_seed1__h3_k2__r0__cadical,ER_60_p0.15_seed1,ER,3,2,cadical,0,60,261,FEASIBLE,35,64,64,35,35,177,,degree / distinct spaced labels,29,False,NA,30.013837907999914,False
ER_60_p0.15_seed2__h1_k1__r0__cadical,ER_60_p0.15_seed2,ER,1,1,cadical,0,60,251,FEASIBLE,14,25,25,14,14,59,,degree / distinct spaced labels,11,False,NA,30.009238210999683,False
ER_60_p0.15_seed2__h1_k1__r0__gurobi,ER_60_p0.15_seed2,ER,1,1,gurobi,0,60,251,FEASIBLE,14,25,25,14,14,59,,degree / distinct spaced labels,11,False,NA,30.008570152000175,False
ER_60_p0.15_seed2__h2_k1__r0__cadical,ER_60_p0.15_seed2,ER,2,1,cadical,0,60,251,FEASIBLE,15,28,28,15,15,118,,degree / distinct spaced labels,13,False,NA,30.00852325500091,False
ER_60_p0.15_seed2__h2_k1__r0__gurobi,ER_60_p0.15_seed2,ER,2,1,gurobi,0,60,251,FEASIBLE,15,28,28,15,15,118,,degree / distinct spaced labels,13,False,NA,30.010009300000092,False
ER_60_p0.15_seed2__h3_k2__r0__cadical,ER_60_p0.15_seed2,ER,3,2,cadical,0,60,251,FEASIBLE,29,63,63,29,29,177,,degree / distinct spaced labels,34,False,NA,30.013822345001245,False
ER_60_p0.15_seed2__h3_k2__r0__gurobi,ER_60_p0.15_seed2,ER,3,2,gurobi,0,60,251,FEASIBLE,29,63,63,29,29,177,,degree / distinct spaced labels,34,False,NA,30.023086196000804,False
ER_60_p0.30_seed0__h1_k1__r0__gurobi,ER_60_p0.30_seed0,ER,1,1,gurobi,0,60,510,OPT,55,55,55,24,24,59,,degree / distinct spaced labels,31,False,NA,3.084094742000161,True
ER_60_p0.30_seed0__h1_k1__r0__cadical,ER_60_p0.30_seed0,ER,1,1,cadical,0,60,510,FEASIBLE,24,56,56,24,24,59,,degree / distinct spaced labels,32,False,NA,30.0098681340005,False
ER_60_p0.30_seed0__h2_k1__r0__gurobi,ER_60_p0.30_seed0,ER,2,1,gurobi,0,60,510,OPT,55,55,55,25,25,118,,degree / distinct spaced labels,30,False,NA,7.464955817998998,True
ER_60_p0.30_seed0__h2_k1__r0__cadical,ER_60_p0.30_seed0,ER,2,1,cadical,0,60,510,FEASIBLE,25,57,57,25,25,118,,degree / distinct spaced labels,32,False,NA,30.01671277999958,False
ER_60_p0.30_seed0__h3_k2__r0__gurobi,ER_60_p0.30_seed0,ER,3,2,gurobi,0,60,510,FEASIBLE,49,125,125,49,49,177,,degree / distinct spaced labels,76,False,NA,30.045433668999976,False
ER_60_p0.30_seed0__h3_k2__r0__cadical,ER_60_p0.30_seed0,ER,3,2,cadical,0,60,510,FEASIBLE,49,125,125,49,49,177,,degree / distinct spaced labels,76,False,NA,30.0315617010001,False
ER_60_p0.30_seed1__h1_k1__r0__cadical,ER_60_p0.30_seed1,ER,1,1,cadical,0,60,518,FEASIBLE,28,55,55,28,28,59,,degree / distinct spaced labels,27,False,NA,30.010052128000098,False
ER_60_p0.30_seed1__h1_k1__r0__gurobi,ER_60_p0.30_seed1,ER,1,1,gurobi,0,60,518,OPT,55,55,55,28,28,59,,degree / distinct spaced labels,27,False,NA,2.1199073099996895,True
ER_60_p0.30_seed1__h2_k1__r0__cadical,ER_60_p0.30_seed1,ER,2,1,cadical,0,60,518,FEASIBLE,29,58,58,29,29,118,,degree / distinct spaced labels,29,False,NA,30.010729489998994,False
ER_60_p0.30_seed1__h2_k1__r0__gurobi,ER_60_p0.30_seed1,ER,2,1,gurobi,0,60,518,OPT,55,55,55,29,29,118,,degree / distinct spaced labels,26,False,NA,11.47154208900065,True
ER_60_p0.30_seed1__h3_k2__r0__cadical,ER_60_p0.30_seed1,ER,3,2,cadical,0,60,518,FEASIBLE,57,131,131,57,57,177,,degree / distinct spaced labels,74,False,NA,30.038120475999676,False
ER_60_p0.30_seed1__h3_k2__r0__gurobi,ER_60_p0.30_seed1,ER,3,2,gurobi,0,60,518,FEASIBLE,57,131,131,57,57,177,,degree / distinct spaced labels,74,False,NA,30.037712545999966,False
ER_60_p0.30_seed2__h1_k1__r0__gurobi,ER_60_p0.30_seed2,ER,1,1,gurobi,0,60,519,OPT,56,56,56,24,24,59,,degree / distinct spaced labels,32,False,NA,2.3895688000011432,True
ER_60_p0.30_seed2__h1_k1__r0__cadical,ER_60_p0.30_seed2,ER,1,1,cadical,0,60,519,FEASIBLE,24,56,56,24,24,59,,degree / distinct spaced labels,32,False,NA,30.012494306000008,False
ER_60_p0.30_seed2__h2_k1__r0__gurobi,ER_60_p0.30_seed2,ER,2,1,gurobi,0,60,519,OPT,56,56,56,25,25,118,,degree / distinct spaced labels,31,False,NA,15.993493062000198,True
ER_60_p0.30_seed2__h2_k1__r0__cadical,ER_60_p0.30_seed2,ER,2,1,cadical,0,60,519,FEASIBLE,25,57,57,25,25,118,,degree / distinct spaced labels,32,False,NA,30.01315169099871,False
ER_60_p0.30_seed2__h3_k2__r0__gurobi,ER_60_p0.30_seed2,ER,3,2,gurobi,0,60,519,FEASIBLE,49,132,132,49,49,177,,degree / distinct spaced labels,83,False,NA,30.032576433999566,False
ER_60_p0.30_seed2__h3_k2__r0__cadical,ER_60_p0.30_seed2,ER,3,2,cadical,0,60,519,FEASIBLE,49,132,132,49,49,177,,degree / distinct spaced labels,83,False,NA,30.028671361000306,False
BA_60_m2_seed0__h1_k1__r0__cadical,BA_60_m2_seed0,BA,1,1,cadical,0,60,116,OPT,19,19,19,19,19,59,,degree / distinct spaced labels,0,True,NA,0.2931891200005339,True
BA_60_m2_seed0__h1_k1__r0__gurobi,BA_60_m2_seed0,BA,1,1,gurobi,0,60,116,OPT,19,19,19,19,19,59,,degree / distinct spaced labels,0,True,NA,0.7586547219998465,True
BA_60_m2_seed0__h2_k1__r0__cadical,BA_60_m2_seed0,BA,2,1,cadical,0,60,116,OPT,20,20,20,20,20,118,,degree / distinct spaced labels,0,True,NA,0.37813386299967533,True
BA_60_m2_seed0__h2_k1__r0__gurobi,BA_60_m2_seed0,BA,2,1,gurobi,0,60,116,OPT,20,20,20,20,20,118,,degree / distinct spaced labels,0,True,NA,1.022244400001,True
BA_60_m2_seed0__h3_k2__r0__cadical,BA_60_m2_seed0,BA,3,2,cadical,0,60,116,OPT,39,39,39,39,39,177,,degree / distinct spaced labels,0,True,NA,1.6665495079996617,True
BA_60_m2_seed0__h3_k2__r0__gurobi,BA_60_m2_seed0,BA,3,2,gurobi,0,60,116,OPT,39,39,39,39,39,177,,degree / distinct spaced labels,0,True,NA,3.8205170199998975,True
BA_60_m2_seed1__h1_k1__r0__gurobi,BA_60_m2_seed1,BA,1,1,gurobi,0,60,116,OPT,18,18,18,18,18,59,,degree / distinct spaced labels,0,True,NA,0.5727251160005835,True
BA_60_m2_seed1__h1_k1__r0__cadical,BA_60_m2_seed1,BA,1,1,cadical,0,60,116,OPT,18,18,18,18,18,59,,degree / distinct spaced labels,0,True,NA,0.44665314099984244,True
BA_60_m2_seed1__h2_k1__r0__gurobi,BA_60_m2_seed1,BA,2,1,gurobi,0,60,116,OPT,19,19,19,19,19,118,,degree / distinct spaced labels,0,True,NA,0.9884532560008665,True
BA_60_m2_seed1__h2_k1__r0__cadical,BA_60_m2_seed1,BA,2,1,cadical,0,60,116,OPT,19,19,19,19,19,118,,degree / distinct spaced labels,0,True,NA,0.37632377699992503,True
BA_60_m2_seed1__h3_k2__r0__gurobi,BA_60_m2_seed1,BA,3,2,gurobi,0,60,116,OPT,37,37,37,37,37,177,,degree / distinct spaced labels,0,True,NA,4.5552573570003005,True
BA_60_m2_seed1__h3_k2__r0__cadical,BA_60_m2_seed1,BA,3,2,cadical,0,60,116,OPT,37,37,37,37,37,177,,degree / distinct spaced labels,0,True,NA,2.3577232640000148,True
BA_60_m2_seed2__h1_k1__r0__cadical,BA_60_m2_seed2,BA,1,1,cadical,0,60,116,OPT,20,20,20,20,20,59,,degree / distinct spaced labels,0,True,NA,0.40686059200015734,True
BA_60_m2_seed2__h1_k1__r0__gurobi,BA_60_m2_seed2,BA,1,1,gurobi,0,60,116,OPT,20,20,20,20,20,59,,degree / distinct spaced labels,0,True,NA,0.6303253750011208,True
BA_60_m2_seed2__h2_k1__r0__cadical,BA_60_m2_seed2,BA,2,1,cadical,0,60,116,OPT,21,21,21,21,21,118,,degree / distinct spaced labels,0,True,NA,0.5703006379990256,True
BA_60_m2_seed2__h2_k1__r0__gurobi,BA_60_m2_seed2,BA,2,1,gurobi,0,60,116,OPT,21,21,21,21,21,118,,degree / distinct spaced labels,0,True,NA,0.9957270319991949,True
BA_60_m2_seed2__h3_k2__r0__cadical,BA_60_m2_seed2,BA,3,2,cadical,0,60,116,OPT,41,41,41,41,41,177,,degree / distinct spaced labels,0,True,NA,2.6671846920016833,True
BA_60_m2_seed2__h3_k2__r0__gurobi,BA_60_m2_seed2,BA,3,2,gurobi,0,60,116,OPT,41,41,41,41,41,177,,degree / distinct spaced labels,0,True,NA,6.599388228998578,True
