Family,h,k,Cases,Joint_OPT_Within_Budget,Exact_Reference_Cases,cadical_OPT,cadical_FEASIBLE,cadical_Theory_Optimal,cadical_Paired_Median_Seconds,gurobi_OPT,gurobi_FEASIBLE,gurobi_Theory_Optimal,gurobi_Paired_Median_Seconds
BA,1,1,9,9,0,9,0,8,0.40210852999916824,9,0,8,0.5880274070004816
BA,2,1,9,9,0,9,0,9,0.36211173400079133,9,0,9,0.8329077660000621
BA,3,2,9,8,0,8,1,8,1.4461491450001631,9,0,8,3.2745302094999715
ER,1,1,18,6,0,6,12,3,0.9233044964994406,14,4,3,0.4010288559993569
ER,2,1,18,6,0,7,11,3,0.5722474009999132,12,6,3,0.5364176254997801
ER,3,2,18,4,0,4,14,2,0.46750395900016883,8,10,2,1.648650542500036
PxP,1,1,3,3,0,3,0,3,0.3931883029999881,3,0,3,0.5842555489998631
PxP,2,1,3,3,3,3,0,3,0.4345846110009006,3,0,3,1.7835077489999094
PxP,3,2,3,3,0,3,0,0,0.44338207300097565,3,0,0,10.602424439999595
tree,1,1,9,9,9,9,0,9,0.2702115540014347,9,0,9,0.34066747300130373
tree,2,1,9,9,0,9,0,8,0.292520949999016,9,0,8,0.36192013199979556
tree,3,2,9,9,0,9,0,5,0.3480870959992899,9,0,5,0.5598322639998514
