Instance,Family,h,k,Bound_Source,V,E,D2,Model_Span,SAT_Variables,SAT_Raw_Clauses,ILP_Binary,ILP_Integer,ILP_Constraints
tree_20_seed0,tree,1,1,minimum_validated_witness_span,20,19,23,3,60,208,80,1,208
tree_20_seed0,tree,2,1,minimum_validated_witness_span,20,19,23,5,100,522,120,1,482
tree_20_seed0,tree,3,2,minimum_validated_witness_span,20,19,23,8,160,1456,180,1,1356
tree_20_seed1,tree,1,1,minimum_validated_witness_span,20,19,25,4,80,280,100,1,260
tree_20_seed1,tree,2,1,minimum_validated_witness_span,20,19,25,5,100,534,120,1,494
tree_20_seed1,tree,3,2,minimum_validated_witness_span,20,19,25,9,180,1696,200,1,1576
tree_20_seed2,tree,1,1,minimum_validated_witness_span,20,19,23,3,60,208,80,1,208
tree_20_seed2,tree,2,1,minimum_validated_witness_span,20,19,23,4,80,422,100,1,402
tree_20_seed2,tree,3,2,minimum_validated_witness_span,20,19,23,8,160,1456,180,1,1356
tree_40_seed0,tree,1,1,minimum_validated_witness_span,40,39,52,4,160,575,200,1,535
tree_40_seed0,tree,2,1,minimum_validated_witness_span,40,39,52,5,200,1096,240,1,1016
tree_40_seed0,tree,3,2,minimum_validated_witness_span,40,39,52,9,360,3492,400,1,3252
tree_40_seed1,tree,1,1,minimum_validated_witness_span,40,39,64,6,240,921,280,1,801
tree_40_seed1,tree,2,1,minimum_validated_witness_span,40,39,64,7,280,1610,320,1,1450
tree_40_seed1,tree,3,2,minimum_validated_witness_span,40,39,64,13,520,5536,560,1,5136
tree_40_seed2,tree,1,1,minimum_validated_witness_span,40,39,54,4,160,585,200,1,545
tree_40_seed2,tree,2,1,minimum_validated_witness_span,40,39,54,5,200,1108,240,1,1028
tree_40_seed2,tree,3,2,minimum_validated_witness_span,40,39,54,10,400,3945,440,1,3665
tree_60_seed0,tree,1,1,minimum_validated_witness_span,60,59,84,5,300,1098,360,1,978
tree_60_seed0,tree,2,1,minimum_validated_witness_span,60,59,84,6,360,2009,420,1,1829
tree_60_seed0,tree,3,2,minimum_validated_witness_span,60,59,84,11,660,6642,720,1,6162
tree_60_seed1,tree,1,1,minimum_validated_witness_span,60,59,94,6,360,1371,420,1,1191
tree_60_seed1,tree,2,1,minimum_validated_witness_span,60,59,94,7,420,2410,480,1,2170
tree_60_seed1,tree,3,2,minimum_validated_witness_span,60,59,94,13,780,8256,840,1,7656
tree_60_seed2,tree,1,1,minimum_validated_witness_span,60,59,81,4,240,880,300,1,820
tree_60_seed2,tree,2,1,minimum_validated_witness_span,60,59,81,5,300,1670,360,1,1550
tree_60_seed2,tree,3,2,minimum_validated_witness_span,60,59,81,10,600,5942,660,1,5522
P_4xP_5,PxP,1,1,minimum_validated_witness_span,20,31,46,4,80,445,100,1,425
P_4xP_5,PxP,2,1,minimum_validated_witness_span,20,31,46,6,120,1011,140,1,951
P_4xP_5,PxP,3,2,minimum_validated_witness_span,20,31,46,11,220,3438,240,1,3278
P_5xP_8,PxP,1,1,minimum_validated_witness_span,40,67,110,4,160,1005,200,1,965
P_5xP_8,PxP,2,1,minimum_validated_witness_span,40,67,110,6,240,2243,280,1,2123
P_5xP_8,PxP,3,2,minimum_validated_witness_span,40,67,110,11,440,7758,480,1,7438
P_6xP_10,PxP,1,1,minimum_validated_witness_span,60,104,178,4,240,1590,300,1,1530
P_6xP_10,PxP,2,1,minimum_validated_witness_span,60,104,178,6,360,3522,420,1,3342
P_6xP_10,PxP,3,2,minimum_validated_witness_span,60,104,178,11,660,12268,720,1,11788
ER_20_p0.15_seed0,ER,1,1,minimum_validated_witness_span,20,23,46,7,140,672,160,1,592
ER_20_p0.15_seed0,ER,2,1,minimum_validated_witness_span,20,23,46,8,160,1129,180,1,1029
ER_20_p0.15_seed0,ER,3,2,minimum_validated_witness_span,20,23,46,15,300,4098,320,1,3858
ER_20_p0.15_seed1,ER,1,1,minimum_validated_witness_span,20,28,60,7,140,824,160,1,744
ER_20_p0.15_seed1,ER,2,1,minimum_validated_witness_span,20,28,60,8,160,1380,180,1,1280
ER_20_p0.15_seed1,ER,3,2,minimum_validated_witness_span,20,28,60,15,300,5112,320,1,4872
ER_20_p0.15_seed2,ER,1,1,minimum_validated_witness_span,20,29,54,6,120,681,140,1,621
ER_20_p0.15_seed2,ER,2,1,minimum_validated_witness_span,20,29,54,7,140,1190,160,1,1110
ER_20_p0.15_seed2,ER,3,2,minimum_validated_witness_span,20,29,54,14,280,4583,300,1,4363
ER_20_p0.30_seed0,ER,1,1,minimum_validated_witness_span,20,51,99,11,220,2000,240,1,1840
ER_20_p0.30_seed0,ER,2,1,minimum_validated_witness_span,20,51,99,11,220,3122,240,1,2962
ER_20_p0.30_seed0,ER,3,2,minimum_validated_witness_span,20,51,99,22,440,12612,460,1,12232
ER_20_p0.30_seed1,ER,1,1,minimum_validated_witness_span,20,58,113,13,260,2634,280,1,2434
ER_20_p0.30_seed1,ER,2,1,minimum_validated_witness_span,20,58,113,13,260,4142,280,1,3942
ER_20_p0.30_seed1,ER,3,2,minimum_validated_witness_span,20,58,113,26,520,16909,540,1,16449
ER_20_p0.30_seed2,ER,1,1,minimum_validated_witness_span,20,59,104,13,260,2522,280,1,2322
ER_20_p0.30_seed2,ER,2,1,minimum_validated_witness_span,20,59,104,13,260,4056,280,1,3856
ER_20_p0.30_seed2,ER,3,2,minimum_validated_witness_span,20,59,104,26,520,16327,540,1,15867
BA_20_m2_seed0,BA,1,1,minimum_validated_witness_span,20,36,98,12,240,1962,260,1,1782
BA_20_m2_seed0,BA,2,1,minimum_validated_witness_span,20,36,98,13,260,3052,280,1,2852
BA_20_m2_seed0,BA,3,2,minimum_validated_witness_span,20,36,98,25,500,12392,520,1,11952
BA_20_m2_seed1,BA,1,1,minimum_validated_witness_span,20,36,100,12,240,1988,260,1,1808
BA_20_m2_seed1,BA,2,1,minimum_validated_witness_span,20,36,100,13,260,3080,280,1,2880
BA_20_m2_seed1,BA,3,2,minimum_validated_witness_span,20,36,100,25,500,12544,520,1,12104
BA_20_m2_seed2,BA,1,1,minimum_validated_witness_span,20,36,108,13,260,2256,280,1,2056
BA_20_m2_seed2,BA,2,1,minimum_validated_witness_span,20,36,108,13,260,3192,280,1,2992
BA_20_m2_seed2,BA,3,2,minimum_validated_witness_span,20,36,108,26,520,13676,540,1,13216
ER_40_p0.15_seed0,ER,1,1,minimum_validated_witness_span,40,128,402,13,520,7900,560,1,7500
ER_40_p0.15_seed0,ER,2,1,minimum_validated_witness_span,40,128,402,21,840,17836,880,1,17116
ER_40_p0.15_seed0,ER,3,2,minimum_validated_witness_span,40,128,402,44,1760,83218,1800,1,81578
ER_40_p0.15_seed1,ER,1,1,minimum_validated_witness_span,40,115,380,13,520,7410,560,1,7010
ER_40_p0.15_seed1,ER,2,1,minimum_validated_witness_span,40,115,380,13,520,10400,560,1,10000
ER_40_p0.15_seed1,ER,3,2,minimum_validated_witness_span,40,115,380,43,1720,75690,1760,1,74090
ER_40_p0.15_seed2,ER,1,1,minimum_validated_witness_span,40,114,383,16,640,9049,680,1,8529
ER_40_p0.15_seed2,ER,2,1,minimum_validated_witness_span,40,114,383,20,800,15757,840,1,15077
ER_40_p0.15_seed2,ER,3,2,minimum_validated_witness_span,40,114,383,39,1560,68830,1600,1,67390
ER_40_p0.30_seed0,ER,1,1,minimum_validated_witness_span,40,230,538,32,1280,26584,1320,1,25424
ER_40_p0.30_seed0,ER,2,1,minimum_validated_witness_span,40,230,538,32,1280,41304,1320,1,40144
ER_40_p0.30_seed0,ER,3,2,minimum_validated_witness_span,40,230,538,64,2560,179724,2600,1,177284
ER_40_p0.30_seed1,ER,1,1,minimum_validated_witness_span,40,228,533,32,1280,26353,1320,1,25193
ER_40_p0.30_seed1,ER,2,1,minimum_validated_witness_span,40,228,533,32,1280,40945,1320,1,39785
ER_40_p0.30_seed1,ER,3,2,minimum_validated_witness_span,40,228,533,78,3120,217027,3160,1,214027
ER_40_p0.30_seed2,ER,1,1,minimum_validated_witness_span,40,226,527,32,1280,26089,1320,1,24929
ER_40_p0.30_seed2,ER,2,1,minimum_validated_witness_span,40,226,527,32,1280,40553,1320,1,39393
ER_40_p0.30_seed2,ER,3,2,minimum_validated_witness_span,40,226,527,64,2560,176325,2600,1,173885
BA_40_m2_seed0,BA,1,1,minimum_validated_witness_span,40,76,301,15,600,6592,640,1,6112
BA_40_m2_seed0,BA,2,1,minimum_validated_witness_span,40,76,301,16,640,9441,680,1,8921
BA_40_m2_seed0,BA,3,2,minimum_validated_witness_span,40,76,301,31,1240,41198,1280,1,40078
BA_40_m2_seed1,BA,1,1,minimum_validated_witness_span,40,76,278,16,640,6618,680,1,6098
BA_40_m2_seed1,BA,2,1,minimum_validated_witness_span,40,76,278,17,680,9596,720,1,9036
BA_40_m2_seed1,BA,3,2,minimum_validated_witness_span,40,76,278,33,1320,41544,1360,1,40344
BA_40_m2_seed2,BA,1,1,minimum_validated_witness_span,40,76,277,16,640,6601,680,1,6081
BA_40_m2_seed2,BA,2,1,minimum_validated_witness_span,40,76,277,17,680,9578,720,1,9018
BA_40_m2_seed2,BA,3,2,minimum_validated_witness_span,40,76,277,33,1320,41444,1360,1,40244
ER_60_p0.15_seed0,ER,1,1,minimum_validated_witness_span,60,272,1135,27,1620,40956,1680,1,39516
ER_60_p0.15_seed0,ER,2,1,minimum_validated_witness_span,60,272,1135,31,1860,63688,1920,1,62008
ER_60_p0.15_seed0,ER,3,2,minimum_validated_witness_span,60,272,1135,66,3960,319253,4020,1,315473
ER_60_p0.15_seed1,ER,1,1,minimum_validated_witness_span,60,261,1095,27,1620,39528,1680,1,38088
ER_60_p0.15_seed1,ER,2,1,minimum_validated_witness_span,60,261,1095,31,1860,61374,1920,1,59694
ER_60_p0.15_seed1,ER,3,2,minimum_validated_witness_span,60,261,1095,64,3840,298374,3900,1,294714
ER_60_p0.15_seed2,ER,1,1,minimum_validated_witness_span,60,251,1050,25,1500,35266,1560,1,33946
ER_60_p0.15_seed2,ER,2,1,minimum_validated_witness_span,60,251,1050,28,1680,53405,1740,1,51905
ER_60_p0.15_seed2,ER,3,2,minimum_validated_witness_span,60,251,1050,63,3780,282034,3840,1,278434
ER_60_p0.30_seed0,ER,1,1,minimum_validated_witness_span,60,510,1251,55,3300,101856,3360,1,98736
ER_60_p0.30_seed0,ER,2,1,minimum_validated_witness_span,60,510,1251,55,3300,157956,3360,1,154836
ER_60_p0.30_seed0,ER,3,2,minimum_validated_witness_span,60,510,1251,125,7500,796056,7560,1,788736
ER_60_p0.30_seed1,ER,1,1,minimum_validated_witness_span,60,518,1246,55,3300,102024,3360,1,98904
ER_60_p0.30_seed1,ER,2,1,minimum_validated_witness_span,60,518,1246,55,3300,159004,3360,1,155884
ER_60_p0.30_seed1,ER,3,2,minimum_validated_witness_span,60,518,1246,131,7860,837496,7920,1,829816
ER_60_p0.30_seed2,ER,1,1,minimum_validated_witness_span,60,519,1243,56,3360,103734,3420,1,100554
ER_60_p0.30_seed2,ER,2,1,minimum_validated_witness_span,60,519,1243,56,3360,161862,3420,1,158682
ER_60_p0.30_seed2,ER,3,2,minimum_validated_witness_span,60,519,1243,132,7920,843352,7980,1,835612
BA_60_m2_seed0,BA,1,1,minimum_validated_witness_span,60,116,506,19,1140,13520,1200,1,12560
BA_60_m2_seed0,BA,2,1,minimum_validated_witness_span,60,116,506,20,1200,18842,1260,1,17822
BA_60_m2_seed0,BA,3,2,minimum_validated_witness_span,60,116,506,39,2340,84492,2400,1,82332
BA_60_m2_seed1,BA,1,1,minimum_validated_witness_span,60,116,484,18,1080,12420,1140,1,11520
BA_60_m2_seed1,BA,2,1,minimum_validated_witness_span,60,116,484,19,1140,17488,1200,1,16528
BA_60_m2_seed1,BA,3,2,minimum_validated_witness_span,60,116,484,37,2220,77712,2280,1,75672
BA_60_m2_seed2,BA,1,1,minimum_validated_witness_span,60,116,518,20,1200,14454,1260,1,13434
BA_60_m2_seed2,BA,2,1,minimum_validated_witness_span,60,116,518,21,1260,20020,1320,1,18940
BA_60_m2_seed2,BA,3,2,minimum_validated_witness_span,60,116,518,41,2460,90296,2520,1,88016
