File,Rows,SHA256,Review
results/analysis/general_pilot_v1/observations.csv,234,669c370c6e7ef26bed90ec3c9b09ef93f88bb731b450a57f470d09fe5e499983,inventory_only
results/analysis/general_pilot_v1/summary.csv,12,a54b6482d0d7ba2334adbe4fde8afb51db7fbb40763cff3c4eddc7e2ace749a6,inventory_only
results/archive/audits/audit_cycles.csv,18,c3e70bf4abb15b55a5fd4c196cd9e0297d6b1d0df242edba858a113382e41bbd,inventory_only
results/archive/audits/audit_petersen.csv,10,d781eacb3e1f0d637a20d8db158e1901b6a372d591ab386dc98450083a399ba1,inventory_only
results/archive/audits/audit_products.csv,28,3f5d9cf571f08b5a3216252cced87a0ea0d14b886e1179c277c317c91c2fe34b,inventory_only
results/archive/audits/symmetry_sizes_cycle_root_only.csv,108,3a6ddd9e7e65aa073be44f06cc68a1c3a42f883d8249695d2408fed850ace076,inventory_only
results/archive/audits/symmetry_sizes_v3.csv,108,03b05d3593daaa694d546ab36d6d91564a8b06b9882e81dccd47663a93a1f6c7,inventory_only
results/archive/audits/symmetry_smoke_v3.csv,28,9987fa90765774102d5fff3c17ecbdaec84b3442a2a1ed0598ffc3bd58ded5f9,inventory_only
results/archive/audits/symmetry_v2.csv,108,c279d06be58e3ebab683f4c91a28cb949957cb227e462627d61a29bdd62a9093,inventory_only
results/archive/legacy/ilp_assignment.csv,105,8e147908529ea3c1519d42109b7427bfb6ab01181673443c49a70aee92c927ba,inventory_only
results/archive/legacy/ket_qua_C.csv,48,1d81fb16aea7a801ada9efec0a74c18708cdaadd5a6c150be3a2fe27d0fb2047,inventory_only
results/archive/legacy/ket_qua_C_cadical195.csv,48,52f2dc64d74d1e76c236f2ea31fad666f287ed6fa2bc4b9cb53622dcc9065c84,inventory_only
results/archive/legacy/ket_qua_K.csv,48,43b9459ace62762c5f6ba00a5aeaaef461c9f3f4d9d8de5371793348cb8a5820,inventory_only
results/archive/legacy/ket_qua_K_cadical195.csv,48,82bace5f34566c7135738797a396faeb0bc0ad7c105b38fcb5f6d7718cecd685,inventory_only
results/archive/legacy/ket_qua_Q.csv,5,b1e6f4a787224a8a1c4ea046f6b8218669e250de16ef47e9a8420c46384365d4,inventory_only
results/archive/legacy/ket_qua_Q_cadical195.csv,9,fa1ad31c33a6b984fa34cc51333490d6a74c8c9151b24c0175f8bc25559b7be6,inventory_only
results/archive/legacy/ket_qua_Q_extended.csv,2,b86150213734f26ec583f36c2f177d1d038ab36d22e523b501d213c8e5106a11,inventory_only
results/archive/legacy/ket_qua_Q_extended_cadical195.csv,49,c49871717c261655ed46c79a66643febea88e18fe98ff7c567019dd9c560d0cd,inventory_only
results/archive/legacy/ket_qua_cplex_hybrid.csv,107,e55ebf08909ad82c293e9bb25a8295ca8dd0066716f0ef631aa2787ee813ff6d,inventory_only
results/archive/legacy/ket_qua_gurobi_hybrid.csv,109,330e3c8ab3418051a9c2eea6038c78fa067011efd5e0cf91987fddfe7dc25b19,inventory_only
results/archive/legacy/ket_qua_hybrid.csv,113,0392120317cc13b7fdc01e12af12c719428bd1b9ad985a545884ccd4b3d5945c,inventory_only
results/archive/legacy/ket_qua_hybrid_smoke.csv,6,79bbf9eb4d1fc110bd8a2bac01d8a5772933705cf035b337bab43aff3a3d0df0,inventory_only
results/archive/legacy/products_benchmark.csv,448,5953fe6731aae904b2126368270fb76730291fb8c083fcabb5cfac9106df4d93,inventory_only
results/archive/legacy/sat_c_k.csv,96,14140b62159fdbb8bd68f5b9e43787b7eda2af571b62e41e0621ab97fb5abd1a,inventory_only
results/archive/legacy/sat_c_k_q.csv,100,ef2321c481d601f9600249705f065731886acb9c3f020332c8292327337cc85f,inventory_only
results/archive/legacy/sat_petersen.csv,594,bd59dcdfe018877520b7fe9307dcdd0bddd655a7929c4850b4cba29999f03d4f,inventory_only
results/archive/legacy/symmetry_comparison_benchmark.csv,448,75561f61f781d93535750fa0c4e412a1a811b00c317f1d42fd301064294fd8b4,inventory_only
results/archive/paper_outputs/audit_cycles_summary/summary.csv,1,c2a95418ee1d8319b3554756191f8741598c8ef52f36dc4810246ddf108c7255,inventory_only
results/archive/paper_outputs/audit_products_summary/summary.csv,7,f3e9fab905a756a73a41925fda35c01db2938434cb13cff3a0796bffd320ea01,inventory_only
results/archive/pilots/lhk_cartesian_smoke.csv,9,c9e518b9c1a33cc96d8ad60708234f69fdb694b738efc4ad683f5fe47ddc86de,inventory_only
results/archive/pilots/lhk_trees_smoke.csv,45,a759e80c625369dd3061bd1801f8fe760c4fb08b85168fe5705cd71d1e768a05,inventory_only
results/archive/pilots/sat_vs_ilp_pilot.csv,4,96e4c5a26d2e2bdce2a65cbacc4e61da7710d1f0f2bed699595f844004080ec2,inventory_only
results/archive/pilots/sat_vs_ilp_verified_pilot.csv,4,7f83f69386518c3b528cc18460eadc372d04a5b6bc6cbee43f0bc007b1ddc828,inventory_only
results/archive/pilots/tree_l32_size_probe.csv,12,27b8c8129a385e70e2db4e403e8d6209193259cc37667856bca6d4a5124782a1,inventory_only
results/runs/cycles_main_r1.csv,48,e5bced936b8f4289f3af628b2994e28daf7a79e896e7d76f51376fb67c32d4b8,current_witness_audit
results/runs/general_pilot_v1.csv,234,f1f762c299d78aa0690a1837aaa56614c3dfa7bea4e8061314cee60693d1aea7,current_witness_audit
results/runs/products_main_r1.csv,448,acc761feabfbf3b70350bb15bda2541fa988e43020b3bb9407c8ce2a0f71c0d4,current_witness_audit
results/runs/tree_l32_compare_r1.csv,18,30421766147183cab5a7491c7647ec4ce04966a637c75d2862a9b9017faf895a,current_witness_audit
results/runs/tree_l32_screen_v2.csv,100,910bced0d2f544ebc490e9ab8b790488a4268686ba16801313c2fb02e7b034b6,current_witness_audit
