Instance,Group,h,k,Repeat,Open_Instance,SAT_LB,SAT_UB,SAT_Status,SAT_Termination,SAT_Initial_Fallback,ILP_LB,ILP_UB,ILP_Status,ILP_Termination,ILP_Initial_Fallback,Delta_LB_SAT_minus_ILP,Delta_UB_SAT_minus_ILP
BA_20_m2_seed0,BA,1,1,0,False,12,12,OPT,RETURNED,False,12,12,OPT,RETURNED,False,0,0
BA_20_m2_seed0,BA,1,1,1,False,12,12,OPT,RETURNED,False,12,12,OPT,RETURNED,False,0,0
BA_20_m2_seed0,BA,1,1,2,False,12,12,OPT,RETURNED,False,12,12,OPT,RETURNED,False,0,0
BA_20_m2_seed0,BA,2,1,0,False,13,13,OPT,RETURNED,False,13,13,OPT,RETURNED,False,0,0
BA_20_m2_seed0,BA,2,1,1,False,13,13,OPT,RETURNED,False,13,13,OPT,RETURNED,False,0,0
BA_20_m2_seed0,BA,2,1,2,False,13,13,OPT,RETURNED,False,13,13,OPT,RETURNED,False,0,0
BA_20_m2_seed0,BA,3,2,0,False,25,25,OPT,RETURNED,False,25,25,OPT,RETURNED,False,0,0
BA_20_m2_seed0,BA,3,2,1,False,25,25,OPT,RETURNED,False,25,25,OPT,RETURNED,False,0,0
BA_20_m2_seed0,BA,3,2,2,False,25,25,OPT,RETURNED,False,25,25,OPT,RETURNED,False,0,0
BA_20_m2_seed1,BA,1,1,0,False,12,12,OPT,RETURNED,False,12,12,OPT,RETURNED,False,0,0
BA_20_m2_seed1,BA,1,1,1,False,12,12,OPT,RETURNED,False,12,12,OPT,RETURNED,False,0,0
BA_20_m2_seed1,BA,1,1,2,False,12,12,OPT,RETURNED,False,12,12,OPT,RETURNED,False,0,0
BA_20_m2_seed1,BA,2,1,0,False,13,13,OPT,RETURNED,False,13,13,OPT,RETURNED,False,0,0
BA_20_m2_seed1,BA,2,1,1,False,13,13,OPT,RETURNED,False,13,13,OPT,RETURNED,False,0,0
BA_20_m2_seed1,BA,2,1,2,False,13,13,OPT,RETURNED,False,13,13,OPT,RETURNED,False,0,0
BA_20_m2_seed1,BA,3,2,0,False,25,25,OPT,RETURNED,False,25,25,OPT,RETURNED,False,0,0
BA_20_m2_seed1,BA,3,2,1,False,25,25,OPT,RETURNED,False,25,25,OPT,RETURNED,False,0,0
BA_20_m2_seed1,BA,3,2,2,False,25,25,OPT,RETURNED,False,25,25,OPT,RETURNED,False,0,0
BA_20_m2_seed2,BA,1,1,0,False,13,13,OPT,RETURNED,False,13,13,OPT,RETURNED,False,0,0
BA_20_m2_seed2,BA,1,1,1,False,13,13,OPT,RETURNED,False,13,13,OPT,RETURNED,False,0,0
BA_20_m2_seed2,BA,1,1,2,False,13,13,OPT,RETURNED,False,13,13,OPT,RETURNED,False,0,0
BA_20_m2_seed2,BA,2,1,0,False,13,13,OPT,RETURNED,False,13,13,OPT,RETURNED,False,0,0
BA_20_m2_seed2,BA,2,1,1,False,13,13,OPT,RETURNED,False,13,13,OPT,RETURNED,False,0,0
BA_20_m2_seed2,BA,2,1,2,False,13,13,OPT,RETURNED,False,13,13,OPT,RETURNED,False,0,0
BA_20_m2_seed2,BA,3,2,0,False,25,26,FEASIBLE,WALL_TIMEOUT,False,26,26,OPT,RETURNED,False,-1,0
BA_20_m2_seed2,BA,3,2,1,False,25,26,FEASIBLE,WALL_TIMEOUT,False,26,26,OPT,RETURNED,False,-1,0
BA_20_m2_seed2,BA,3,2,2,False,25,26,FEASIBLE,WALL_TIMEOUT,False,26,26,OPT,RETURNED,False,-1,0
BA_40_m2_seed0,BA,1,1,0,False,15,15,OPT,RETURNED,False,15,15,OPT,RETURNED,False,0,0
BA_40_m2_seed0,BA,1,1,1,False,15,15,OPT,RETURNED,False,15,15,OPT,RETURNED,False,0,0
BA_40_m2_seed0,BA,1,1,2,False,15,15,OPT,RETURNED,False,15,15,OPT,RETURNED,False,0,0
BA_40_m2_seed0,BA,2,1,0,False,16,16,OPT,RETURNED,False,16,16,OPT,RETURNED,False,0,0
BA_40_m2_seed0,BA,2,1,1,False,16,16,OPT,RETURNED,False,16,16,OPT,RETURNED,False,0,0
BA_40_m2_seed0,BA,2,1,2,False,16,16,OPT,RETURNED,False,16,16,OPT,RETURNED,False,0,0
BA_40_m2_seed0,BA,3,2,0,False,31,31,OPT,RETURNED,False,31,31,OPT,RETURNED,False,0,0
BA_40_m2_seed0,BA,3,2,1,False,31,31,OPT,RETURNED,False,31,31,OPT,RETURNED,False,0,0
BA_40_m2_seed0,BA,3,2,2,False,31,31,OPT,RETURNED,False,31,31,OPT,RETURNED,False,0,0
BA_40_m2_seed1,BA,1,1,0,False,16,16,OPT,RETURNED,False,16,16,OPT,RETURNED,False,0,0
BA_40_m2_seed1,BA,1,1,1,False,16,16,OPT,RETURNED,False,16,16,OPT,RETURNED,False,0,0
BA_40_m2_seed1,BA,1,1,2,False,16,16,OPT,RETURNED,False,16,16,OPT,RETURNED,False,0,0
BA_40_m2_seed1,BA,2,1,0,False,17,17,OPT,RETURNED,False,17,17,OPT,RETURNED,False,0,0
BA_40_m2_seed1,BA,2,1,1,False,17,17,OPT,RETURNED,False,17,17,OPT,RETURNED,False,0,0
BA_40_m2_seed1,BA,2,1,2,False,17,17,OPT,RETURNED,False,17,17,OPT,RETURNED,False,0,0
BA_40_m2_seed1,BA,3,2,0,False,33,33,OPT,RETURNED,False,33,33,OPT,RETURNED,False,0,0
BA_40_m2_seed1,BA,3,2,1,False,33,33,OPT,RETURNED,False,33,33,OPT,RETURNED,False,0,0
BA_40_m2_seed1,BA,3,2,2,False,33,33,OPT,RETURNED,False,33,33,OPT,RETURNED,False,0,0
BA_40_m2_seed2,BA,1,1,0,False,16,16,OPT,RETURNED,False,16,16,OPT,RETURNED,False,0,0
BA_40_m2_seed2,BA,1,1,1,False,16,16,OPT,RETURNED,False,16,16,OPT,RETURNED,False,0,0
BA_40_m2_seed2,BA,1,1,2,False,16,16,OPT,RETURNED,False,16,16,OPT,RETURNED,False,0,0
BA_40_m2_seed2,BA,2,1,0,False,17,17,OPT,RETURNED,False,17,17,OPT,RETURNED,False,0,0
BA_40_m2_seed2,BA,2,1,1,False,17,17,OPT,RETURNED,False,17,17,OPT,RETURNED,False,0,0
BA_40_m2_seed2,BA,2,1,2,False,17,17,OPT,RETURNED,False,17,17,OPT,RETURNED,False,0,0
BA_40_m2_seed2,BA,3,2,0,False,33,33,OPT,RETURNED,False,33,33,OPT,RETURNED,False,0,0
BA_40_m2_seed2,BA,3,2,1,False,33,33,OPT,RETURNED,False,33,33,OPT,RETURNED,False,0,0
BA_40_m2_seed2,BA,3,2,2,False,33,33,OPT,RETURNED,False,33,33,OPT,RETURNED,False,0,0
BA_60_m2_seed0,BA,1,1,0,False,19,19,OPT,RETURNED,False,19,19,OPT,RETURNED,False,0,0
BA_60_m2_seed0,BA,1,1,1,False,19,19,OPT,RETURNED,False,19,19,OPT,RETURNED,False,0,0
BA_60_m2_seed0,BA,1,1,2,False,19,19,OPT,RETURNED,False,19,19,OPT,RETURNED,False,0,0
BA_60_m2_seed0,BA,2,1,0,False,20,20,OPT,RETURNED,False,20,20,OPT,RETURNED,False,0,0
BA_60_m2_seed0,BA,2,1,1,False,20,20,OPT,RETURNED,False,20,20,OPT,RETURNED,False,0,0
BA_60_m2_seed0,BA,2,1,2,False,20,20,OPT,RETURNED,False,20,20,OPT,RETURNED,False,0,0
BA_60_m2_seed0,BA,3,2,0,False,39,39,OPT,RETURNED,False,39,39,OPT,RETURNED,False,0,0
BA_60_m2_seed0,BA,3,2,1,False,39,39,OPT,RETURNED,False,39,39,OPT,RETURNED,False,0,0
BA_60_m2_seed0,BA,3,2,2,False,39,39,OPT,RETURNED,False,39,39,OPT,RETURNED,False,0,0
BA_60_m2_seed1,BA,1,1,0,False,18,18,OPT,RETURNED,False,18,18,OPT,RETURNED,False,0,0
BA_60_m2_seed1,BA,1,1,1,False,18,18,OPT,RETURNED,False,18,18,OPT,RETURNED,False,0,0
BA_60_m2_seed1,BA,1,1,2,False,18,18,OPT,RETURNED,False,18,18,OPT,RETURNED,False,0,0
BA_60_m2_seed1,BA,2,1,0,False,19,19,OPT,RETURNED,False,19,19,OPT,RETURNED,False,0,0
BA_60_m2_seed1,BA,2,1,1,False,19,19,OPT,RETURNED,False,19,19,OPT,RETURNED,False,0,0
BA_60_m2_seed1,BA,2,1,2,False,19,19,OPT,RETURNED,False,19,19,OPT,RETURNED,False,0,0
BA_60_m2_seed1,BA,3,2,0,False,37,37,OPT,RETURNED,False,37,37,OPT,RETURNED,False,0,0
BA_60_m2_seed1,BA,3,2,1,False,37,37,OPT,RETURNED,False,37,37,OPT,RETURNED,False,0,0
BA_60_m2_seed1,BA,3,2,2,False,37,37,OPT,RETURNED,False,37,37,OPT,RETURNED,False,0,0
BA_60_m2_seed2,BA,1,1,0,False,20,20,OPT,RETURNED,False,20,20,OPT,RETURNED,False,0,0
BA_60_m2_seed2,BA,1,1,1,False,20,20,OPT,RETURNED,False,20,20,OPT,RETURNED,False,0,0
BA_60_m2_seed2,BA,1,1,2,False,20,20,OPT,RETURNED,False,20,20,OPT,RETURNED,False,0,0
BA_60_m2_seed2,BA,2,1,0,False,21,21,OPT,RETURNED,False,21,21,OPT,RETURNED,False,0,0
BA_60_m2_seed2,BA,2,1,1,False,21,21,OPT,RETURNED,False,21,21,OPT,RETURNED,False,0,0
BA_60_m2_seed2,BA,2,1,2,False,21,21,OPT,RETURNED,False,21,21,OPT,RETURNED,False,0,0
BA_60_m2_seed2,BA,3,2,0,False,41,41,OPT,RETURNED,False,41,41,OPT,RETURNED,False,0,0
BA_60_m2_seed2,BA,3,2,1,False,41,41,OPT,RETURNED,False,41,41,OPT,RETURNED,False,0,0
BA_60_m2_seed2,BA,3,2,2,False,41,41,OPT,RETURNED,False,41,41,OPT,RETURNED,False,0,0
ER_20_p0.15_seed0,ER p=0.15,1,1,0,False,7,7,OPT,RETURNED,False,7,7,OPT,RETURNED,False,0,0
ER_20_p0.15_seed0,ER p=0.15,1,1,1,False,7,7,OPT,RETURNED,False,7,7,OPT,RETURNED,False,0,0
ER_20_p0.15_seed0,ER p=0.15,1,1,2,False,7,7,OPT,RETURNED,False,7,7,OPT,RETURNED,False,0,0
ER_20_p0.15_seed0,ER p=0.15,2,1,0,False,8,8,OPT,RETURNED,False,8,8,OPT,RETURNED,False,0,0
ER_20_p0.15_seed0,ER p=0.15,2,1,1,False,8,8,OPT,RETURNED,False,8,8,OPT,RETURNED,False,0,0
ER_20_p0.15_seed0,ER p=0.15,2,1,2,False,8,8,OPT,RETURNED,False,8,8,OPT,RETURNED,False,0,0
ER_20_p0.15_seed0,ER p=0.15,3,2,0,False,15,15,OPT,RETURNED,False,15,15,OPT,RETURNED,False,0,0
ER_20_p0.15_seed0,ER p=0.15,3,2,1,False,15,15,OPT,RETURNED,False,15,15,OPT,RETURNED,False,0,0
ER_20_p0.15_seed0,ER p=0.15,3,2,2,False,15,15,OPT,RETURNED,False,15,15,OPT,RETURNED,False,0,0
ER_20_p0.15_seed1,ER p=0.15,1,1,0,False,7,7,OPT,RETURNED,False,7,7,OPT,RETURNED,False,0,0
ER_20_p0.15_seed1,ER p=0.15,1,1,1,False,7,7,OPT,RETURNED,False,7,7,OPT,RETURNED,False,0,0
ER_20_p0.15_seed1,ER p=0.15,1,1,2,False,7,7,OPT,RETURNED,False,7,7,OPT,RETURNED,False,0,0
ER_20_p0.15_seed1,ER p=0.15,2,1,0,False,8,8,OPT,RETURNED,False,8,8,OPT,RETURNED,False,0,0
ER_20_p0.15_seed1,ER p=0.15,2,1,1,False,8,8,OPT,RETURNED,False,8,8,OPT,RETURNED,False,0,0
ER_20_p0.15_seed1,ER p=0.15,2,1,2,False,8,8,OPT,RETURNED,False,8,8,OPT,RETURNED,False,0,0
ER_20_p0.15_seed1,ER p=0.15,3,2,0,False,15,15,OPT,RETURNED,False,15,15,OPT,RETURNED,False,0,0
ER_20_p0.15_seed1,ER p=0.15,3,2,1,False,15,15,OPT,RETURNED,False,15,15,OPT,RETURNED,False,0,0
ER_20_p0.15_seed1,ER p=0.15,3,2,2,False,15,15,OPT,RETURNED,False,15,15,OPT,RETURNED,False,0,0
ER_20_p0.15_seed2,ER p=0.15,1,1,0,False,6,6,OPT,RETURNED,False,6,6,OPT,RETURNED,False,0,0
ER_20_p0.15_seed2,ER p=0.15,1,1,1,False,6,6,OPT,RETURNED,False,6,6,OPT,RETURNED,False,0,0
ER_20_p0.15_seed2,ER p=0.15,1,1,2,False,6,6,OPT,RETURNED,False,6,6,OPT,RETURNED,False,0,0
ER_20_p0.15_seed2,ER p=0.15,2,1,0,False,7,7,OPT,RETURNED,False,7,7,OPT,RETURNED,False,0,0
ER_20_p0.15_seed2,ER p=0.15,2,1,1,False,7,7,OPT,RETURNED,False,7,7,OPT,RETURNED,False,0,0
ER_20_p0.15_seed2,ER p=0.15,2,1,2,False,7,7,OPT,RETURNED,False,7,7,OPT,RETURNED,False,0,0
ER_20_p0.15_seed2,ER p=0.15,3,2,0,False,14,14,OPT,RETURNED,False,14,14,OPT,RETURNED,False,0,0
ER_20_p0.15_seed2,ER p=0.15,3,2,1,False,14,14,OPT,RETURNED,False,14,14,OPT,RETURNED,False,0,0
ER_20_p0.15_seed2,ER p=0.15,3,2,2,False,14,14,OPT,RETURNED,False,14,14,OPT,RETURNED,False,0,0
ER_20_p0.30_seed0,ER p=0.30,1,1,0,False,11,11,OPT,RETURNED,False,11,11,OPT,RETURNED,False,0,0
ER_20_p0.30_seed0,ER p=0.30,1,1,1,False,11,11,OPT,RETURNED,False,11,11,OPT,RETURNED,False,0,0
ER_20_p0.30_seed0,ER p=0.30,1,1,2,False,11,11,OPT,RETURNED,False,11,11,OPT,RETURNED,False,0,0
ER_20_p0.30_seed0,ER p=0.30,2,1,0,False,11,11,OPT,RETURNED,False,11,11,OPT,RETURNED,False,0,0
ER_20_p0.30_seed0,ER p=0.30,2,1,1,False,11,11,OPT,RETURNED,False,11,11,OPT,RETURNED,False,0,0
ER_20_p0.30_seed0,ER p=0.30,2,1,2,False,11,11,OPT,RETURNED,False,11,11,OPT,RETURNED,False,0,0
ER_20_p0.30_seed0,ER p=0.30,3,2,0,False,22,22,OPT,RETURNED,False,22,22,OPT,RETURNED,False,0,0
ER_20_p0.30_seed0,ER p=0.30,3,2,1,False,22,22,OPT,RETURNED,False,19,26,FEASIBLE,RETURNED,False,3,-4
ER_20_p0.30_seed0,ER p=0.30,3,2,2,False,22,22,OPT,RETURNED,False,22,22,OPT,RETURNED,False,0,0
ER_20_p0.30_seed1,ER p=0.30,1,1,0,False,11,14,FEASIBLE,WALL_TIMEOUT,True,13,13,OPT,RETURNED,False,-2,1
ER_20_p0.30_seed1,ER p=0.30,1,1,1,False,11,14,FEASIBLE,WALL_TIMEOUT,True,13,13,OPT,RETURNED,False,-2,1
ER_20_p0.30_seed1,ER p=0.30,1,1,2,False,13,13,OPT,RETURNED,False,11,14,FEASIBLE,WALL_TIMEOUT,True,2,-1
ER_20_p0.30_seed1,ER p=0.30,2,1,0,False,13,13,OPT,RETURNED,False,12,18,FEASIBLE,WALL_TIMEOUT,True,1,-5
ER_20_p0.30_seed1,ER p=0.30,2,1,1,False,13,13,OPT,RETURNED,False,13,13,OPT,RETURNED,False,0,0
ER_20_p0.30_seed1,ER p=0.30,2,1,2,False,13,13,OPT,RETURNED,False,13,13,OPT,RETURNED,False,0,0
ER_20_p0.30_seed1,ER p=0.30,3,2,0,False,23,26,FEASIBLE,WALL_TIMEOUT,False,26,26,OPT,RETURNED,False,-3,0
ER_20_p0.30_seed1,ER p=0.30,3,2,1,False,23,26,FEASIBLE,WALL_TIMEOUT,False,26,26,OPT,RETURNED,False,-3,0
ER_20_p0.30_seed1,ER p=0.30,3,2,2,False,23,26,FEASIBLE,WALL_TIMEOUT,False,26,26,OPT,RETURNED,False,-3,0
ER_20_p0.30_seed2,ER p=0.30,1,1,0,False,13,13,OPT,RETURNED,False,13,13,OPT,RETURNED,False,0,0
ER_20_p0.30_seed2,ER p=0.30,1,1,1,False,13,13,OPT,RETURNED,False,13,13,OPT,RETURNED,False,0,0
ER_20_p0.30_seed2,ER p=0.30,1,1,2,False,13,13,OPT,RETURNED,False,13,13,OPT,RETURNED,False,0,0
ER_20_p0.30_seed2,ER p=0.30,2,1,0,False,13,13,OPT,RETURNED,False,13,13,OPT,RETURNED,False,0,0
ER_20_p0.30_seed2,ER p=0.30,2,1,1,False,13,13,OPT,RETURNED,False,13,13,OPT,RETURNED,False,0,0
ER_20_p0.30_seed2,ER p=0.30,2,1,2,False,13,13,OPT,RETURNED,False,13,13,OPT,RETURNED,False,0,0
ER_20_p0.30_seed2,ER p=0.30,3,2,0,False,21,27,FEASIBLE,WALL_TIMEOUT,False,26,26,OPT,RETURNED,False,-5,1
ER_20_p0.30_seed2,ER p=0.30,3,2,1,False,21,27,FEASIBLE,WALL_TIMEOUT,False,26,26,OPT,RETURNED,False,-5,1
ER_20_p0.30_seed2,ER p=0.30,3,2,2,False,21,27,FEASIBLE,WALL_TIMEOUT,False,26,26,OPT,RETURNED,False,-5,1
ER_40_p0.15_seed0,ER p=0.15,1,1,0,False,12,13,FEASIBLE,WALL_TIMEOUT,False,13,13,OPT,RETURNED,False,-1,0
ER_40_p0.15_seed0,ER p=0.15,1,1,1,False,12,13,FEASIBLE,WALL_TIMEOUT,False,13,13,OPT,RETURNED,False,-1,0
ER_40_p0.15_seed0,ER p=0.15,1,1,2,False,12,13,FEASIBLE,WALL_TIMEOUT,False,13,13,OPT,RETURNED,False,-1,0
ER_40_p0.15_seed0,ER p=0.15,2,1,0,True,13,14,FEASIBLE,WALL_TIMEOUT,False,13,16,FEASIBLE,WALL_TIMEOUT,False,0,-2
ER_40_p0.15_seed0,ER p=0.15,2,1,1,True,13,14,FEASIBLE,WALL_TIMEOUT,False,13,15,FEASIBLE,WALL_TIMEOUT,False,0,-1
ER_40_p0.15_seed0,ER p=0.15,2,1,2,True,13,14,FEASIBLE,WALL_TIMEOUT,False,13,15,FEASIBLE,WALL_TIMEOUT,False,0,-1
ER_40_p0.15_seed0,ER p=0.15,3,2,0,True,25,29,FEASIBLE,WALL_TIMEOUT,False,25,34,FEASIBLE,WALL_TIMEOUT,False,0,-5
ER_40_p0.15_seed0,ER p=0.15,3,2,1,True,25,29,FEASIBLE,WALL_TIMEOUT,False,25,34,FEASIBLE,WALL_TIMEOUT,False,0,-5
ER_40_p0.15_seed0,ER p=0.15,3,2,2,True,25,29,FEASIBLE,WALL_TIMEOUT,False,25,34,FEASIBLE,WALL_TIMEOUT,False,0,-5
ER_40_p0.15_seed1,ER p=0.15,1,1,0,False,12,13,FEASIBLE,WALL_TIMEOUT,False,13,13,OPT,RETURNED,False,-1,0
ER_40_p0.15_seed1,ER p=0.15,1,1,1,False,12,13,FEASIBLE,WALL_TIMEOUT,False,13,13,OPT,RETURNED,False,-1,0
ER_40_p0.15_seed1,ER p=0.15,1,1,2,False,12,13,FEASIBLE,WALL_TIMEOUT,False,12,13,FEASIBLE,WALL_TIMEOUT,False,0,0
ER_40_p0.15_seed1,ER p=0.15,2,1,0,True,11,13,FEASIBLE,WALL_TIMEOUT,False,11,14,FEASIBLE,WALL_TIMEOUT,False,0,-1
ER_40_p0.15_seed1,ER p=0.15,2,1,1,True,11,13,FEASIBLE,WALL_TIMEOUT,False,12,14,FEASIBLE,WALL_TIMEOUT,False,-1,-1
ER_40_p0.15_seed1,ER p=0.15,2,1,2,True,11,13,FEASIBLE,WALL_TIMEOUT,False,11,14,FEASIBLE,WALL_TIMEOUT,False,0,-1
ER_40_p0.15_seed1,ER p=0.15,3,2,0,True,21,32,FEASIBLE,WALL_TIMEOUT,False,21,35,FEASIBLE,WALL_TIMEOUT,False,0,-3
ER_40_p0.15_seed1,ER p=0.15,3,2,1,True,21,32,FEASIBLE,WALL_TIMEOUT,False,21,34,FEASIBLE,WALL_TIMEOUT,False,0,-2
ER_40_p0.15_seed1,ER p=0.15,3,2,2,True,21,32,FEASIBLE,WALL_TIMEOUT,False,21,35,FEASIBLE,WALL_TIMEOUT,False,0,-3
ER_40_p0.15_seed2,ER p=0.15,1,1,0,True,12,13,FEASIBLE,WALL_TIMEOUT,False,12,13,FEASIBLE,WALL_TIMEOUT,False,0,0
ER_40_p0.15_seed2,ER p=0.15,1,1,1,True,12,13,FEASIBLE,WALL_TIMEOUT,False,12,13,FEASIBLE,WALL_TIMEOUT,False,0,0
ER_40_p0.15_seed2,ER p=0.15,1,1,2,True,12,13,FEASIBLE,WALL_TIMEOUT,False,12,13,FEASIBLE,WALL_TIMEOUT,False,0,0
ER_40_p0.15_seed2,ER p=0.15,2,1,0,True,13,14,FEASIBLE,WALL_TIMEOUT,False,13,15,FEASIBLE,WALL_TIMEOUT,False,0,-1
ER_40_p0.15_seed2,ER p=0.15,2,1,1,True,13,14,FEASIBLE,WALL_TIMEOUT,False,13,15,FEASIBLE,WALL_TIMEOUT,False,0,-1
ER_40_p0.15_seed2,ER p=0.15,2,1,2,True,13,14,FEASIBLE,WALL_TIMEOUT,False,13,15,FEASIBLE,WALL_TIMEOUT,False,0,-1
ER_40_p0.15_seed2,ER p=0.15,3,2,0,True,25,28,FEASIBLE,WALL_TIMEOUT,False,25,32,FEASIBLE,WALL_TIMEOUT,False,0,-4
ER_40_p0.15_seed2,ER p=0.15,3,2,1,True,25,28,FEASIBLE,WALL_TIMEOUT,False,25,32,FEASIBLE,WALL_TIMEOUT,False,0,-4
ER_40_p0.15_seed2,ER p=0.15,3,2,2,True,25,28,FEASIBLE,WALL_TIMEOUT,False,25,32,FEASIBLE,WALL_TIMEOUT,False,0,-4
ER_40_p0.30_seed0,ER p=0.30,1,1,0,False,17,35,FEASIBLE,WALL_TIMEOUT,True,32,32,OPT,RETURNED,False,-15,3
ER_40_p0.30_seed0,ER p=0.30,1,1,1,False,17,35,FEASIBLE,WALL_TIMEOUT,True,32,32,OPT,RETURNED,False,-15,3
ER_40_p0.30_seed0,ER p=0.30,1,1,2,False,17,35,FEASIBLE,WALL_TIMEOUT,True,32,32,OPT,RETURNED,False,-15,3
ER_40_p0.30_seed0,ER p=0.30,2,1,0,False,18,36,FEASIBLE,WALL_TIMEOUT,True,32,32,OPT,RETURNED,False,-14,4
ER_40_p0.30_seed0,ER p=0.30,2,1,1,False,18,36,FEASIBLE,WALL_TIMEOUT,True,32,32,OPT,RETURNED,False,-14,4
ER_40_p0.30_seed0,ER p=0.30,2,1,2,False,18,36,FEASIBLE,WALL_TIMEOUT,True,32,32,OPT,RETURNED,False,-14,4
ER_40_p0.30_seed0,ER p=0.30,3,2,0,True,35,77,FEASIBLE,WALL_TIMEOUT,True,59,66,FEASIBLE,WALL_TIMEOUT,False,-24,11
ER_40_p0.30_seed0,ER p=0.30,3,2,1,True,35,77,FEASIBLE,WALL_TIMEOUT,True,59,66,FEASIBLE,WALL_TIMEOUT,False,-24,11
ER_40_p0.30_seed0,ER p=0.30,3,2,2,True,35,77,FEASIBLE,WALL_TIMEOUT,True,59,66,FEASIBLE,WALL_TIMEOUT,False,-24,11
ER_40_p0.30_seed1,ER p=0.30,1,1,0,False,17,32,FEASIBLE,WALL_TIMEOUT,True,32,32,OPT,RETURNED,False,-15,0
ER_40_p0.30_seed1,ER p=0.30,1,1,1,False,17,32,FEASIBLE,WALL_TIMEOUT,True,32,32,OPT,RETURNED,False,-15,0
ER_40_p0.30_seed1,ER p=0.30,1,1,2,False,17,32,FEASIBLE,WALL_TIMEOUT,True,32,32,OPT,RETURNED,False,-15,0
ER_40_p0.30_seed1,ER p=0.30,2,1,0,False,18,36,FEASIBLE,WALL_TIMEOUT,True,32,32,OPT,RETURNED,False,-14,4
ER_40_p0.30_seed1,ER p=0.30,2,1,1,False,18,36,FEASIBLE,WALL_TIMEOUT,True,32,32,OPT,RETURNED,False,-14,4
ER_40_p0.30_seed1,ER p=0.30,2,1,2,False,18,36,FEASIBLE,WALL_TIMEOUT,True,32,32,OPT,RETURNED,False,-14,4
ER_40_p0.30_seed1,ER p=0.30,3,2,0,True,35,78,FEASIBLE,WALL_TIMEOUT,True,53,64,FEASIBLE,WALL_TIMEOUT,False,-18,14
ER_40_p0.30_seed1,ER p=0.30,3,2,1,True,35,78,FEASIBLE,WALL_TIMEOUT,True,53,64,FEASIBLE,WALL_TIMEOUT,False,-18,14
ER_40_p0.30_seed1,ER p=0.30,3,2,2,True,35,78,FEASIBLE,WALL_TIMEOUT,True,53,64,FEASIBLE,WALL_TIMEOUT,False,-18,14
ER_40_p0.30_seed2,ER p=0.30,1,1,0,False,18,32,FEASIBLE,WALL_TIMEOUT,True,32,32,OPT,RETURNED,False,-14,0
ER_40_p0.30_seed2,ER p=0.30,1,1,1,False,18,32,FEASIBLE,WALL_TIMEOUT,True,32,32,OPT,RETURNED,False,-14,0
ER_40_p0.30_seed2,ER p=0.30,1,1,2,False,18,32,FEASIBLE,WALL_TIMEOUT,True,32,32,OPT,RETURNED,False,-14,0
ER_40_p0.30_seed2,ER p=0.30,2,1,0,False,19,36,FEASIBLE,WALL_TIMEOUT,True,32,32,OPT,RETURNED,False,-13,4
ER_40_p0.30_seed2,ER p=0.30,2,1,1,False,19,36,FEASIBLE,WALL_TIMEOUT,True,32,32,OPT,RETURNED,False,-13,4
ER_40_p0.30_seed2,ER p=0.30,2,1,2,False,19,36,FEASIBLE,WALL_TIMEOUT,True,32,32,OPT,RETURNED,False,-13,4
ER_40_p0.30_seed2,ER p=0.30,3,2,0,False,37,74,FEASIBLE,WALL_TIMEOUT,True,64,64,OPT,RETURNED,False,-27,10
ER_40_p0.30_seed2,ER p=0.30,3,2,1,False,37,74,FEASIBLE,WALL_TIMEOUT,True,64,64,OPT,RETURNED,False,-27,10
ER_40_p0.30_seed2,ER p=0.30,3,2,2,False,37,74,FEASIBLE,WALL_TIMEOUT,True,64,64,OPT,RETURNED,False,-27,10
ER_60_p0.15_seed0,ER p=0.15,1,1,0,True,17,22,FEASIBLE,WALL_TIMEOUT,False,17,24,FEASIBLE,WALL_TIMEOUT,False,0,-2
ER_60_p0.15_seed0,ER p=0.15,1,1,1,True,17,22,FEASIBLE,WALL_TIMEOUT,False,17,24,FEASIBLE,WALL_TIMEOUT,False,0,-2
ER_60_p0.15_seed0,ER p=0.15,1,1,2,True,17,22,FEASIBLE,WALL_TIMEOUT,False,17,24,FEASIBLE,WALL_TIMEOUT,False,0,-2
ER_60_p0.15_seed0,ER p=0.15,2,1,0,True,18,24,FEASIBLE,WALL_TIMEOUT,False,18,30,FEASIBLE,WALL_TIMEOUT,False,0,-6
ER_60_p0.15_seed0,ER p=0.15,2,1,1,True,18,24,FEASIBLE,WALL_TIMEOUT,False,18,30,FEASIBLE,WALL_TIMEOUT,False,0,-6
ER_60_p0.15_seed0,ER p=0.15,2,1,2,True,18,24,FEASIBLE,WALL_TIMEOUT,False,18,30,FEASIBLE,WALL_TIMEOUT,False,0,-6
ER_60_p0.15_seed0,ER p=0.15,3,2,0,True,35,50,FEASIBLE,WALL_TIMEOUT,False,35,60,FEASIBLE,WALL_TIMEOUT,False,0,-10
ER_60_p0.15_seed0,ER p=0.15,3,2,1,True,35,50,FEASIBLE,WALL_TIMEOUT,False,35,60,FEASIBLE,WALL_TIMEOUT,False,0,-10
ER_60_p0.15_seed0,ER p=0.15,3,2,2,True,35,50,FEASIBLE,WALL_TIMEOUT,False,35,60,FEASIBLE,WALL_TIMEOUT,False,0,-10
ER_60_p0.15_seed1,ER p=0.15,1,1,0,True,17,22,FEASIBLE,WALL_TIMEOUT,False,17,22,FEASIBLE,WALL_TIMEOUT,False,0,0
ER_60_p0.15_seed1,ER p=0.15,1,1,1,True,17,22,FEASIBLE,WALL_TIMEOUT,False,17,22,FEASIBLE,WALL_TIMEOUT,False,0,0
ER_60_p0.15_seed1,ER p=0.15,1,1,2,True,17,22,FEASIBLE,WALL_TIMEOUT,False,17,22,FEASIBLE,WALL_TIMEOUT,False,0,0
ER_60_p0.15_seed1,ER p=0.15,2,1,0,True,18,24,FEASIBLE,WALL_TIMEOUT,False,18,26,FEASIBLE,WALL_TIMEOUT,False,0,-2
ER_60_p0.15_seed1,ER p=0.15,2,1,1,True,18,24,FEASIBLE,WALL_TIMEOUT,False,18,26,FEASIBLE,WALL_TIMEOUT,False,0,-2
ER_60_p0.15_seed1,ER p=0.15,2,1,2,True,18,24,FEASIBLE,WALL_TIMEOUT,False,18,26,FEASIBLE,WALL_TIMEOUT,False,0,-2
ER_60_p0.15_seed1,ER p=0.15,3,2,0,True,35,49,FEASIBLE,WALL_TIMEOUT,False,35,61,FEASIBLE,WALL_TIMEOUT,False,0,-12
ER_60_p0.15_seed1,ER p=0.15,3,2,1,True,35,49,FEASIBLE,WALL_TIMEOUT,False,35,61,FEASIBLE,WALL_TIMEOUT,False,0,-12
ER_60_p0.15_seed1,ER p=0.15,3,2,2,True,35,49,FEASIBLE,WALL_TIMEOUT,False,35,61,FEASIBLE,WALL_TIMEOUT,False,0,-12
ER_60_p0.15_seed2,ER p=0.15,1,1,0,True,14,25,FEASIBLE,WALL_TIMEOUT,True,17,20,FEASIBLE,WALL_TIMEOUT,False,-3,5
ER_60_p0.15_seed2,ER p=0.15,1,1,1,True,14,25,FEASIBLE,WALL_TIMEOUT,True,17,20,FEASIBLE,WALL_TIMEOUT,False,-3,5
ER_60_p0.15_seed2,ER p=0.15,1,1,2,True,14,25,FEASIBLE,WALL_TIMEOUT,True,17,20,FEASIBLE,WALL_TIMEOUT,False,-3,5
ER_60_p0.15_seed2,ER p=0.15,2,1,0,True,15,21,FEASIBLE,WALL_TIMEOUT,False,15,24,FEASIBLE,WALL_TIMEOUT,False,0,-3
ER_60_p0.15_seed2,ER p=0.15,2,1,1,True,15,21,FEASIBLE,WALL_TIMEOUT,False,15,24,FEASIBLE,WALL_TIMEOUT,False,0,-3
ER_60_p0.15_seed2,ER p=0.15,2,1,2,True,15,21,FEASIBLE,WALL_TIMEOUT,False,15,24,FEASIBLE,WALL_TIMEOUT,False,0,-3
ER_60_p0.15_seed2,ER p=0.15,3,2,0,True,29,46,FEASIBLE,WALL_TIMEOUT,False,29,55,FEASIBLE,WALL_TIMEOUT,False,0,-9
ER_60_p0.15_seed2,ER p=0.15,3,2,1,True,29,46,FEASIBLE,WALL_TIMEOUT,False,29,55,FEASIBLE,WALL_TIMEOUT,False,0,-9
ER_60_p0.15_seed2,ER p=0.15,3,2,2,True,29,46,FEASIBLE,WALL_TIMEOUT,False,29,55,FEASIBLE,WALL_TIMEOUT,False,0,-9
ER_60_p0.30_seed0,ER p=0.30,1,1,0,False,24,56,FEASIBLE,WALL_TIMEOUT,True,55,55,OPT,RETURNED,False,-31,1
ER_60_p0.30_seed0,ER p=0.30,1,1,1,False,24,56,FEASIBLE,WALL_TIMEOUT,True,55,55,OPT,RETURNED,False,-31,1
ER_60_p0.30_seed0,ER p=0.30,1,1,2,False,24,56,FEASIBLE,WALL_TIMEOUT,True,55,55,OPT,RETURNED,False,-31,1
ER_60_p0.30_seed0,ER p=0.30,2,1,0,False,25,57,FEASIBLE,WALL_TIMEOUT,True,55,55,OPT,RETURNED,False,-30,2
ER_60_p0.30_seed0,ER p=0.30,2,1,1,False,25,57,FEASIBLE,WALL_TIMEOUT,True,55,55,OPT,RETURNED,False,-30,2
ER_60_p0.30_seed0,ER p=0.30,2,1,2,False,25,57,FEASIBLE,WALL_TIMEOUT,True,55,55,OPT,RETURNED,False,-30,2
ER_60_p0.30_seed0,ER p=0.30,3,2,0,True,49,125,FEASIBLE,WALL_TIMEOUT,True,49,114,FEASIBLE,WALL_TIMEOUT,False,0,11
ER_60_p0.30_seed0,ER p=0.30,3,2,1,True,49,125,FEASIBLE,WALL_TIMEOUT,True,49,114,FEASIBLE,WALL_TIMEOUT,False,0,11
ER_60_p0.30_seed0,ER p=0.30,3,2,2,True,49,125,FEASIBLE,WALL_TIMEOUT,True,49,118,FEASIBLE,WALL_TIMEOUT,False,0,7
ER_60_p0.30_seed1,ER p=0.30,1,1,0,False,28,55,FEASIBLE,WALL_TIMEOUT,True,55,55,OPT,RETURNED,False,-27,0
ER_60_p0.30_seed1,ER p=0.30,1,1,1,False,28,55,FEASIBLE,WALL_TIMEOUT,True,55,55,OPT,RETURNED,False,-27,0
ER_60_p0.30_seed1,ER p=0.30,1,1,2,False,28,55,FEASIBLE,WALL_TIMEOUT,True,55,55,OPT,RETURNED,False,-27,0
ER_60_p0.30_seed1,ER p=0.30,2,1,0,False,29,58,FEASIBLE,WALL_TIMEOUT,True,55,55,OPT,RETURNED,False,-26,3
ER_60_p0.30_seed1,ER p=0.30,2,1,1,False,29,58,FEASIBLE,WALL_TIMEOUT,True,55,55,OPT,RETURNED,False,-26,3
ER_60_p0.30_seed1,ER p=0.30,2,1,2,False,29,58,FEASIBLE,WALL_TIMEOUT,True,55,55,OPT,RETURNED,False,-26,3
ER_60_p0.30_seed1,ER p=0.30,3,2,0,True,57,131,FEASIBLE,WALL_TIMEOUT,True,59,110,FEASIBLE,WALL_TIMEOUT,False,-2,21
ER_60_p0.30_seed1,ER p=0.30,3,2,1,True,57,131,FEASIBLE,WALL_TIMEOUT,True,59,110,FEASIBLE,WALL_TIMEOUT,False,-2,21
ER_60_p0.30_seed1,ER p=0.30,3,2,2,True,57,131,FEASIBLE,WALL_TIMEOUT,True,59,110,FEASIBLE,WALL_TIMEOUT,False,-2,21
ER_60_p0.30_seed2,ER p=0.30,1,1,0,False,24,56,FEASIBLE,WALL_TIMEOUT,True,56,56,OPT,RETURNED,False,-32,0
ER_60_p0.30_seed2,ER p=0.30,1,1,1,False,24,56,FEASIBLE,WALL_TIMEOUT,True,56,56,OPT,RETURNED,False,-32,0
ER_60_p0.30_seed2,ER p=0.30,1,1,2,False,24,56,FEASIBLE,WALL_TIMEOUT,True,56,56,OPT,RETURNED,False,-32,0
ER_60_p0.30_seed2,ER p=0.30,2,1,0,False,25,57,FEASIBLE,WALL_TIMEOUT,True,56,56,OPT,RETURNED,False,-31,1
ER_60_p0.30_seed2,ER p=0.30,2,1,1,False,25,57,FEASIBLE,WALL_TIMEOUT,True,56,56,OPT,RETURNED,False,-31,1
ER_60_p0.30_seed2,ER p=0.30,2,1,2,False,25,57,FEASIBLE,WALL_TIMEOUT,True,56,56,OPT,RETURNED,False,-31,1
ER_60_p0.30_seed2,ER p=0.30,3,2,0,True,49,132,FEASIBLE,WALL_TIMEOUT,True,49,118,FEASIBLE,WALL_TIMEOUT,False,0,14
ER_60_p0.30_seed2,ER p=0.30,3,2,1,True,49,132,FEASIBLE,WALL_TIMEOUT,True,49,118,FEASIBLE,WALL_TIMEOUT,False,0,14
ER_60_p0.30_seed2,ER p=0.30,3,2,2,True,49,132,FEASIBLE,WALL_TIMEOUT,True,49,118,FEASIBLE,WALL_TIMEOUT,False,0,14
P_4xP_5,PxP,1,1,0,False,4,4,OPT,RETURNED,False,4,4,OPT,RETURNED,False,0,0
P_4xP_5,PxP,1,1,1,False,4,4,OPT,RETURNED,False,4,4,OPT,RETURNED,False,0,0
P_4xP_5,PxP,1,1,2,False,4,4,OPT,RETURNED,False,4,4,OPT,RETURNED,False,0,0
P_4xP_5,PxP,2,1,0,False,6,6,OPT,RETURNED,False,6,6,OPT,RETURNED,False,0,0
P_4xP_5,PxP,2,1,1,False,6,6,OPT,RETURNED,False,6,6,OPT,RETURNED,False,0,0
P_4xP_5,PxP,2,1,2,False,6,6,OPT,RETURNED,False,6,6,OPT,RETURNED,False,0,0
P_4xP_5,PxP,3,2,0,False,11,11,OPT,RETURNED,False,11,11,OPT,RETURNED,False,0,0
P_4xP_5,PxP,3,2,1,False,11,11,OPT,RETURNED,False,11,11,OPT,RETURNED,False,0,0
P_4xP_5,PxP,3,2,2,False,11,11,OPT,RETURNED,False,11,11,OPT,RETURNED,False,0,0
P_5xP_8,PxP,1,1,0,False,4,4,OPT,RETURNED,False,4,4,OPT,RETURNED,False,0,0
P_5xP_8,PxP,1,1,1,False,4,4,OPT,RETURNED,False,4,4,OPT,RETURNED,False,0,0
P_5xP_8,PxP,1,1,2,False,4,4,OPT,RETURNED,False,4,4,OPT,RETURNED,False,0,0
P_5xP_8,PxP,2,1,0,False,6,6,OPT,RETURNED,False,6,6,OPT,RETURNED,False,0,0
P_5xP_8,PxP,2,1,1,False,6,6,OPT,RETURNED,False,6,6,OPT,RETURNED,False,0,0
P_5xP_8,PxP,2,1,2,False,6,6,OPT,RETURNED,False,6,6,OPT,RETURNED,False,0,0
P_5xP_8,PxP,3,2,0,False,11,11,OPT,RETURNED,False,11,11,OPT,RETURNED,False,0,0
P_5xP_8,PxP,3,2,1,False,11,11,OPT,RETURNED,False,11,11,OPT,RETURNED,False,0,0
P_5xP_8,PxP,3,2,2,False,11,11,OPT,RETURNED,False,11,11,OPT,RETURNED,False,0,0
P_6xP_10,PxP,1,1,0,False,4,4,OPT,RETURNED,False,4,4,OPT,RETURNED,False,0,0
P_6xP_10,PxP,1,1,1,False,4,4,OPT,RETURNED,False,4,4,OPT,RETURNED,False,0,0
P_6xP_10,PxP,1,1,2,False,4,4,OPT,RETURNED,False,4,4,OPT,RETURNED,False,0,0
P_6xP_10,PxP,2,1,0,False,6,6,OPT,RETURNED,False,6,6,OPT,RETURNED,False,0,0
P_6xP_10,PxP,2,1,1,False,6,6,OPT,RETURNED,False,6,6,OPT,RETURNED,False,0,0
P_6xP_10,PxP,2,1,2,False,6,6,OPT,RETURNED,False,6,6,OPT,RETURNED,False,0,0
P_6xP_10,PxP,3,2,0,False,11,11,OPT,RETURNED,False,10,13,FEASIBLE,WALL_TIMEOUT,False,1,-2
P_6xP_10,PxP,3,2,1,False,11,11,OPT,RETURNED,False,10,13,FEASIBLE,WALL_TIMEOUT,False,1,-2
P_6xP_10,PxP,3,2,2,False,11,11,OPT,RETURNED,False,10,13,FEASIBLE,WALL_TIMEOUT,False,1,-2
tree_20_seed0,tree,1,1,0,False,3,3,OPT,RETURNED,False,3,3,OPT,RETURNED,False,0,0
tree_20_seed0,tree,1,1,1,False,3,3,OPT,RETURNED,False,3,3,OPT,RETURNED,False,0,0
tree_20_seed0,tree,1,1,2,False,3,3,OPT,RETURNED,False,3,3,OPT,RETURNED,False,0,0
tree_20_seed0,tree,2,1,0,False,5,5,OPT,RETURNED,False,5,5,OPT,RETURNED,False,0,0
tree_20_seed0,tree,2,1,1,False,5,5,OPT,RETURNED,False,5,5,OPT,RETURNED,False,0,0
tree_20_seed0,tree,2,1,2,False,5,5,OPT,RETURNED,False,5,5,OPT,RETURNED,False,0,0
tree_20_seed0,tree,3,2,0,False,8,8,OPT,RETURNED,False,8,8,OPT,RETURNED,False,0,0
tree_20_seed0,tree,3,2,1,False,8,8,OPT,RETURNED,False,8,8,OPT,RETURNED,False,0,0
tree_20_seed0,tree,3,2,2,False,8,8,OPT,RETURNED,False,8,8,OPT,RETURNED,False,0,0
tree_20_seed1,tree,1,1,0,False,4,4,OPT,RETURNED,False,4,4,OPT,RETURNED,False,0,0
tree_20_seed1,tree,1,1,1,False,4,4,OPT,RETURNED,False,4,4,OPT,RETURNED,False,0,0
tree_20_seed1,tree,1,1,2,False,4,4,OPT,RETURNED,False,4,4,OPT,RETURNED,False,0,0
tree_20_seed1,tree,2,1,0,False,5,5,OPT,RETURNED,False,5,5,OPT,RETURNED,False,0,0
tree_20_seed1,tree,2,1,1,False,5,5,OPT,RETURNED,False,5,5,OPT,RETURNED,False,0,0
tree_20_seed1,tree,2,1,2,False,5,5,OPT,RETURNED,False,5,5,OPT,RETURNED,False,0,0
tree_20_seed1,tree,3,2,0,False,9,9,OPT,RETURNED,False,9,9,OPT,RETURNED,False,0,0
tree_20_seed1,tree,3,2,1,False,9,9,OPT,RETURNED,False,9,9,OPT,RETURNED,False,0,0
tree_20_seed1,tree,3,2,2,False,9,9,OPT,RETURNED,False,9,9,OPT,RETURNED,False,0,0
tree_20_seed2,tree,1,1,0,False,3,3,OPT,RETURNED,False,3,3,OPT,RETURNED,False,0,0
tree_20_seed2,tree,1,1,1,False,3,3,OPT,RETURNED,False,3,3,OPT,RETURNED,False,0,0
tree_20_seed2,tree,1,1,2,False,3,3,OPT,RETURNED,False,3,3,OPT,RETURNED,False,0,0
tree_20_seed2,tree,2,1,0,False,4,4,OPT,RETURNED,False,4,4,OPT,RETURNED,False,0,0
tree_20_seed2,tree,2,1,1,False,4,4,OPT,RETURNED,False,4,4,OPT,RETURNED,False,0,0
tree_20_seed2,tree,2,1,2,False,4,4,OPT,RETURNED,False,4,4,OPT,RETURNED,False,0,0
tree_20_seed2,tree,3,2,0,False,8,8,OPT,RETURNED,False,8,8,OPT,RETURNED,False,0,0
tree_20_seed2,tree,3,2,1,False,8,8,OPT,RETURNED,False,8,8,OPT,RETURNED,False,0,0
tree_20_seed2,tree,3,2,2,False,8,8,OPT,RETURNED,False,8,8,OPT,RETURNED,False,0,0
tree_40_seed0,tree,1,1,0,False,4,4,OPT,RETURNED,False,4,4,OPT,RETURNED,False,0,0
tree_40_seed0,tree,1,1,1,False,4,4,OPT,RETURNED,False,4,4,OPT,RETURNED,False,0,0
tree_40_seed0,tree,1,1,2,False,4,4,OPT,RETURNED,False,4,4,OPT,RETURNED,False,0,0
tree_40_seed0,tree,2,1,0,False,5,5,OPT,RETURNED,False,5,5,OPT,RETURNED,False,0,0
tree_40_seed0,tree,2,1,1,False,5,5,OPT,RETURNED,False,5,5,OPT,RETURNED,False,0,0
tree_40_seed0,tree,2,1,2,False,5,5,OPT,RETURNED,False,5,5,OPT,RETURNED,False,0,0
tree_40_seed0,tree,3,2,0,False,9,9,OPT,RETURNED,False,9,9,OPT,RETURNED,False,0,0
tree_40_seed0,tree,3,2,1,False,9,9,OPT,RETURNED,False,9,9,OPT,RETURNED,False,0,0
tree_40_seed0,tree,3,2,2,False,9,9,OPT,RETURNED,False,9,9,OPT,RETURNED,False,0,0
tree_40_seed1,tree,1,1,0,False,6,6,OPT,RETURNED,False,6,6,OPT,RETURNED,False,0,0
tree_40_seed1,tree,1,1,1,False,6,6,OPT,RETURNED,False,6,6,OPT,RETURNED,False,0,0
tree_40_seed1,tree,1,1,2,False,6,6,OPT,RETURNED,False,6,6,OPT,RETURNED,False,0,0
tree_40_seed1,tree,2,1,0,False,7,7,OPT,RETURNED,False,7,7,OPT,RETURNED,False,0,0
tree_40_seed1,tree,2,1,1,False,7,7,OPT,RETURNED,False,7,7,OPT,RETURNED,False,0,0
tree_40_seed1,tree,2,1,2,False,7,7,OPT,RETURNED,False,7,7,OPT,RETURNED,False,0,0
tree_40_seed1,tree,3,2,0,False,13,13,OPT,RETURNED,False,13,13,OPT,RETURNED,False,0,0
tree_40_seed1,tree,3,2,1,False,13,13,OPT,RETURNED,False,13,13,OPT,RETURNED,False,0,0
tree_40_seed1,tree,3,2,2,False,13,13,OPT,RETURNED,False,13,13,OPT,RETURNED,False,0,0
tree_40_seed2,tree,1,1,0,False,4,4,OPT,RETURNED,False,4,4,OPT,RETURNED,False,0,0
tree_40_seed2,tree,1,1,1,False,4,4,OPT,RETURNED,False,4,4,OPT,RETURNED,False,0,0
tree_40_seed2,tree,1,1,2,False,4,4,OPT,RETURNED,False,4,4,OPT,RETURNED,False,0,0
tree_40_seed2,tree,2,1,0,False,5,5,OPT,RETURNED,False,5,5,OPT,RETURNED,False,0,0
tree_40_seed2,tree,2,1,1,False,5,5,OPT,RETURNED,False,5,5,OPT,RETURNED,False,0,0
tree_40_seed2,tree,2,1,2,False,5,5,OPT,RETURNED,False,5,5,OPT,RETURNED,False,0,0
tree_40_seed2,tree,3,2,0,False,10,10,OPT,RETURNED,False,10,10,OPT,RETURNED,False,0,0
tree_40_seed2,tree,3,2,1,False,10,10,OPT,RETURNED,False,10,10,OPT,RETURNED,False,0,0
tree_40_seed2,tree,3,2,2,False,10,10,OPT,RETURNED,False,10,10,OPT,RETURNED,False,0,0
tree_60_seed0,tree,1,1,0,False,5,5,OPT,RETURNED,False,5,5,OPT,RETURNED,False,0,0
tree_60_seed0,tree,1,1,1,False,5,5,OPT,RETURNED,False,5,5,OPT,RETURNED,False,0,0
tree_60_seed0,tree,1,1,2,False,5,5,OPT,RETURNED,False,5,5,OPT,RETURNED,False,0,0
tree_60_seed0,tree,2,1,0,False,6,6,OPT,RETURNED,False,6,6,OPT,RETURNED,False,0,0
tree_60_seed0,tree,2,1,1,False,6,6,OPT,RETURNED,False,6,6,OPT,RETURNED,False,0,0
tree_60_seed0,tree,2,1,2,False,6,6,OPT,RETURNED,False,6,6,OPT,RETURNED,False,0,0
tree_60_seed0,tree,3,2,0,False,11,11,OPT,RETURNED,False,11,11,OPT,RETURNED,False,0,0
tree_60_seed0,tree,3,2,1,False,11,11,OPT,RETURNED,False,11,11,OPT,RETURNED,False,0,0
tree_60_seed0,tree,3,2,2,False,11,11,OPT,RETURNED,False,11,11,OPT,RETURNED,False,0,0
tree_60_seed1,tree,1,1,0,False,6,6,OPT,RETURNED,False,6,6,OPT,RETURNED,False,0,0
tree_60_seed1,tree,1,1,1,False,6,6,OPT,RETURNED,False,6,6,OPT,RETURNED,False,0,0
tree_60_seed1,tree,1,1,2,False,6,6,OPT,RETURNED,False,6,6,OPT,RETURNED,False,0,0
tree_60_seed1,tree,2,1,0,False,7,7,OPT,RETURNED,False,7,7,OPT,RETURNED,False,0,0
tree_60_seed1,tree,2,1,1,False,7,7,OPT,RETURNED,False,7,7,OPT,RETURNED,False,0,0
tree_60_seed1,tree,2,1,2,False,7,7,OPT,RETURNED,False,7,7,OPT,RETURNED,False,0,0
tree_60_seed1,tree,3,2,0,False,13,13,OPT,RETURNED,False,13,13,OPT,RETURNED,False,0,0
tree_60_seed1,tree,3,2,1,False,13,13,OPT,RETURNED,False,13,13,OPT,RETURNED,False,0,0
tree_60_seed1,tree,3,2,2,False,13,13,OPT,RETURNED,False,13,13,OPT,RETURNED,False,0,0
tree_60_seed2,tree,1,1,0,False,4,4,OPT,RETURNED,False,4,4,OPT,RETURNED,False,0,0
tree_60_seed2,tree,1,1,1,False,4,4,OPT,RETURNED,False,4,4,OPT,RETURNED,False,0,0
tree_60_seed2,tree,1,1,2,False,4,4,OPT,RETURNED,False,4,4,OPT,RETURNED,False,0,0
tree_60_seed2,tree,2,1,0,False,5,5,OPT,RETURNED,False,5,5,OPT,RETURNED,False,0,0
tree_60_seed2,tree,2,1,1,False,5,5,OPT,RETURNED,False,5,5,OPT,RETURNED,False,0,0
tree_60_seed2,tree,2,1,2,False,5,5,OPT,RETURNED,False,5,5,OPT,RETURNED,False,0,0
tree_60_seed2,tree,3,2,0,False,10,10,OPT,RETURNED,False,10,10,OPT,RETURNED,False,0,0
tree_60_seed2,tree,3,2,1,False,10,10,OPT,RETURNED,False,10,10,OPT,RETURNED,False,0,0
tree_60_seed2,tree,3,2,2,False,10,10,OPT,RETURNED,False,10,10,OPT,RETURNED,False,0,0
