Instance,Group,h,k,V,E,Theory_LB,Exact_Reference,Combined_LB,Best_Witness_UB,Absolute_Gap,Evidence,Lower_Sources,Upper_Sources,cadical_OPT_Within_Budget,cadical_Best_Witness_UB,gurobi_OPT_Within_Budget,gurobi_Best_Witness_UB
ER_40_p0.15_seed0,ER p=0.15,2,1,40,128,13,,13,21,8,OPEN,theory;ER_40_p0.15_seed0__h2_k1__r0__gurobi;ER_40_p0.15_seed0__h2_k1__r0__cadical;ER_40_p0.15_seed0__h2_k1__r1__cadical;ER_40_p0.15_seed0__h2_k1__r1__gurobi;ER_40_p0.15_seed0__h2_k1__r2__gurobi;ER_40_p0.15_seed0__h2_k1__r2__cadical,ER_40_p0.15_seed0__h2_k1__r0__gurobi;ER_40_p0.15_seed0__h2_k1__r0__cadical;ER_40_p0.15_seed0__h2_k1__r1__cadical;ER_40_p0.15_seed0__h2_k1__r1__gurobi;ER_40_p0.15_seed0__h2_k1__r2__gurobi;ER_40_p0.15_seed0__h2_k1__r2__cadical,0,21,0,21
ER_40_p0.15_seed0,ER p=0.15,3,2,40,128,25,,25,44,19,OPEN,theory;ER_40_p0.15_seed0__h3_k2__r0__gurobi;ER_40_p0.15_seed0__h3_k2__r0__cadical;ER_40_p0.15_seed0__h3_k2__r1__cadical;ER_40_p0.15_seed0__h3_k2__r1__gurobi;ER_40_p0.15_seed0__h3_k2__r2__gurobi;ER_40_p0.15_seed0__h3_k2__r2__cadical,ER_40_p0.15_seed0__h3_k2__r0__gurobi;ER_40_p0.15_seed0__h3_k2__r0__cadical;ER_40_p0.15_seed0__h3_k2__r1__cadical;ER_40_p0.15_seed0__h3_k2__r1__gurobi;ER_40_p0.15_seed0__h3_k2__r2__gurobi;ER_40_p0.15_seed0__h3_k2__r2__cadical,0,44,0,44
ER_40_p0.15_seed1,ER p=0.15,2,1,40,115,11,,11,20,9,OPEN,theory;ER_40_p0.15_seed1__h2_k1__r0__cadical;ER_40_p0.15_seed1__h2_k1__r0__gurobi;ER_40_p0.15_seed1__h2_k1__r1__gurobi;ER_40_p0.15_seed1__h2_k1__r1__cadical;ER_40_p0.15_seed1__h2_k1__r2__cadical;ER_40_p0.15_seed1__h2_k1__r2__gurobi,ER_40_p0.15_seed1__h2_k1__r0__cadical;ER_40_p0.15_seed1__h2_k1__r0__gurobi;ER_40_p0.15_seed1__h2_k1__r1__gurobi;ER_40_p0.15_seed1__h2_k1__r1__cadical;ER_40_p0.15_seed1__h2_k1__r2__cadical;ER_40_p0.15_seed1__h2_k1__r2__gurobi,0,20,0,20
ER_40_p0.15_seed1,ER p=0.15,3,2,40,115,21,,21,43,22,OPEN,theory;ER_40_p0.15_seed1__h3_k2__r0__cadical;ER_40_p0.15_seed1__h3_k2__r0__gurobi;ER_40_p0.15_seed1__h3_k2__r1__gurobi;ER_40_p0.15_seed1__h3_k2__r1__cadical;ER_40_p0.15_seed1__h3_k2__r2__cadical;ER_40_p0.15_seed1__h3_k2__r2__gurobi,ER_40_p0.15_seed1__h3_k2__r0__cadical;ER_40_p0.15_seed1__h3_k2__r0__gurobi;ER_40_p0.15_seed1__h3_k2__r1__gurobi;ER_40_p0.15_seed1__h3_k2__r1__cadical;ER_40_p0.15_seed1__h3_k2__r2__cadical;ER_40_p0.15_seed1__h3_k2__r2__gurobi,0,43,0,43
ER_40_p0.15_seed2,ER p=0.15,1,1,40,114,12,,12,16,4,OPEN,theory;ER_40_p0.15_seed2__h1_k1__r0__gurobi;ER_40_p0.15_seed2__h1_k1__r0__cadical;ER_40_p0.15_seed2__h1_k1__r1__cadical;ER_40_p0.15_seed2__h1_k1__r1__gurobi;ER_40_p0.15_seed2__h1_k1__r2__gurobi;ER_40_p0.15_seed2__h1_k1__r2__cadical,ER_40_p0.15_seed2__h1_k1__r0__gurobi;ER_40_p0.15_seed2__h1_k1__r0__cadical;ER_40_p0.15_seed2__h1_k1__r1__cadical;ER_40_p0.15_seed2__h1_k1__r1__gurobi;ER_40_p0.15_seed2__h1_k1__r2__gurobi;ER_40_p0.15_seed2__h1_k1__r2__cadical,0,16,0,16
ER_40_p0.15_seed2,ER p=0.15,2,1,40,114,13,,13,20,7,OPEN,theory;ER_40_p0.15_seed2__h2_k1__r0__gurobi;ER_40_p0.15_seed2__h2_k1__r0__cadical;ER_40_p0.15_seed2__h2_k1__r1__cadical;ER_40_p0.15_seed2__h2_k1__r1__gurobi;ER_40_p0.15_seed2__h2_k1__r2__gurobi;ER_40_p0.15_seed2__h2_k1__r2__cadical,ER_40_p0.15_seed2__h2_k1__r0__gurobi;ER_40_p0.15_seed2__h2_k1__r0__cadical;ER_40_p0.15_seed2__h2_k1__r1__cadical;ER_40_p0.15_seed2__h2_k1__r1__gurobi;ER_40_p0.15_seed2__h2_k1__r2__gurobi;ER_40_p0.15_seed2__h2_k1__r2__cadical,0,20,0,20
ER_40_p0.15_seed2,ER p=0.15,3,2,40,114,25,,25,39,14,OPEN,theory;ER_40_p0.15_seed2__h3_k2__r0__gurobi;ER_40_p0.15_seed2__h3_k2__r0__cadical;ER_40_p0.15_seed2__h3_k2__r1__cadical;ER_40_p0.15_seed2__h3_k2__r1__gurobi;ER_40_p0.15_seed2__h3_k2__r2__gurobi;ER_40_p0.15_seed2__h3_k2__r2__cadical,ER_40_p0.15_seed2__h3_k2__r0__gurobi;ER_40_p0.15_seed2__h3_k2__r0__cadical;ER_40_p0.15_seed2__h3_k2__r1__cadical;ER_40_p0.15_seed2__h3_k2__r1__gurobi;ER_40_p0.15_seed2__h3_k2__r2__gurobi;ER_40_p0.15_seed2__h3_k2__r2__cadical,0,39,0,39
ER_40_p0.30_seed0,ER p=0.30,3,2,40,230,35,,35,77,42,OPEN,theory;ER_40_p0.30_seed0__h3_k2__r0__cadical;ER_40_p0.30_seed0__h3_k2__r0__gurobi;ER_40_p0.30_seed0__h3_k2__r1__gurobi;ER_40_p0.30_seed0__h3_k2__r1__cadical;ER_40_p0.30_seed0__h3_k2__r2__cadical;ER_40_p0.30_seed0__h3_k2__r2__gurobi,ER_40_p0.30_seed0__h3_k2__r0__cadical;ER_40_p0.30_seed0__h3_k2__r0__gurobi;ER_40_p0.30_seed0__h3_k2__r1__gurobi;ER_40_p0.30_seed0__h3_k2__r1__cadical;ER_40_p0.30_seed0__h3_k2__r2__cadical;ER_40_p0.30_seed0__h3_k2__r2__gurobi,0,77,0,77
ER_40_p0.30_seed1,ER p=0.30,3,2,40,228,35,,35,78,43,OPEN,theory;ER_40_p0.30_seed1__h3_k2__r0__gurobi;ER_40_p0.30_seed1__h3_k2__r0__cadical;ER_40_p0.30_seed1__h3_k2__r1__cadical;ER_40_p0.30_seed1__h3_k2__r1__gurobi;ER_40_p0.30_seed1__h3_k2__r2__gurobi;ER_40_p0.30_seed1__h3_k2__r2__cadical,ER_40_p0.30_seed1__h3_k2__r0__gurobi;ER_40_p0.30_seed1__h3_k2__r0__cadical;ER_40_p0.30_seed1__h3_k2__r1__cadical;ER_40_p0.30_seed1__h3_k2__r1__gurobi;ER_40_p0.30_seed1__h3_k2__r2__gurobi;ER_40_p0.30_seed1__h3_k2__r2__cadical,0,78,0,78
ER_60_p0.15_seed0,ER p=0.15,1,1,60,272,17,,17,27,10,OPEN,theory;ER_60_p0.15_seed0__h1_k1__r0__cadical;ER_60_p0.15_seed0__h1_k1__r0__gurobi;ER_60_p0.15_seed0__h1_k1__r1__gurobi;ER_60_p0.15_seed0__h1_k1__r1__cadical;ER_60_p0.15_seed0__h1_k1__r2__cadical;ER_60_p0.15_seed0__h1_k1__r2__gurobi,ER_60_p0.15_seed0__h1_k1__r0__cadical;ER_60_p0.15_seed0__h1_k1__r0__gurobi;ER_60_p0.15_seed0__h1_k1__r1__gurobi;ER_60_p0.15_seed0__h1_k1__r1__cadical;ER_60_p0.15_seed0__h1_k1__r2__cadical;ER_60_p0.15_seed0__h1_k1__r2__gurobi,0,27,0,27
ER_60_p0.15_seed0,ER p=0.15,2,1,60,272,18,,18,31,13,OPEN,theory;ER_60_p0.15_seed0__h2_k1__r0__cadical;ER_60_p0.15_seed0__h2_k1__r0__gurobi;ER_60_p0.15_seed0__h2_k1__r1__gurobi;ER_60_p0.15_seed0__h2_k1__r1__cadical;ER_60_p0.15_seed0__h2_k1__r2__cadical;ER_60_p0.15_seed0__h2_k1__r2__gurobi,ER_60_p0.15_seed0__h2_k1__r0__cadical;ER_60_p0.15_seed0__h2_k1__r0__gurobi;ER_60_p0.15_seed0__h2_k1__r1__gurobi;ER_60_p0.15_seed0__h2_k1__r1__cadical;ER_60_p0.15_seed0__h2_k1__r2__cadical;ER_60_p0.15_seed0__h2_k1__r2__gurobi,0,31,0,31
ER_60_p0.15_seed0,ER p=0.15,3,2,60,272,35,,35,66,31,OPEN,theory;ER_60_p0.15_seed0__h3_k2__r0__cadical;ER_60_p0.15_seed0__h3_k2__r0__gurobi;ER_60_p0.15_seed0__h3_k2__r1__gurobi;ER_60_p0.15_seed0__h3_k2__r1__cadical;ER_60_p0.15_seed0__h3_k2__r2__cadical;ER_60_p0.15_seed0__h3_k2__r2__gurobi,ER_60_p0.15_seed0__h3_k2__r0__cadical;ER_60_p0.15_seed0__h3_k2__r0__gurobi;ER_60_p0.15_seed0__h3_k2__r1__gurobi;ER_60_p0.15_seed0__h3_k2__r1__cadical;ER_60_p0.15_seed0__h3_k2__r2__cadical;ER_60_p0.15_seed0__h3_k2__r2__gurobi,0,66,0,66
ER_60_p0.15_seed1,ER p=0.15,1,1,60,261,17,,17,27,10,OPEN,theory;ER_60_p0.15_seed1__h1_k1__r0__gurobi;ER_60_p0.15_seed1__h1_k1__r0__cadical;ER_60_p0.15_seed1__h1_k1__r1__cadical;ER_60_p0.15_seed1__h1_k1__r1__gurobi;ER_60_p0.15_seed1__h1_k1__r2__gurobi;ER_60_p0.15_seed1__h1_k1__r2__cadical,ER_60_p0.15_seed1__h1_k1__r0__gurobi;ER_60_p0.15_seed1__h1_k1__r0__cadical;ER_60_p0.15_seed1__h1_k1__r1__cadical;ER_60_p0.15_seed1__h1_k1__r1__gurobi;ER_60_p0.15_seed1__h1_k1__r2__gurobi;ER_60_p0.15_seed1__h1_k1__r2__cadical,0,27,0,27
ER_60_p0.15_seed1,ER p=0.15,2,1,60,261,18,,18,31,13,OPEN,theory;ER_60_p0.15_seed1__h2_k1__r0__gurobi;ER_60_p0.15_seed1__h2_k1__r0__cadical;ER_60_p0.15_seed1__h2_k1__r1__cadical;ER_60_p0.15_seed1__h2_k1__r1__gurobi;ER_60_p0.15_seed1__h2_k1__r2__gurobi;ER_60_p0.15_seed1__h2_k1__r2__cadical,ER_60_p0.15_seed1__h2_k1__r0__gurobi;ER_60_p0.15_seed1__h2_k1__r0__cadical;ER_60_p0.15_seed1__h2_k1__r1__cadical;ER_60_p0.15_seed1__h2_k1__r1__gurobi;ER_60_p0.15_seed1__h2_k1__r2__gurobi;ER_60_p0.15_seed1__h2_k1__r2__cadical,0,31,0,31
ER_60_p0.15_seed1,ER p=0.15,3,2,60,261,35,,35,64,29,OPEN,theory;ER_60_p0.15_seed1__h3_k2__r0__gurobi;ER_60_p0.15_seed1__h3_k2__r0__cadical;ER_60_p0.15_seed1__h3_k2__r1__cadical;ER_60_p0.15_seed1__h3_k2__r1__gurobi;ER_60_p0.15_seed1__h3_k2__r2__gurobi;ER_60_p0.15_seed1__h3_k2__r2__cadical,ER_60_p0.15_seed1__h3_k2__r0__gurobi;ER_60_p0.15_seed1__h3_k2__r0__cadical;ER_60_p0.15_seed1__h3_k2__r1__cadical;ER_60_p0.15_seed1__h3_k2__r1__gurobi;ER_60_p0.15_seed1__h3_k2__r2__gurobi;ER_60_p0.15_seed1__h3_k2__r2__cadical,0,64,0,64
ER_60_p0.15_seed2,ER p=0.15,1,1,60,251,14,,14,25,11,OPEN,theory;ER_60_p0.15_seed2__h1_k1__r0__cadical;ER_60_p0.15_seed2__h1_k1__r0__gurobi;ER_60_p0.15_seed2__h1_k1__r1__gurobi;ER_60_p0.15_seed2__h1_k1__r1__cadical;ER_60_p0.15_seed2__h1_k1__r2__cadical;ER_60_p0.15_seed2__h1_k1__r2__gurobi,ER_60_p0.15_seed2__h1_k1__r0__cadical;ER_60_p0.15_seed2__h1_k1__r0__gurobi;ER_60_p0.15_seed2__h1_k1__r1__gurobi;ER_60_p0.15_seed2__h1_k1__r1__cadical;ER_60_p0.15_seed2__h1_k1__r2__cadical;ER_60_p0.15_seed2__h1_k1__r2__gurobi,0,25,0,25
ER_60_p0.15_seed2,ER p=0.15,2,1,60,251,15,,15,28,13,OPEN,theory;ER_60_p0.15_seed2__h2_k1__r0__cadical;ER_60_p0.15_seed2__h2_k1__r0__gurobi;ER_60_p0.15_seed2__h2_k1__r1__gurobi;ER_60_p0.15_seed2__h2_k1__r1__cadical;ER_60_p0.15_seed2__h2_k1__r2__cadical;ER_60_p0.15_seed2__h2_k1__r2__gurobi,ER_60_p0.15_seed2__h2_k1__r0__cadical;ER_60_p0.15_seed2__h2_k1__r0__gurobi;ER_60_p0.15_seed2__h2_k1__r1__gurobi;ER_60_p0.15_seed2__h2_k1__r1__cadical;ER_60_p0.15_seed2__h2_k1__r2__cadical;ER_60_p0.15_seed2__h2_k1__r2__gurobi,0,28,0,28
ER_60_p0.15_seed2,ER p=0.15,3,2,60,251,29,,29,63,34,OPEN,theory;ER_60_p0.15_seed2__h3_k2__r0__cadical;ER_60_p0.15_seed2__h3_k2__r0__gurobi;ER_60_p0.15_seed2__h3_k2__r1__gurobi;ER_60_p0.15_seed2__h3_k2__r1__cadical;ER_60_p0.15_seed2__h3_k2__r2__cadical;ER_60_p0.15_seed2__h3_k2__r2__gurobi,ER_60_p0.15_seed2__h3_k2__r0__cadical;ER_60_p0.15_seed2__h3_k2__r0__gurobi;ER_60_p0.15_seed2__h3_k2__r1__gurobi;ER_60_p0.15_seed2__h3_k2__r1__cadical;ER_60_p0.15_seed2__h3_k2__r2__cadical;ER_60_p0.15_seed2__h3_k2__r2__gurobi,0,63,0,63
ER_60_p0.30_seed0,ER p=0.30,3,2,60,510,49,,49,125,76,OPEN,theory;ER_60_p0.30_seed0__h3_k2__r0__gurobi;ER_60_p0.30_seed0__h3_k2__r0__cadical;ER_60_p0.30_seed0__h3_k2__r1__cadical;ER_60_p0.30_seed0__h3_k2__r1__gurobi;ER_60_p0.30_seed0__h3_k2__r2__gurobi;ER_60_p0.30_seed0__h3_k2__r2__cadical,ER_60_p0.30_seed0__h3_k2__r0__gurobi;ER_60_p0.30_seed0__h3_k2__r0__cadical;ER_60_p0.30_seed0__h3_k2__r1__cadical;ER_60_p0.30_seed0__h3_k2__r1__gurobi;ER_60_p0.30_seed0__h3_k2__r2__gurobi;ER_60_p0.30_seed0__h3_k2__r2__cadical,0,125,0,125
ER_60_p0.30_seed1,ER p=0.30,3,2,60,518,57,,57,131,74,OPEN,theory;ER_60_p0.30_seed1__h3_k2__r0__cadical;ER_60_p0.30_seed1__h3_k2__r0__gurobi;ER_60_p0.30_seed1__h3_k2__r1__gurobi;ER_60_p0.30_seed1__h3_k2__r1__cadical;ER_60_p0.30_seed1__h3_k2__r2__cadical;ER_60_p0.30_seed1__h3_k2__r2__gurobi,ER_60_p0.30_seed1__h3_k2__r0__cadical;ER_60_p0.30_seed1__h3_k2__r0__gurobi;ER_60_p0.30_seed1__h3_k2__r1__gurobi;ER_60_p0.30_seed1__h3_k2__r1__cadical;ER_60_p0.30_seed1__h3_k2__r2__cadical;ER_60_p0.30_seed1__h3_k2__r2__gurobi,0,131,0,131
ER_60_p0.30_seed2,ER p=0.30,3,2,60,519,49,,49,132,83,OPEN,theory;ER_60_p0.30_seed2__h3_k2__r0__gurobi;ER_60_p0.30_seed2__h3_k2__r0__cadical;ER_60_p0.30_seed2__h3_k2__r1__cadical;ER_60_p0.30_seed2__h3_k2__r1__gurobi;ER_60_p0.30_seed2__h3_k2__r2__gurobi;ER_60_p0.30_seed2__h3_k2__r2__cadical,ER_60_p0.30_seed2__h3_k2__r0__gurobi;ER_60_p0.30_seed2__h3_k2__r0__cadical;ER_60_p0.30_seed2__h3_k2__r1__cadical;ER_60_p0.30_seed2__h3_k2__r1__gurobi;ER_60_p0.30_seed2__h3_k2__r2__gurobi;ER_60_p0.30_seed2__h3_k2__r2__cadical,0,132,0,132
