Graph,Graph_Name,Family,h,k,V,E,Delta,Solver,Formulation,lambda,LB,status,time,variables,constraints,Model_Span,Baseline,Baseline_Check
path_3__h1_k1,path_3,path,1,1,3,2,2,glucose,order,2,2,OPT,0.0015939009990688646,,,,2,PASS
path_3__h2_k1,path_3,path,2,1,3,2,2,glucose,order,3,3,OPT,0.6730598060003103,9,30,3,3,PASS
path_3__h3_k2,path_3,path,3,2,3,2,2,glucose,order,5,5,OPT,0.5560355460002029,15,76,5,5,PASS
star_3__h1_k1,star_3,star,1,1,4,3,3,glucose,order,3,3,OPT,0.00044567599979927763,,,,3,PASS
star_3__h2_k1,star_3,star,2,1,4,3,3,glucose,order,4,4,OPT,0.0002591930006019538,,,,4,PASS
star_3__h3_k2,star_3,star,3,2,4,3,3,glucose,order,7,7,OPT,0.00020785999913641717,,,,7,PASS
comb_3__h1_k1,comb_3,comb,1,1,6,5,3,glucose,order,3,3,OPT,0.00024476700127706863,,,,3,PASS
comb_3__h2_k1,comb_3,comb,2,1,6,5,3,glucose,order,4,4,OPT,0.5563087680002354,24,108,4,,NA
comb_3__h3_k2,comb_3,comb,3,2,6,5,3,glucose,order,7,7,OPT,0.44396996599971317,42,316,7,,NA
random_3_seed0__h1_k1,random_3_seed0,random,1,1,3,2,2,glucose,order,2,2,OPT,0.00043438899956527166,,,,2,PASS
random_3_seed0__h2_k1,random_3_seed0,random,2,1,3,2,2,glucose,order,3,3,OPT,0.46013861499886843,9,30,3,,NA
random_3_seed0__h3_k2,random_3_seed0,random,3,2,3,2,2,glucose,order,5,5,OPT,0.4537877579987253,15,76,5,,NA
random_3_seed1__h1_k1,random_3_seed1,random,1,1,3,2,2,glucose,order,2,2,OPT,0.0002937419994850643,,,,2,PASS
random_3_seed1__h2_k1,random_3_seed1,random,2,1,3,2,2,glucose,order,3,3,OPT,0.0003375109990884084,,,,,NA
random_3_seed1__h3_k2,random_3_seed1,random,3,2,3,2,2,glucose,order,5,5,OPT,0.00022886399892740883,,,,,NA
path_4__h1_k1,path_4,path,1,1,4,3,2,glucose,order,2,2,OPT,0.00019235400031902827,,,,2,PASS
path_4__h2_k1,path_4,path,2,1,4,3,2,glucose,order,3,3,OPT,0.4857222640002874,12,46,3,3,PASS
path_4__h3_k2,path_4,path,3,2,4,3,2,glucose,order,5,5,OPT,0.45599475400013034,20,120,5,5,PASS
star_4__h1_k1,star_4,star,1,1,5,4,4,glucose,order,4,4,OPT,0.0004558749988063937,,,,4,PASS
star_4__h2_k1,star_4,star,2,1,5,4,4,glucose,order,5,5,OPT,0.00025397600074938964,,,,5,PASS
star_4__h3_k2,star_4,star,3,2,5,4,4,glucose,order,9,9,OPT,0.00023185099962574895,,,,9,PASS
comb_4__h1_k1,comb_4,comb,1,1,8,7,3,glucose,order,3,3,OPT,0.0003086140004597837,,,,3,PASS
comb_4__h2_k1,comb_4,comb,2,1,8,7,3,glucose,order,4,4,OPT,0.4282916379997914,32,155,4,,NA
comb_4__h3_k2,comb_4,comb,3,2,8,7,3,glucose,order,7,7,OPT,0.45823868899969966,56,462,7,,NA
random_4_seed0__h1_k1,random_4_seed0,random,1,1,4,3,3,glucose,order,3,3,OPT,0.00031405299887410365,,,,3,PASS
random_4_seed0__h2_k1,random_4_seed0,random,2,1,4,3,3,glucose,order,4,4,OPT,0.00024203599969041534,,,,,NA
random_4_seed0__h3_k2,random_4_seed0,random,3,2,4,3,3,glucose,order,7,7,OPT,0.0002014460005739238,,,,,NA
random_4_seed1__h1_k1,random_4_seed1,random,1,1,4,3,2,glucose,order,2,2,OPT,0.00020475000019359868,,,,2,PASS
random_4_seed1__h2_k1,random_4_seed1,random,2,1,4,3,2,glucose,order,3,3,OPT,0.4107803070000955,12,46,3,,NA
random_4_seed1__h3_k2,random_4_seed1,random,3,2,4,3,2,glucose,order,5,5,OPT,0.42618604699964635,20,120,5,,NA
path_5__h1_k1,path_5,path,1,1,5,4,2,glucose,order,2,2,OPT,0.00030685999990964774,,,,2,PASS
path_5__h2_k1,path_5,path,2,1,5,4,2,glucose,order,4,4,OPT,0.4377570070009824,,,,4,PASS
path_5__h3_k2,path_5,path,3,2,5,4,2,glucose,order,6,6,OPT,0.4270921580009599,,,,6,PASS
star_5__h1_k1,star_5,star,1,1,6,5,5,glucose,order,5,5,OPT,0.0007770559986965964,,,,5,PASS
star_5__h2_k1,star_5,star,2,1,6,5,5,glucose,order,6,6,OPT,0.0003418180003791349,,,,6,PASS
star_5__h3_k2,star_5,star,3,2,6,5,5,glucose,order,11,11,OPT,0.0002506750006432412,,,,11,PASS
comb_5__h1_k1,comb_5,comb,1,1,10,9,3,glucose,order,3,3,OPT,0.00031033300001581665,,,,3,PASS
comb_5__h2_k1,comb_5,comb,2,1,10,9,3,glucose,order,5,5,OPT,0.42450228900088405,,,,,NA
comb_5__h3_k2,comb_5,comb,3,2,10,9,3,glucose,order,8,8,OPT,0.444844143001319,80,696,8,,NA
random_5_seed0__h1_k1,random_5_seed0,random,1,1,5,4,3,glucose,order,3,3,OPT,0.0007011709985818015,,,,3,PASS
random_5_seed0__h2_k1,random_5_seed0,random,2,1,5,4,3,glucose,order,4,4,OPT,0.0002451760010444559,,,,,NA
random_5_seed0__h3_k2,random_5_seed0,random,3,2,5,4,3,glucose,order,7,7,OPT,0.00021666900101990905,,,,,NA
random_5_seed1__h1_k1,random_5_seed1,random,1,1,5,4,2,glucose,order,2,2,OPT,0.00024063199998636264,,,,2,PASS
random_5_seed1__h2_k1,random_5_seed1,random,2,1,5,4,2,glucose,order,4,4,OPT,0.583348415000728,,,,,NA
random_5_seed1__h3_k2,random_5_seed1,random,3,2,5,4,2,glucose,order,6,6,OPT,0.4096486139987974,30,198,6,,NA
