Graph,Instance,h,k,Method,Repeat,Status,Termination,Initial_Fallback
tree_20_seed0__h1_k1__r0__cadical,tree_20_seed0,1,1,cadical,0,OPT,RETURNED,False
tree_20_seed0__h1_k1__r0__gurobi,tree_20_seed0,1,1,gurobi,0,OPT,RETURNED,False
tree_20_seed0__h1_k1__r1__gurobi,tree_20_seed0,1,1,gurobi,1,OPT,RETURNED,False
tree_20_seed0__h1_k1__r1__cadical,tree_20_seed0,1,1,cadical,1,OPT,RETURNED,False
tree_20_seed0__h1_k1__r2__cadical,tree_20_seed0,1,1,cadical,2,OPT,RETURNED,False
tree_20_seed0__h1_k1__r2__gurobi,tree_20_seed0,1,1,gurobi,2,OPT,RETURNED,False
tree_20_seed0__h2_k1__r0__cadical,tree_20_seed0,2,1,cadical,0,OPT,RETURNED,False
tree_20_seed0__h2_k1__r0__gurobi,tree_20_seed0,2,1,gurobi,0,OPT,RETURNED,False
tree_20_seed0__h2_k1__r1__gurobi,tree_20_seed0,2,1,gurobi,1,OPT,RETURNED,False
tree_20_seed0__h2_k1__r1__cadical,tree_20_seed0,2,1,cadical,1,OPT,RETURNED,False
tree_20_seed0__h2_k1__r2__cadical,tree_20_seed0,2,1,cadical,2,OPT,RETURNED,False
tree_20_seed0__h2_k1__r2__gurobi,tree_20_seed0,2,1,gurobi,2,OPT,RETURNED,False
tree_20_seed0__h3_k2__r0__cadical,tree_20_seed0,3,2,cadical,0,OPT,RETURNED,False
tree_20_seed0__h3_k2__r0__gurobi,tree_20_seed0,3,2,gurobi,0,OPT,RETURNED,False
tree_20_seed0__h3_k2__r1__gurobi,tree_20_seed0,3,2,gurobi,1,OPT,RETURNED,False
tree_20_seed0__h3_k2__r1__cadical,tree_20_seed0,3,2,cadical,1,OPT,RETURNED,False
tree_20_seed0__h3_k2__r2__cadical,tree_20_seed0,3,2,cadical,2,OPT,RETURNED,False
tree_20_seed0__h3_k2__r2__gurobi,tree_20_seed0,3,2,gurobi,2,OPT,RETURNED,False
tree_20_seed1__h1_k1__r0__gurobi,tree_20_seed1,1,1,gurobi,0,OPT,RETURNED,False
tree_20_seed1__h1_k1__r0__cadical,tree_20_seed1,1,1,cadical,0,OPT,RETURNED,False
tree_20_seed1__h1_k1__r1__cadical,tree_20_seed1,1,1,cadical,1,OPT,RETURNED,False
tree_20_seed1__h1_k1__r1__gurobi,tree_20_seed1,1,1,gurobi,1,OPT,RETURNED,False
tree_20_seed1__h1_k1__r2__gurobi,tree_20_seed1,1,1,gurobi,2,OPT,RETURNED,False
tree_20_seed1__h1_k1__r2__cadical,tree_20_seed1,1,1,cadical,2,OPT,RETURNED,False
tree_20_seed1__h2_k1__r0__gurobi,tree_20_seed1,2,1,gurobi,0,OPT,RETURNED,False
tree_20_seed1__h2_k1__r0__cadical,tree_20_seed1,2,1,cadical,0,OPT,RETURNED,False
tree_20_seed1__h2_k1__r1__cadical,tree_20_seed1,2,1,cadical,1,OPT,RETURNED,False
tree_20_seed1__h2_k1__r1__gurobi,tree_20_seed1,2,1,gurobi,1,OPT,RETURNED,False
tree_20_seed1__h2_k1__r2__gurobi,tree_20_seed1,2,1,gurobi,2,OPT,RETURNED,False
tree_20_seed1__h2_k1__r2__cadical,tree_20_seed1,2,1,cadical,2,OPT,RETURNED,False
tree_20_seed1__h3_k2__r0__gurobi,tree_20_seed1,3,2,gurobi,0,OPT,RETURNED,False
tree_20_seed1__h3_k2__r0__cadical,tree_20_seed1,3,2,cadical,0,OPT,RETURNED,False
tree_20_seed1__h3_k2__r1__cadical,tree_20_seed1,3,2,cadical,1,OPT,RETURNED,False
tree_20_seed1__h3_k2__r1__gurobi,tree_20_seed1,3,2,gurobi,1,OPT,RETURNED,False
tree_20_seed1__h3_k2__r2__gurobi,tree_20_seed1,3,2,gurobi,2,OPT,RETURNED,False
tree_20_seed1__h3_k2__r2__cadical,tree_20_seed1,3,2,cadical,2,OPT,RETURNED,False
tree_20_seed2__h1_k1__r0__cadical,tree_20_seed2,1,1,cadical,0,OPT,RETURNED,False
tree_20_seed2__h1_k1__r0__gurobi,tree_20_seed2,1,1,gurobi,0,OPT,RETURNED,False
tree_20_seed2__h1_k1__r1__gurobi,tree_20_seed2,1,1,gurobi,1,OPT,RETURNED,False
tree_20_seed2__h1_k1__r1__cadical,tree_20_seed2,1,1,cadical,1,OPT,RETURNED,False
tree_20_seed2__h1_k1__r2__cadical,tree_20_seed2,1,1,cadical,2,OPT,RETURNED,False
tree_20_seed2__h1_k1__r2__gurobi,tree_20_seed2,1,1,gurobi,2,OPT,RETURNED,False
tree_20_seed2__h2_k1__r0__cadical,tree_20_seed2,2,1,cadical,0,OPT,RETURNED,False
tree_20_seed2__h2_k1__r0__gurobi,tree_20_seed2,2,1,gurobi,0,OPT,RETURNED,False
tree_20_seed2__h2_k1__r1__gurobi,tree_20_seed2,2,1,gurobi,1,OPT,RETURNED,False
tree_20_seed2__h2_k1__r1__cadical,tree_20_seed2,2,1,cadical,1,OPT,RETURNED,False
tree_20_seed2__h2_k1__r2__cadical,tree_20_seed2,2,1,cadical,2,OPT,RETURNED,False
tree_20_seed2__h2_k1__r2__gurobi,tree_20_seed2,2,1,gurobi,2,OPT,RETURNED,False
tree_20_seed2__h3_k2__r0__cadical,tree_20_seed2,3,2,cadical,0,OPT,RETURNED,False
tree_20_seed2__h3_k2__r0__gurobi,tree_20_seed2,3,2,gurobi,0,OPT,RETURNED,False
tree_20_seed2__h3_k2__r1__gurobi,tree_20_seed2,3,2,gurobi,1,OPT,RETURNED,False
tree_20_seed2__h3_k2__r1__cadical,tree_20_seed2,3,2,cadical,1,OPT,RETURNED,False
tree_20_seed2__h3_k2__r2__cadical,tree_20_seed2,3,2,cadical,2,OPT,RETURNED,False
tree_20_seed2__h3_k2__r2__gurobi,tree_20_seed2,3,2,gurobi,2,OPT,RETURNED,False
tree_40_seed0__h1_k1__r0__gurobi,tree_40_seed0,1,1,gurobi,0,OPT,RETURNED,False
tree_40_seed0__h1_k1__r0__cadical,tree_40_seed0,1,1,cadical,0,OPT,RETURNED,False
tree_40_seed0__h1_k1__r1__cadical,tree_40_seed0,1,1,cadical,1,OPT,RETURNED,False
tree_40_seed0__h1_k1__r1__gurobi,tree_40_seed0,1,1,gurobi,1,OPT,RETURNED,False
tree_40_seed0__h1_k1__r2__gurobi,tree_40_seed0,1,1,gurobi,2,OPT,RETURNED,False
tree_40_seed0__h1_k1__r2__cadical,tree_40_seed0,1,1,cadical,2,OPT,RETURNED,False
tree_40_seed0__h2_k1__r0__gurobi,tree_40_seed0,2,1,gurobi,0,OPT,RETURNED,False
tree_40_seed0__h2_k1__r0__cadical,tree_40_seed0,2,1,cadical,0,OPT,RETURNED,False
tree_40_seed0__h2_k1__r1__cadical,tree_40_seed0,2,1,cadical,1,OPT,RETURNED,False
tree_40_seed0__h2_k1__r1__gurobi,tree_40_seed0,2,1,gurobi,1,OPT,RETURNED,False
tree_40_seed0__h2_k1__r2__gurobi,tree_40_seed0,2,1,gurobi,2,OPT,RETURNED,False
tree_40_seed0__h2_k1__r2__cadical,tree_40_seed0,2,1,cadical,2,OPT,RETURNED,False
tree_40_seed0__h3_k2__r0__gurobi,tree_40_seed0,3,2,gurobi,0,OPT,RETURNED,False
tree_40_seed0__h3_k2__r0__cadical,tree_40_seed0,3,2,cadical,0,OPT,RETURNED,False
tree_40_seed0__h3_k2__r1__cadical,tree_40_seed0,3,2,cadical,1,OPT,RETURNED,False
tree_40_seed0__h3_k2__r1__gurobi,tree_40_seed0,3,2,gurobi,1,OPT,RETURNED,False
tree_40_seed0__h3_k2__r2__gurobi,tree_40_seed0,3,2,gurobi,2,OPT,RETURNED,False
tree_40_seed0__h3_k2__r2__cadical,tree_40_seed0,3,2,cadical,2,OPT,RETURNED,False
tree_40_seed1__h1_k1__r0__cadical,tree_40_seed1,1,1,cadical,0,OPT,RETURNED,False
tree_40_seed1__h1_k1__r0__gurobi,tree_40_seed1,1,1,gurobi,0,OPT,RETURNED,False
tree_40_seed1__h1_k1__r1__gurobi,tree_40_seed1,1,1,gurobi,1,OPT,RETURNED,False
tree_40_seed1__h1_k1__r1__cadical,tree_40_seed1,1,1,cadical,1,OPT,RETURNED,False
tree_40_seed1__h1_k1__r2__cadical,tree_40_seed1,1,1,cadical,2,OPT,RETURNED,False
tree_40_seed1__h1_k1__r2__gurobi,tree_40_seed1,1,1,gurobi,2,OPT,RETURNED,False
tree_40_seed1__h2_k1__r0__cadical,tree_40_seed1,2,1,cadical,0,OPT,RETURNED,False
tree_40_seed1__h2_k1__r0__gurobi,tree_40_seed1,2,1,gurobi,0,OPT,RETURNED,False
tree_40_seed1__h2_k1__r1__gurobi,tree_40_seed1,2,1,gurobi,1,OPT,RETURNED,False
tree_40_seed1__h2_k1__r1__cadical,tree_40_seed1,2,1,cadical,1,OPT,RETURNED,False
tree_40_seed1__h2_k1__r2__cadical,tree_40_seed1,2,1,cadical,2,OPT,RETURNED,False
tree_40_seed1__h2_k1__r2__gurobi,tree_40_seed1,2,1,gurobi,2,OPT,RETURNED,False
tree_40_seed1__h3_k2__r0__cadical,tree_40_seed1,3,2,cadical,0,OPT,RETURNED,False
tree_40_seed1__h3_k2__r0__gurobi,tree_40_seed1,3,2,gurobi,0,OPT,RETURNED,False
tree_40_seed1__h3_k2__r1__gurobi,tree_40_seed1,3,2,gurobi,1,OPT,RETURNED,False
tree_40_seed1__h3_k2__r1__cadical,tree_40_seed1,3,2,cadical,1,OPT,RETURNED,False
tree_40_seed1__h3_k2__r2__cadical,tree_40_seed1,3,2,cadical,2,OPT,RETURNED,False
tree_40_seed1__h3_k2__r2__gurobi,tree_40_seed1,3,2,gurobi,2,OPT,RETURNED,False
tree_40_seed2__h1_k1__r0__gurobi,tree_40_seed2,1,1,gurobi,0,OPT,RETURNED,False
tree_40_seed2__h1_k1__r0__cadical,tree_40_seed2,1,1,cadical,0,OPT,RETURNED,False
tree_40_seed2__h1_k1__r1__cadical,tree_40_seed2,1,1,cadical,1,OPT,RETURNED,False
tree_40_seed2__h1_k1__r1__gurobi,tree_40_seed2,1,1,gurobi,1,OPT,RETURNED,False
tree_40_seed2__h1_k1__r2__gurobi,tree_40_seed2,1,1,gurobi,2,OPT,RETURNED,False
tree_40_seed2__h1_k1__r2__cadical,tree_40_seed2,1,1,cadical,2,OPT,RETURNED,False
tree_40_seed2__h2_k1__r0__gurobi,tree_40_seed2,2,1,gurobi,0,OPT,RETURNED,False
tree_40_seed2__h2_k1__r0__cadical,tree_40_seed2,2,1,cadical,0,OPT,RETURNED,False
tree_40_seed2__h2_k1__r1__cadical,tree_40_seed2,2,1,cadical,1,OPT,RETURNED,False
tree_40_seed2__h2_k1__r1__gurobi,tree_40_seed2,2,1,gurobi,1,OPT,RETURNED,False
tree_40_seed2__h2_k1__r2__gurobi,tree_40_seed2,2,1,gurobi,2,OPT,RETURNED,False
tree_40_seed2__h2_k1__r2__cadical,tree_40_seed2,2,1,cadical,2,OPT,RETURNED,False
tree_40_seed2__h3_k2__r0__gurobi,tree_40_seed2,3,2,gurobi,0,OPT,RETURNED,False
tree_40_seed2__h3_k2__r0__cadical,tree_40_seed2,3,2,cadical,0,OPT,RETURNED,False
tree_40_seed2__h3_k2__r1__cadical,tree_40_seed2,3,2,cadical,1,OPT,RETURNED,False
tree_40_seed2__h3_k2__r1__gurobi,tree_40_seed2,3,2,gurobi,1,OPT,RETURNED,False
tree_40_seed2__h3_k2__r2__gurobi,tree_40_seed2,3,2,gurobi,2,OPT,RETURNED,False
tree_40_seed2__h3_k2__r2__cadical,tree_40_seed2,3,2,cadical,2,OPT,RETURNED,False
tree_60_seed0__h1_k1__r0__cadical,tree_60_seed0,1,1,cadical,0,OPT,RETURNED,False
tree_60_seed0__h1_k1__r0__gurobi,tree_60_seed0,1,1,gurobi,0,OPT,RETURNED,False
tree_60_seed0__h1_k1__r1__gurobi,tree_60_seed0,1,1,gurobi,1,OPT,RETURNED,False
tree_60_seed0__h1_k1__r1__cadical,tree_60_seed0,1,1,cadical,1,OPT,RETURNED,False
tree_60_seed0__h1_k1__r2__cadical,tree_60_seed0,1,1,cadical,2,OPT,RETURNED,False
tree_60_seed0__h1_k1__r2__gurobi,tree_60_seed0,1,1,gurobi,2,OPT,RETURNED,False
tree_60_seed0__h2_k1__r0__cadical,tree_60_seed0,2,1,cadical,0,OPT,RETURNED,False
tree_60_seed0__h2_k1__r0__gurobi,tree_60_seed0,2,1,gurobi,0,OPT,RETURNED,False
tree_60_seed0__h2_k1__r1__gurobi,tree_60_seed0,2,1,gurobi,1,OPT,RETURNED,False
tree_60_seed0__h2_k1__r1__cadical,tree_60_seed0,2,1,cadical,1,OPT,RETURNED,False
tree_60_seed0__h2_k1__r2__cadical,tree_60_seed0,2,1,cadical,2,OPT,RETURNED,False
tree_60_seed0__h2_k1__r2__gurobi,tree_60_seed0,2,1,gurobi,2,OPT,RETURNED,False
tree_60_seed0__h3_k2__r0__cadical,tree_60_seed0,3,2,cadical,0,OPT,RETURNED,False
tree_60_seed0__h3_k2__r0__gurobi,tree_60_seed0,3,2,gurobi,0,OPT,RETURNED,False
tree_60_seed0__h3_k2__r1__gurobi,tree_60_seed0,3,2,gurobi,1,OPT,RETURNED,False
tree_60_seed0__h3_k2__r1__cadical,tree_60_seed0,3,2,cadical,1,OPT,RETURNED,False
tree_60_seed0__h3_k2__r2__cadical,tree_60_seed0,3,2,cadical,2,OPT,RETURNED,False
tree_60_seed0__h3_k2__r2__gurobi,tree_60_seed0,3,2,gurobi,2,OPT,RETURNED,False
tree_60_seed1__h1_k1__r0__gurobi,tree_60_seed1,1,1,gurobi,0,OPT,RETURNED,False
tree_60_seed1__h1_k1__r0__cadical,tree_60_seed1,1,1,cadical,0,OPT,RETURNED,False
tree_60_seed1__h1_k1__r1__cadical,tree_60_seed1,1,1,cadical,1,OPT,RETURNED,False
tree_60_seed1__h1_k1__r1__gurobi,tree_60_seed1,1,1,gurobi,1,OPT,RETURNED,False
tree_60_seed1__h1_k1__r2__gurobi,tree_60_seed1,1,1,gurobi,2,OPT,RETURNED,False
tree_60_seed1__h1_k1__r2__cadical,tree_60_seed1,1,1,cadical,2,OPT,RETURNED,False
tree_60_seed1__h2_k1__r0__gurobi,tree_60_seed1,2,1,gurobi,0,OPT,RETURNED,False
tree_60_seed1__h2_k1__r0__cadical,tree_60_seed1,2,1,cadical,0,OPT,RETURNED,False
tree_60_seed1__h2_k1__r1__cadical,tree_60_seed1,2,1,cadical,1,OPT,RETURNED,False
tree_60_seed1__h2_k1__r1__gurobi,tree_60_seed1,2,1,gurobi,1,OPT,RETURNED,False
tree_60_seed1__h2_k1__r2__gurobi,tree_60_seed1,2,1,gurobi,2,OPT,RETURNED,False
tree_60_seed1__h2_k1__r2__cadical,tree_60_seed1,2,1,cadical,2,OPT,RETURNED,False
tree_60_seed1__h3_k2__r0__gurobi,tree_60_seed1,3,2,gurobi,0,OPT,RETURNED,False
tree_60_seed1__h3_k2__r0__cadical,tree_60_seed1,3,2,cadical,0,OPT,RETURNED,False
tree_60_seed1__h3_k2__r1__cadical,tree_60_seed1,3,2,cadical,1,OPT,RETURNED,False
tree_60_seed1__h3_k2__r1__gurobi,tree_60_seed1,3,2,gurobi,1,OPT,RETURNED,False
tree_60_seed1__h3_k2__r2__gurobi,tree_60_seed1,3,2,gurobi,2,OPT,RETURNED,False
tree_60_seed1__h3_k2__r2__cadical,tree_60_seed1,3,2,cadical,2,OPT,RETURNED,False
tree_60_seed2__h1_k1__r0__cadical,tree_60_seed2,1,1,cadical,0,OPT,RETURNED,False
tree_60_seed2__h1_k1__r0__gurobi,tree_60_seed2,1,1,gurobi,0,OPT,RETURNED,False
tree_60_seed2__h1_k1__r1__gurobi,tree_60_seed2,1,1,gurobi,1,OPT,RETURNED,False
tree_60_seed2__h1_k1__r1__cadical,tree_60_seed2,1,1,cadical,1,OPT,RETURNED,False
tree_60_seed2__h1_k1__r2__cadical,tree_60_seed2,1,1,cadical,2,OPT,RETURNED,False
tree_60_seed2__h1_k1__r2__gurobi,tree_60_seed2,1,1,gurobi,2,OPT,RETURNED,False
tree_60_seed2__h2_k1__r0__cadical,tree_60_seed2,2,1,cadical,0,OPT,RETURNED,False
tree_60_seed2__h2_k1__r0__gurobi,tree_60_seed2,2,1,gurobi,0,OPT,RETURNED,False
tree_60_seed2__h2_k1__r1__gurobi,tree_60_seed2,2,1,gurobi,1,OPT,RETURNED,False
tree_60_seed2__h2_k1__r1__cadical,tree_60_seed2,2,1,cadical,1,OPT,RETURNED,False
tree_60_seed2__h2_k1__r2__cadical,tree_60_seed2,2,1,cadical,2,OPT,RETURNED,False
tree_60_seed2__h2_k1__r2__gurobi,tree_60_seed2,2,1,gurobi,2,OPT,RETURNED,False
tree_60_seed2__h3_k2__r0__cadical,tree_60_seed2,3,2,cadical,0,OPT,RETURNED,False
tree_60_seed2__h3_k2__r0__gurobi,tree_60_seed2,3,2,gurobi,0,OPT,RETURNED,False
tree_60_seed2__h3_k2__r1__gurobi,tree_60_seed2,3,2,gurobi,1,OPT,RETURNED,False
tree_60_seed2__h3_k2__r1__cadical,tree_60_seed2,3,2,cadical,1,OPT,RETURNED,False
tree_60_seed2__h3_k2__r2__cadical,tree_60_seed2,3,2,cadical,2,OPT,RETURNED,False
tree_60_seed2__h3_k2__r2__gurobi,tree_60_seed2,3,2,gurobi,2,OPT,RETURNED,False
P_4xP_5__h1_k1__r0__gurobi,P_4xP_5,1,1,gurobi,0,OPT,RETURNED,False
P_4xP_5__h1_k1__r0__cadical,P_4xP_5,1,1,cadical,0,OPT,RETURNED,False
P_4xP_5__h1_k1__r1__cadical,P_4xP_5,1,1,cadical,1,OPT,RETURNED,False
P_4xP_5__h1_k1__r1__gurobi,P_4xP_5,1,1,gurobi,1,OPT,RETURNED,False
P_4xP_5__h1_k1__r2__gurobi,P_4xP_5,1,1,gurobi,2,OPT,RETURNED,False
P_4xP_5__h1_k1__r2__cadical,P_4xP_5,1,1,cadical,2,OPT,RETURNED,False
P_4xP_5__h2_k1__r0__gurobi,P_4xP_5,2,1,gurobi,0,OPT,RETURNED,False
P_4xP_5__h2_k1__r0__cadical,P_4xP_5,2,1,cadical,0,OPT,RETURNED,False
P_4xP_5__h2_k1__r1__cadical,P_4xP_5,2,1,cadical,1,OPT,RETURNED,False
P_4xP_5__h2_k1__r1__gurobi,P_4xP_5,2,1,gurobi,1,OPT,RETURNED,False
P_4xP_5__h2_k1__r2__gurobi,P_4xP_5,2,1,gurobi,2,OPT,RETURNED,False
P_4xP_5__h2_k1__r2__cadical,P_4xP_5,2,1,cadical,2,OPT,RETURNED,False
P_4xP_5__h3_k2__r0__gurobi,P_4xP_5,3,2,gurobi,0,OPT,RETURNED,False
P_4xP_5__h3_k2__r0__cadical,P_4xP_5,3,2,cadical,0,OPT,RETURNED,False
P_4xP_5__h3_k2__r1__cadical,P_4xP_5,3,2,cadical,1,OPT,RETURNED,False
P_4xP_5__h3_k2__r1__gurobi,P_4xP_5,3,2,gurobi,1,OPT,RETURNED,False
P_4xP_5__h3_k2__r2__gurobi,P_4xP_5,3,2,gurobi,2,OPT,RETURNED,False
P_4xP_5__h3_k2__r2__cadical,P_4xP_5,3,2,cadical,2,OPT,RETURNED,False
P_5xP_8__h1_k1__r0__cadical,P_5xP_8,1,1,cadical,0,OPT,RETURNED,False
P_5xP_8__h1_k1__r0__gurobi,P_5xP_8,1,1,gurobi,0,OPT,RETURNED,False
P_5xP_8__h1_k1__r1__gurobi,P_5xP_8,1,1,gurobi,1,OPT,RETURNED,False
P_5xP_8__h1_k1__r1__cadical,P_5xP_8,1,1,cadical,1,OPT,RETURNED,False
P_5xP_8__h1_k1__r2__cadical,P_5xP_8,1,1,cadical,2,OPT,RETURNED,False
P_5xP_8__h1_k1__r2__gurobi,P_5xP_8,1,1,gurobi,2,OPT,RETURNED,False
P_5xP_8__h2_k1__r0__cadical,P_5xP_8,2,1,cadical,0,OPT,RETURNED,False
P_5xP_8__h2_k1__r0__gurobi,P_5xP_8,2,1,gurobi,0,OPT,RETURNED,False
P_5xP_8__h2_k1__r1__gurobi,P_5xP_8,2,1,gurobi,1,OPT,RETURNED,False
P_5xP_8__h2_k1__r1__cadical,P_5xP_8,2,1,cadical,1,OPT,RETURNED,False
P_5xP_8__h2_k1__r2__cadical,P_5xP_8,2,1,cadical,2,OPT,RETURNED,False
P_5xP_8__h2_k1__r2__gurobi,P_5xP_8,2,1,gurobi,2,OPT,RETURNED,False
P_5xP_8__h3_k2__r0__cadical,P_5xP_8,3,2,cadical,0,OPT,RETURNED,False
P_5xP_8__h3_k2__r0__gurobi,P_5xP_8,3,2,gurobi,0,OPT,RETURNED,False
P_5xP_8__h3_k2__r1__gurobi,P_5xP_8,3,2,gurobi,1,OPT,RETURNED,False
P_5xP_8__h3_k2__r1__cadical,P_5xP_8,3,2,cadical,1,OPT,RETURNED,False
P_5xP_8__h3_k2__r2__cadical,P_5xP_8,3,2,cadical,2,OPT,RETURNED,False
P_5xP_8__h3_k2__r2__gurobi,P_5xP_8,3,2,gurobi,2,OPT,RETURNED,False
P_6xP_10__h1_k1__r0__gurobi,P_6xP_10,1,1,gurobi,0,OPT,RETURNED,False
P_6xP_10__h1_k1__r0__cadical,P_6xP_10,1,1,cadical,0,OPT,RETURNED,False
P_6xP_10__h1_k1__r1__cadical,P_6xP_10,1,1,cadical,1,OPT,RETURNED,False
P_6xP_10__h1_k1__r1__gurobi,P_6xP_10,1,1,gurobi,1,OPT,RETURNED,False
P_6xP_10__h1_k1__r2__gurobi,P_6xP_10,1,1,gurobi,2,OPT,RETURNED,False
P_6xP_10__h1_k1__r2__cadical,P_6xP_10,1,1,cadical,2,OPT,RETURNED,False
P_6xP_10__h2_k1__r0__gurobi,P_6xP_10,2,1,gurobi,0,OPT,RETURNED,False
P_6xP_10__h2_k1__r0__cadical,P_6xP_10,2,1,cadical,0,OPT,RETURNED,False
P_6xP_10__h2_k1__r1__cadical,P_6xP_10,2,1,cadical,1,OPT,RETURNED,False
P_6xP_10__h2_k1__r1__gurobi,P_6xP_10,2,1,gurobi,1,OPT,RETURNED,False
P_6xP_10__h2_k1__r2__gurobi,P_6xP_10,2,1,gurobi,2,OPT,RETURNED,False
P_6xP_10__h2_k1__r2__cadical,P_6xP_10,2,1,cadical,2,OPT,RETURNED,False
P_6xP_10__h3_k2__r0__gurobi,P_6xP_10,3,2,gurobi,0,FEASIBLE,WALL_TIMEOUT,True
P_6xP_10__h3_k2__r0__cadical,P_6xP_10,3,2,cadical,0,OPT,RETURNED,False
P_6xP_10__h3_k2__r1__cadical,P_6xP_10,3,2,cadical,1,OPT,RETURNED,False
P_6xP_10__h3_k2__r1__gurobi,P_6xP_10,3,2,gurobi,1,FEASIBLE,WALL_TIMEOUT,True
P_6xP_10__h3_k2__r2__gurobi,P_6xP_10,3,2,gurobi,2,FEASIBLE,WALL_TIMEOUT,True
P_6xP_10__h3_k2__r2__cadical,P_6xP_10,3,2,cadical,2,OPT,RETURNED,False
ER_20_p0.15_seed0__h1_k1__r0__cadical,ER_20_p0.15_seed0,1,1,cadical,0,OPT,RETURNED,False
ER_20_p0.15_seed0__h1_k1__r0__gurobi,ER_20_p0.15_seed0,1,1,gurobi,0,OPT,RETURNED,False
ER_20_p0.15_seed0__h1_k1__r1__gurobi,ER_20_p0.15_seed0,1,1,gurobi,1,OPT,RETURNED,False
ER_20_p0.15_seed0__h1_k1__r1__cadical,ER_20_p0.15_seed0,1,1,cadical,1,OPT,RETURNED,False
ER_20_p0.15_seed0__h1_k1__r2__cadical,ER_20_p0.15_seed0,1,1,cadical,2,OPT,RETURNED,False
ER_20_p0.15_seed0__h1_k1__r2__gurobi,ER_20_p0.15_seed0,1,1,gurobi,2,OPT,RETURNED,False
ER_20_p0.15_seed0__h2_k1__r0__cadical,ER_20_p0.15_seed0,2,1,cadical,0,OPT,RETURNED,False
ER_20_p0.15_seed0__h2_k1__r0__gurobi,ER_20_p0.15_seed0,2,1,gurobi,0,OPT,RETURNED,False
ER_20_p0.15_seed0__h2_k1__r1__gurobi,ER_20_p0.15_seed0,2,1,gurobi,1,OPT,RETURNED,False
ER_20_p0.15_seed0__h2_k1__r1__cadical,ER_20_p0.15_seed0,2,1,cadical,1,OPT,RETURNED,False
ER_20_p0.15_seed0__h2_k1__r2__cadical,ER_20_p0.15_seed0,2,1,cadical,2,OPT,RETURNED,False
ER_20_p0.15_seed0__h2_k1__r2__gurobi,ER_20_p0.15_seed0,2,1,gurobi,2,OPT,RETURNED,False
ER_20_p0.15_seed0__h3_k2__r0__cadical,ER_20_p0.15_seed0,3,2,cadical,0,OPT,RETURNED,False
ER_20_p0.15_seed0__h3_k2__r0__gurobi,ER_20_p0.15_seed0,3,2,gurobi,0,OPT,RETURNED,False
ER_20_p0.15_seed0__h3_k2__r1__gurobi,ER_20_p0.15_seed0,3,2,gurobi,1,OPT,RETURNED,False
ER_20_p0.15_seed0__h3_k2__r1__cadical,ER_20_p0.15_seed0,3,2,cadical,1,OPT,RETURNED,False
ER_20_p0.15_seed0__h3_k2__r2__cadical,ER_20_p0.15_seed0,3,2,cadical,2,OPT,RETURNED,False
ER_20_p0.15_seed0__h3_k2__r2__gurobi,ER_20_p0.15_seed0,3,2,gurobi,2,OPT,RETURNED,False
ER_20_p0.15_seed1__h1_k1__r0__gurobi,ER_20_p0.15_seed1,1,1,gurobi,0,OPT,RETURNED,False
ER_20_p0.15_seed1__h1_k1__r0__cadical,ER_20_p0.15_seed1,1,1,cadical,0,OPT,RETURNED,False
ER_20_p0.15_seed1__h1_k1__r1__cadical,ER_20_p0.15_seed1,1,1,cadical,1,OPT,RETURNED,False
ER_20_p0.15_seed1__h1_k1__r1__gurobi,ER_20_p0.15_seed1,1,1,gurobi,1,OPT,RETURNED,False
ER_20_p0.15_seed1__h1_k1__r2__gurobi,ER_20_p0.15_seed1,1,1,gurobi,2,OPT,RETURNED,False
ER_20_p0.15_seed1__h1_k1__r2__cadical,ER_20_p0.15_seed1,1,1,cadical,2,OPT,RETURNED,False
ER_20_p0.15_seed1__h2_k1__r0__gurobi,ER_20_p0.15_seed1,2,1,gurobi,0,OPT,RETURNED,False
ER_20_p0.15_seed1__h2_k1__r0__cadical,ER_20_p0.15_seed1,2,1,cadical,0,OPT,RETURNED,False
ER_20_p0.15_seed1__h2_k1__r1__cadical,ER_20_p0.15_seed1,2,1,cadical,1,OPT,RETURNED,False
ER_20_p0.15_seed1__h2_k1__r1__gurobi,ER_20_p0.15_seed1,2,1,gurobi,1,OPT,RETURNED,False
ER_20_p0.15_seed1__h2_k1__r2__gurobi,ER_20_p0.15_seed1,2,1,gurobi,2,OPT,RETURNED,False
ER_20_p0.15_seed1__h2_k1__r2__cadical,ER_20_p0.15_seed1,2,1,cadical,2,OPT,RETURNED,False
ER_20_p0.15_seed1__h3_k2__r0__gurobi,ER_20_p0.15_seed1,3,2,gurobi,0,OPT,RETURNED,False
ER_20_p0.15_seed1__h3_k2__r0__cadical,ER_20_p0.15_seed1,3,2,cadical,0,OPT,RETURNED,False
ER_20_p0.15_seed1__h3_k2__r1__cadical,ER_20_p0.15_seed1,3,2,cadical,1,OPT,RETURNED,False
ER_20_p0.15_seed1__h3_k2__r1__gurobi,ER_20_p0.15_seed1,3,2,gurobi,1,OPT,RETURNED,False
ER_20_p0.15_seed1__h3_k2__r2__gurobi,ER_20_p0.15_seed1,3,2,gurobi,2,OPT,RETURNED,False
ER_20_p0.15_seed1__h3_k2__r2__cadical,ER_20_p0.15_seed1,3,2,cadical,2,OPT,RETURNED,False
ER_20_p0.15_seed2__h1_k1__r0__cadical,ER_20_p0.15_seed2,1,1,cadical,0,OPT,RETURNED,False
ER_20_p0.15_seed2__h1_k1__r0__gurobi,ER_20_p0.15_seed2,1,1,gurobi,0,OPT,RETURNED,False
ER_20_p0.15_seed2__h1_k1__r1__gurobi,ER_20_p0.15_seed2,1,1,gurobi,1,OPT,RETURNED,False
ER_20_p0.15_seed2__h1_k1__r1__cadical,ER_20_p0.15_seed2,1,1,cadical,1,OPT,RETURNED,False
ER_20_p0.15_seed2__h1_k1__r2__cadical,ER_20_p0.15_seed2,1,1,cadical,2,OPT,RETURNED,False
ER_20_p0.15_seed2__h1_k1__r2__gurobi,ER_20_p0.15_seed2,1,1,gurobi,2,OPT,RETURNED,False
ER_20_p0.15_seed2__h2_k1__r0__cadical,ER_20_p0.15_seed2,2,1,cadical,0,OPT,RETURNED,False
ER_20_p0.15_seed2__h2_k1__r0__gurobi,ER_20_p0.15_seed2,2,1,gurobi,0,OPT,RETURNED,False
ER_20_p0.15_seed2__h2_k1__r1__gurobi,ER_20_p0.15_seed2,2,1,gurobi,1,OPT,RETURNED,False
ER_20_p0.15_seed2__h2_k1__r1__cadical,ER_20_p0.15_seed2,2,1,cadical,1,OPT,RETURNED,False
ER_20_p0.15_seed2__h2_k1__r2__cadical,ER_20_p0.15_seed2,2,1,cadical,2,OPT,RETURNED,False
ER_20_p0.15_seed2__h2_k1__r2__gurobi,ER_20_p0.15_seed2,2,1,gurobi,2,OPT,RETURNED,False
ER_20_p0.15_seed2__h3_k2__r0__cadical,ER_20_p0.15_seed2,3,2,cadical,0,OPT,RETURNED,False
ER_20_p0.15_seed2__h3_k2__r0__gurobi,ER_20_p0.15_seed2,3,2,gurobi,0,OPT,RETURNED,False
ER_20_p0.15_seed2__h3_k2__r1__gurobi,ER_20_p0.15_seed2,3,2,gurobi,1,OPT,RETURNED,False
ER_20_p0.15_seed2__h3_k2__r1__cadical,ER_20_p0.15_seed2,3,2,cadical,1,OPT,RETURNED,False
ER_20_p0.15_seed2__h3_k2__r2__cadical,ER_20_p0.15_seed2,3,2,cadical,2,OPT,RETURNED,False
ER_20_p0.15_seed2__h3_k2__r2__gurobi,ER_20_p0.15_seed2,3,2,gurobi,2,OPT,RETURNED,False
ER_20_p0.30_seed0__h1_k1__r0__gurobi,ER_20_p0.30_seed0,1,1,gurobi,0,OPT,RETURNED,False
ER_20_p0.30_seed0__h1_k1__r0__cadical,ER_20_p0.30_seed0,1,1,cadical,0,OPT,RETURNED,False
ER_20_p0.30_seed0__h1_k1__r1__cadical,ER_20_p0.30_seed0,1,1,cadical,1,OPT,RETURNED,False
ER_20_p0.30_seed0__h1_k1__r1__gurobi,ER_20_p0.30_seed0,1,1,gurobi,1,OPT,RETURNED,False
ER_20_p0.30_seed0__h1_k1__r2__gurobi,ER_20_p0.30_seed0,1,1,gurobi,2,OPT,RETURNED,False
ER_20_p0.30_seed0__h1_k1__r2__cadical,ER_20_p0.30_seed0,1,1,cadical,2,OPT,RETURNED,False
ER_20_p0.30_seed0__h2_k1__r0__gurobi,ER_20_p0.30_seed0,2,1,gurobi,0,OPT,RETURNED,False
ER_20_p0.30_seed0__h2_k1__r0__cadical,ER_20_p0.30_seed0,2,1,cadical,0,OPT,RETURNED,False
ER_20_p0.30_seed0__h2_k1__r1__cadical,ER_20_p0.30_seed0,2,1,cadical,1,OPT,RETURNED,False
ER_20_p0.30_seed0__h2_k1__r1__gurobi,ER_20_p0.30_seed0,2,1,gurobi,1,OPT,RETURNED,False
ER_20_p0.30_seed0__h2_k1__r2__gurobi,ER_20_p0.30_seed0,2,1,gurobi,2,OPT,RETURNED,False
ER_20_p0.30_seed0__h2_k1__r2__cadical,ER_20_p0.30_seed0,2,1,cadical,2,OPT,RETURNED,False
ER_20_p0.30_seed0__h3_k2__r0__gurobi,ER_20_p0.30_seed0,3,2,gurobi,0,OPT,RETURNED,False
ER_20_p0.30_seed0__h3_k2__r0__cadical,ER_20_p0.30_seed0,3,2,cadical,0,OPT,RETURNED,False
ER_20_p0.30_seed0__h3_k2__r1__cadical,ER_20_p0.30_seed0,3,2,cadical,1,OPT,RETURNED,False
ER_20_p0.30_seed0__h3_k2__r1__gurobi,ER_20_p0.30_seed0,3,2,gurobi,1,OPT,RETURNED,False
ER_20_p0.30_seed0__h3_k2__r2__gurobi,ER_20_p0.30_seed0,3,2,gurobi,2,OPT,RETURNED,False
ER_20_p0.30_seed0__h3_k2__r2__cadical,ER_20_p0.30_seed0,3,2,cadical,2,OPT,RETURNED,False
ER_20_p0.30_seed1__h1_k1__r0__cadical,ER_20_p0.30_seed1,1,1,cadical,0,OPT,RETURNED,False
ER_20_p0.30_seed1__h1_k1__r0__gurobi,ER_20_p0.30_seed1,1,1,gurobi,0,OPT,RETURNED,False
ER_20_p0.30_seed1__h1_k1__r1__gurobi,ER_20_p0.30_seed1,1,1,gurobi,1,OPT,RETURNED,False
ER_20_p0.30_seed1__h1_k1__r1__cadical,ER_20_p0.30_seed1,1,1,cadical,1,FEASIBLE,WALL_TIMEOUT,True
ER_20_p0.30_seed1__h1_k1__r2__cadical,ER_20_p0.30_seed1,1,1,cadical,2,FEASIBLE,WALL_TIMEOUT,True
ER_20_p0.30_seed1__h1_k1__r2__gurobi,ER_20_p0.30_seed1,1,1,gurobi,2,OPT,RETURNED,False
ER_20_p0.30_seed1__h2_k1__r0__cadical,ER_20_p0.30_seed1,2,1,cadical,0,OPT,RETURNED,False
ER_20_p0.30_seed1__h2_k1__r0__gurobi,ER_20_p0.30_seed1,2,1,gurobi,0,OPT,RETURNED,False
ER_20_p0.30_seed1__h2_k1__r1__gurobi,ER_20_p0.30_seed1,2,1,gurobi,1,OPT,RETURNED,False
ER_20_p0.30_seed1__h2_k1__r1__cadical,ER_20_p0.30_seed1,2,1,cadical,1,OPT,RETURNED,False
ER_20_p0.30_seed1__h2_k1__r2__cadical,ER_20_p0.30_seed1,2,1,cadical,2,OPT,RETURNED,False
ER_20_p0.30_seed1__h2_k1__r2__gurobi,ER_20_p0.30_seed1,2,1,gurobi,2,OPT,RETURNED,False
ER_20_p0.30_seed1__h3_k2__r0__cadical,ER_20_p0.30_seed1,3,2,cadical,0,FEASIBLE,WALL_TIMEOUT,True
ER_20_p0.30_seed1__h3_k2__r0__gurobi,ER_20_p0.30_seed1,3,2,gurobi,0,OPT,RETURNED,False
ER_20_p0.30_seed1__h3_k2__r1__gurobi,ER_20_p0.30_seed1,3,2,gurobi,1,OPT,RETURNED,False
ER_20_p0.30_seed1__h3_k2__r1__cadical,ER_20_p0.30_seed1,3,2,cadical,1,FEASIBLE,WALL_TIMEOUT,True
ER_20_p0.30_seed1__h3_k2__r2__cadical,ER_20_p0.30_seed1,3,2,cadical,2,FEASIBLE,WALL_TIMEOUT,True
ER_20_p0.30_seed1__h3_k2__r2__gurobi,ER_20_p0.30_seed1,3,2,gurobi,2,OPT,RETURNED,False
ER_20_p0.30_seed2__h1_k1__r0__gurobi,ER_20_p0.30_seed2,1,1,gurobi,0,OPT,RETURNED,False
ER_20_p0.30_seed2__h1_k1__r0__cadical,ER_20_p0.30_seed2,1,1,cadical,0,OPT,RETURNED,False
ER_20_p0.30_seed2__h1_k1__r1__cadical,ER_20_p0.30_seed2,1,1,cadical,1,OPT,RETURNED,False
ER_20_p0.30_seed2__h1_k1__r1__gurobi,ER_20_p0.30_seed2,1,1,gurobi,1,OPT,RETURNED,False
ER_20_p0.30_seed2__h1_k1__r2__gurobi,ER_20_p0.30_seed2,1,1,gurobi,2,OPT,RETURNED,False
ER_20_p0.30_seed2__h1_k1__r2__cadical,ER_20_p0.30_seed2,1,1,cadical,2,OPT,RETURNED,False
ER_20_p0.30_seed2__h2_k1__r0__gurobi,ER_20_p0.30_seed2,2,1,gurobi,0,OPT,RETURNED,False
ER_20_p0.30_seed2__h2_k1__r0__cadical,ER_20_p0.30_seed2,2,1,cadical,0,OPT,RETURNED,False
ER_20_p0.30_seed2__h2_k1__r1__cadical,ER_20_p0.30_seed2,2,1,cadical,1,OPT,RETURNED,False
ER_20_p0.30_seed2__h2_k1__r1__gurobi,ER_20_p0.30_seed2,2,1,gurobi,1,OPT,RETURNED,False
ER_20_p0.30_seed2__h2_k1__r2__gurobi,ER_20_p0.30_seed2,2,1,gurobi,2,OPT,RETURNED,False
ER_20_p0.30_seed2__h2_k1__r2__cadical,ER_20_p0.30_seed2,2,1,cadical,2,OPT,RETURNED,False
ER_20_p0.30_seed2__h3_k2__r0__gurobi,ER_20_p0.30_seed2,3,2,gurobi,0,OPT,RETURNED,False
ER_20_p0.30_seed2__h3_k2__r0__cadical,ER_20_p0.30_seed2,3,2,cadical,0,FEASIBLE,WALL_TIMEOUT,True
ER_20_p0.30_seed2__h3_k2__r1__cadical,ER_20_p0.30_seed2,3,2,cadical,1,FEASIBLE,WALL_TIMEOUT,True
ER_20_p0.30_seed2__h3_k2__r1__gurobi,ER_20_p0.30_seed2,3,2,gurobi,1,OPT,RETURNED,False
ER_20_p0.30_seed2__h3_k2__r2__gurobi,ER_20_p0.30_seed2,3,2,gurobi,2,OPT,RETURNED,False
ER_20_p0.30_seed2__h3_k2__r2__cadical,ER_20_p0.30_seed2,3,2,cadical,2,FEASIBLE,WALL_TIMEOUT,True
BA_20_m2_seed0__h1_k1__r0__cadical,BA_20_m2_seed0,1,1,cadical,0,OPT,RETURNED,False
BA_20_m2_seed0__h1_k1__r0__gurobi,BA_20_m2_seed0,1,1,gurobi,0,OPT,RETURNED,False
BA_20_m2_seed0__h1_k1__r1__gurobi,BA_20_m2_seed0,1,1,gurobi,1,OPT,RETURNED,False
BA_20_m2_seed0__h1_k1__r1__cadical,BA_20_m2_seed0,1,1,cadical,1,OPT,RETURNED,False
BA_20_m2_seed0__h1_k1__r2__cadical,BA_20_m2_seed0,1,1,cadical,2,OPT,RETURNED,False
BA_20_m2_seed0__h1_k1__r2__gurobi,BA_20_m2_seed0,1,1,gurobi,2,OPT,RETURNED,False
BA_20_m2_seed0__h2_k1__r0__cadical,BA_20_m2_seed0,2,1,cadical,0,OPT,RETURNED,False
BA_20_m2_seed0__h2_k1__r0__gurobi,BA_20_m2_seed0,2,1,gurobi,0,OPT,RETURNED,False
BA_20_m2_seed0__h2_k1__r1__gurobi,BA_20_m2_seed0,2,1,gurobi,1,OPT,RETURNED,False
BA_20_m2_seed0__h2_k1__r1__cadical,BA_20_m2_seed0,2,1,cadical,1,OPT,RETURNED,False
BA_20_m2_seed0__h2_k1__r2__cadical,BA_20_m2_seed0,2,1,cadical,2,OPT,RETURNED,False
BA_20_m2_seed0__h2_k1__r2__gurobi,BA_20_m2_seed0,2,1,gurobi,2,OPT,RETURNED,False
BA_20_m2_seed0__h3_k2__r0__cadical,BA_20_m2_seed0,3,2,cadical,0,OPT,RETURNED,False
BA_20_m2_seed0__h3_k2__r0__gurobi,BA_20_m2_seed0,3,2,gurobi,0,OPT,RETURNED,False
BA_20_m2_seed0__h3_k2__r1__gurobi,BA_20_m2_seed0,3,2,gurobi,1,OPT,RETURNED,False
BA_20_m2_seed0__h3_k2__r1__cadical,BA_20_m2_seed0,3,2,cadical,1,OPT,RETURNED,False
BA_20_m2_seed0__h3_k2__r2__cadical,BA_20_m2_seed0,3,2,cadical,2,OPT,RETURNED,False
BA_20_m2_seed0__h3_k2__r2__gurobi,BA_20_m2_seed0,3,2,gurobi,2,OPT,RETURNED,False
BA_20_m2_seed1__h1_k1__r0__gurobi,BA_20_m2_seed1,1,1,gurobi,0,OPT,RETURNED,False
BA_20_m2_seed1__h1_k1__r0__cadical,BA_20_m2_seed1,1,1,cadical,0,OPT,RETURNED,False
BA_20_m2_seed1__h1_k1__r1__cadical,BA_20_m2_seed1,1,1,cadical,1,OPT,RETURNED,False
BA_20_m2_seed1__h1_k1__r1__gurobi,BA_20_m2_seed1,1,1,gurobi,1,OPT,RETURNED,False
BA_20_m2_seed1__h1_k1__r2__gurobi,BA_20_m2_seed1,1,1,gurobi,2,OPT,RETURNED,False
BA_20_m2_seed1__h1_k1__r2__cadical,BA_20_m2_seed1,1,1,cadical,2,OPT,RETURNED,False
BA_20_m2_seed1__h2_k1__r0__gurobi,BA_20_m2_seed1,2,1,gurobi,0,OPT,RETURNED,False
BA_20_m2_seed1__h2_k1__r0__cadical,BA_20_m2_seed1,2,1,cadical,0,OPT,RETURNED,False
BA_20_m2_seed1__h2_k1__r1__cadical,BA_20_m2_seed1,2,1,cadical,1,OPT,RETURNED,False
BA_20_m2_seed1__h2_k1__r1__gurobi,BA_20_m2_seed1,2,1,gurobi,1,OPT,RETURNED,False
BA_20_m2_seed1__h2_k1__r2__gurobi,BA_20_m2_seed1,2,1,gurobi,2,OPT,RETURNED,False
BA_20_m2_seed1__h2_k1__r2__cadical,BA_20_m2_seed1,2,1,cadical,2,OPT,RETURNED,False
BA_20_m2_seed1__h3_k2__r0__gurobi,BA_20_m2_seed1,3,2,gurobi,0,OPT,RETURNED,False
BA_20_m2_seed1__h3_k2__r0__cadical,BA_20_m2_seed1,3,2,cadical,0,OPT,RETURNED,False
BA_20_m2_seed1__h3_k2__r1__cadical,BA_20_m2_seed1,3,2,cadical,1,OPT,RETURNED,False
BA_20_m2_seed1__h3_k2__r1__gurobi,BA_20_m2_seed1,3,2,gurobi,1,OPT,RETURNED,False
BA_20_m2_seed1__h3_k2__r2__gurobi,BA_20_m2_seed1,3,2,gurobi,2,OPT,RETURNED,False
BA_20_m2_seed1__h3_k2__r2__cadical,BA_20_m2_seed1,3,2,cadical,2,OPT,RETURNED,False
BA_20_m2_seed2__h1_k1__r0__cadical,BA_20_m2_seed2,1,1,cadical,0,OPT,RETURNED,False
BA_20_m2_seed2__h1_k1__r0__gurobi,BA_20_m2_seed2,1,1,gurobi,0,OPT,RETURNED,False
BA_20_m2_seed2__h1_k1__r1__gurobi,BA_20_m2_seed2,1,1,gurobi,1,OPT,RETURNED,False
BA_20_m2_seed2__h1_k1__r1__cadical,BA_20_m2_seed2,1,1,cadical,1,OPT,RETURNED,False
BA_20_m2_seed2__h1_k1__r2__cadical,BA_20_m2_seed2,1,1,cadical,2,OPT,RETURNED,False
BA_20_m2_seed2__h1_k1__r2__gurobi,BA_20_m2_seed2,1,1,gurobi,2,OPT,RETURNED,False
BA_20_m2_seed2__h2_k1__r0__cadical,BA_20_m2_seed2,2,1,cadical,0,OPT,RETURNED,False
BA_20_m2_seed2__h2_k1__r0__gurobi,BA_20_m2_seed2,2,1,gurobi,0,OPT,RETURNED,False
BA_20_m2_seed2__h2_k1__r1__gurobi,BA_20_m2_seed2,2,1,gurobi,1,OPT,RETURNED,False
BA_20_m2_seed2__h2_k1__r1__cadical,BA_20_m2_seed2,2,1,cadical,1,OPT,RETURNED,False
BA_20_m2_seed2__h2_k1__r2__cadical,BA_20_m2_seed2,2,1,cadical,2,OPT,RETURNED,False
BA_20_m2_seed2__h2_k1__r2__gurobi,BA_20_m2_seed2,2,1,gurobi,2,OPT,RETURNED,False
BA_20_m2_seed2__h3_k2__r0__cadical,BA_20_m2_seed2,3,2,cadical,0,FEASIBLE,WALL_TIMEOUT,True
BA_20_m2_seed2__h3_k2__r0__gurobi,BA_20_m2_seed2,3,2,gurobi,0,OPT,RETURNED,False
BA_20_m2_seed2__h3_k2__r1__gurobi,BA_20_m2_seed2,3,2,gurobi,1,OPT,RETURNED,False
BA_20_m2_seed2__h3_k2__r1__cadical,BA_20_m2_seed2,3,2,cadical,1,FEASIBLE,WALL_TIMEOUT,True
BA_20_m2_seed2__h3_k2__r2__cadical,BA_20_m2_seed2,3,2,cadical,2,FEASIBLE,WALL_TIMEOUT,True
BA_20_m2_seed2__h3_k2__r2__gurobi,BA_20_m2_seed2,3,2,gurobi,2,OPT,RETURNED,False
ER_40_p0.15_seed0__h1_k1__r0__gurobi,ER_40_p0.15_seed0,1,1,gurobi,0,OPT,RETURNED,False
ER_40_p0.15_seed0__h1_k1__r0__cadical,ER_40_p0.15_seed0,1,1,cadical,0,FEASIBLE,WALL_TIMEOUT,True
ER_40_p0.15_seed0__h1_k1__r1__cadical,ER_40_p0.15_seed0,1,1,cadical,1,FEASIBLE,WALL_TIMEOUT,True
ER_40_p0.15_seed0__h1_k1__r1__gurobi,ER_40_p0.15_seed0,1,1,gurobi,1,OPT,RETURNED,False
ER_40_p0.15_seed0__h1_k1__r2__gurobi,ER_40_p0.15_seed0,1,1,gurobi,2,OPT,RETURNED,False
ER_40_p0.15_seed0__h1_k1__r2__cadical,ER_40_p0.15_seed0,1,1,cadical,2,FEASIBLE,WALL_TIMEOUT,True
ER_40_p0.15_seed0__h2_k1__r0__gurobi,ER_40_p0.15_seed0,2,1,gurobi,0,FEASIBLE,WALL_TIMEOUT,True
ER_40_p0.15_seed0__h2_k1__r0__cadical,ER_40_p0.15_seed0,2,1,cadical,0,FEASIBLE,WALL_TIMEOUT,True
ER_40_p0.15_seed0__h2_k1__r1__cadical,ER_40_p0.15_seed0,2,1,cadical,1,FEASIBLE,WALL_TIMEOUT,True
ER_40_p0.15_seed0__h2_k1__r1__gurobi,ER_40_p0.15_seed0,2,1,gurobi,1,FEASIBLE,WALL_TIMEOUT,True
ER_40_p0.15_seed0__h2_k1__r2__gurobi,ER_40_p0.15_seed0,2,1,gurobi,2,FEASIBLE,WALL_TIMEOUT,True
ER_40_p0.15_seed0__h2_k1__r2__cadical,ER_40_p0.15_seed0,2,1,cadical,2,FEASIBLE,WALL_TIMEOUT,True
ER_40_p0.15_seed0__h3_k2__r0__gurobi,ER_40_p0.15_seed0,3,2,gurobi,0,FEASIBLE,WALL_TIMEOUT,True
ER_40_p0.15_seed0__h3_k2__r0__cadical,ER_40_p0.15_seed0,3,2,cadical,0,FEASIBLE,WALL_TIMEOUT,True
ER_40_p0.15_seed0__h3_k2__r1__cadical,ER_40_p0.15_seed0,3,2,cadical,1,FEASIBLE,WALL_TIMEOUT,True
ER_40_p0.15_seed0__h3_k2__r1__gurobi,ER_40_p0.15_seed0,3,2,gurobi,1,FEASIBLE,WALL_TIMEOUT,True
ER_40_p0.15_seed0__h3_k2__r2__gurobi,ER_40_p0.15_seed0,3,2,gurobi,2,FEASIBLE,WALL_TIMEOUT,True
ER_40_p0.15_seed0__h3_k2__r2__cadical,ER_40_p0.15_seed0,3,2,cadical,2,FEASIBLE,WALL_TIMEOUT,True
ER_40_p0.15_seed1__h1_k1__r0__cadical,ER_40_p0.15_seed1,1,1,cadical,0,FEASIBLE,WALL_TIMEOUT,True
ER_40_p0.15_seed1__h1_k1__r0__gurobi,ER_40_p0.15_seed1,1,1,gurobi,0,OPT,RETURNED,False
ER_40_p0.15_seed1__h1_k1__r1__gurobi,ER_40_p0.15_seed1,1,1,gurobi,1,OPT,RETURNED,False
ER_40_p0.15_seed1__h1_k1__r1__cadical,ER_40_p0.15_seed1,1,1,cadical,1,FEASIBLE,WALL_TIMEOUT,True
ER_40_p0.15_seed1__h1_k1__r2__cadical,ER_40_p0.15_seed1,1,1,cadical,2,FEASIBLE,WALL_TIMEOUT,True
ER_40_p0.15_seed1__h1_k1__r2__gurobi,ER_40_p0.15_seed1,1,1,gurobi,2,FEASIBLE,WALL_TIMEOUT,True
ER_40_p0.15_seed1__h2_k1__r0__cadical,ER_40_p0.15_seed1,2,1,cadical,0,FEASIBLE,WALL_TIMEOUT,True
ER_40_p0.15_seed1__h2_k1__r0__gurobi,ER_40_p0.15_seed1,2,1,gurobi,0,FEASIBLE,WALL_TIMEOUT,True
ER_40_p0.15_seed1__h2_k1__r1__gurobi,ER_40_p0.15_seed1,2,1,gurobi,1,FEASIBLE,WALL_TIMEOUT,True
ER_40_p0.15_seed1__h2_k1__r1__cadical,ER_40_p0.15_seed1,2,1,cadical,1,FEASIBLE,WALL_TIMEOUT,True
ER_40_p0.15_seed1__h2_k1__r2__cadical,ER_40_p0.15_seed1,2,1,cadical,2,FEASIBLE,WALL_TIMEOUT,True
ER_40_p0.15_seed1__h2_k1__r2__gurobi,ER_40_p0.15_seed1,2,1,gurobi,2,FEASIBLE,WALL_TIMEOUT,True
ER_40_p0.15_seed1__h3_k2__r0__cadical,ER_40_p0.15_seed1,3,2,cadical,0,FEASIBLE,WALL_TIMEOUT,True
ER_40_p0.15_seed1__h3_k2__r0__gurobi,ER_40_p0.15_seed1,3,2,gurobi,0,FEASIBLE,WALL_TIMEOUT,True
ER_40_p0.15_seed1__h3_k2__r1__gurobi,ER_40_p0.15_seed1,3,2,gurobi,1,FEASIBLE,WALL_TIMEOUT,True
ER_40_p0.15_seed1__h3_k2__r1__cadical,ER_40_p0.15_seed1,3,2,cadical,1,FEASIBLE,WALL_TIMEOUT,True
ER_40_p0.15_seed1__h3_k2__r2__cadical,ER_40_p0.15_seed1,3,2,cadical,2,FEASIBLE,WALL_TIMEOUT,True
ER_40_p0.15_seed1__h3_k2__r2__gurobi,ER_40_p0.15_seed1,3,2,gurobi,2,FEASIBLE,WALL_TIMEOUT,True
ER_40_p0.15_seed2__h1_k1__r0__gurobi,ER_40_p0.15_seed2,1,1,gurobi,0,FEASIBLE,WALL_TIMEOUT,True
ER_40_p0.15_seed2__h1_k1__r0__cadical,ER_40_p0.15_seed2,1,1,cadical,0,FEASIBLE,WALL_TIMEOUT,True
ER_40_p0.15_seed2__h1_k1__r1__cadical,ER_40_p0.15_seed2,1,1,cadical,1,FEASIBLE,WALL_TIMEOUT,True
ER_40_p0.15_seed2__h1_k1__r1__gurobi,ER_40_p0.15_seed2,1,1,gurobi,1,FEASIBLE,WALL_TIMEOUT,True
ER_40_p0.15_seed2__h1_k1__r2__gurobi,ER_40_p0.15_seed2,1,1,gurobi,2,FEASIBLE,WALL_TIMEOUT,True
ER_40_p0.15_seed2__h1_k1__r2__cadical,ER_40_p0.15_seed2,1,1,cadical,2,FEASIBLE,WALL_TIMEOUT,True
ER_40_p0.15_seed2__h2_k1__r0__gurobi,ER_40_p0.15_seed2,2,1,gurobi,0,FEASIBLE,WALL_TIMEOUT,True
ER_40_p0.15_seed2__h2_k1__r0__cadical,ER_40_p0.15_seed2,2,1,cadical,0,FEASIBLE,WALL_TIMEOUT,True
ER_40_p0.15_seed2__h2_k1__r1__cadical,ER_40_p0.15_seed2,2,1,cadical,1,FEASIBLE,WALL_TIMEOUT,True
ER_40_p0.15_seed2__h2_k1__r1__gurobi,ER_40_p0.15_seed2,2,1,gurobi,1,FEASIBLE,WALL_TIMEOUT,True
ER_40_p0.15_seed2__h2_k1__r2__gurobi,ER_40_p0.15_seed2,2,1,gurobi,2,FEASIBLE,WALL_TIMEOUT,True
ER_40_p0.15_seed2__h2_k1__r2__cadical,ER_40_p0.15_seed2,2,1,cadical,2,FEASIBLE,WALL_TIMEOUT,True
ER_40_p0.15_seed2__h3_k2__r0__gurobi,ER_40_p0.15_seed2,3,2,gurobi,0,FEASIBLE,WALL_TIMEOUT,True
ER_40_p0.15_seed2__h3_k2__r0__cadical,ER_40_p0.15_seed2,3,2,cadical,0,FEASIBLE,WALL_TIMEOUT,True
ER_40_p0.15_seed2__h3_k2__r1__cadical,ER_40_p0.15_seed2,3,2,cadical,1,FEASIBLE,WALL_TIMEOUT,True
ER_40_p0.15_seed2__h3_k2__r1__gurobi,ER_40_p0.15_seed2,3,2,gurobi,1,FEASIBLE,WALL_TIMEOUT,True
ER_40_p0.15_seed2__h3_k2__r2__gurobi,ER_40_p0.15_seed2,3,2,gurobi,2,FEASIBLE,WALL_TIMEOUT,True
ER_40_p0.15_seed2__h3_k2__r2__cadical,ER_40_p0.15_seed2,3,2,cadical,2,FEASIBLE,WALL_TIMEOUT,True
ER_40_p0.30_seed0__h1_k1__r0__cadical,ER_40_p0.30_seed0,1,1,cadical,0,FEASIBLE,WALL_TIMEOUT,True
ER_40_p0.30_seed0__h1_k1__r0__gurobi,ER_40_p0.30_seed0,1,1,gurobi,0,OPT,RETURNED,False
ER_40_p0.30_seed0__h1_k1__r1__gurobi,ER_40_p0.30_seed0,1,1,gurobi,1,OPT,RETURNED,False
ER_40_p0.30_seed0__h1_k1__r1__cadical,ER_40_p0.30_seed0,1,1,cadical,1,FEASIBLE,WALL_TIMEOUT,True
ER_40_p0.30_seed0__h1_k1__r2__cadical,ER_40_p0.30_seed0,1,1,cadical,2,FEASIBLE,WALL_TIMEOUT,True
ER_40_p0.30_seed0__h1_k1__r2__gurobi,ER_40_p0.30_seed0,1,1,gurobi,2,OPT,RETURNED,False
ER_40_p0.30_seed0__h2_k1__r0__cadical,ER_40_p0.30_seed0,2,1,cadical,0,FEASIBLE,WALL_TIMEOUT,True
ER_40_p0.30_seed0__h2_k1__r0__gurobi,ER_40_p0.30_seed0,2,1,gurobi,0,OPT,RETURNED,False
ER_40_p0.30_seed0__h2_k1__r1__gurobi,ER_40_p0.30_seed0,2,1,gurobi,1,OPT,RETURNED,False
ER_40_p0.30_seed0__h2_k1__r1__cadical,ER_40_p0.30_seed0,2,1,cadical,1,FEASIBLE,WALL_TIMEOUT,True
ER_40_p0.30_seed0__h2_k1__r2__cadical,ER_40_p0.30_seed0,2,1,cadical,2,FEASIBLE,WALL_TIMEOUT,True
ER_40_p0.30_seed0__h2_k1__r2__gurobi,ER_40_p0.30_seed0,2,1,gurobi,2,OPT,RETURNED,False
ER_40_p0.30_seed0__h3_k2__r0__cadical,ER_40_p0.30_seed0,3,2,cadical,0,FEASIBLE,WALL_TIMEOUT,True
ER_40_p0.30_seed0__h3_k2__r0__gurobi,ER_40_p0.30_seed0,3,2,gurobi,0,FEASIBLE,WALL_TIMEOUT,True
ER_40_p0.30_seed0__h3_k2__r1__gurobi,ER_40_p0.30_seed0,3,2,gurobi,1,FEASIBLE,WALL_TIMEOUT,True
ER_40_p0.30_seed0__h3_k2__r1__cadical,ER_40_p0.30_seed0,3,2,cadical,1,FEASIBLE,WALL_TIMEOUT,True
ER_40_p0.30_seed0__h3_k2__r2__cadical,ER_40_p0.30_seed0,3,2,cadical,2,FEASIBLE,WALL_TIMEOUT,True
ER_40_p0.30_seed0__h3_k2__r2__gurobi,ER_40_p0.30_seed0,3,2,gurobi,2,FEASIBLE,WALL_TIMEOUT,True
ER_40_p0.30_seed1__h1_k1__r0__gurobi,ER_40_p0.30_seed1,1,1,gurobi,0,OPT,RETURNED,False
ER_40_p0.30_seed1__h1_k1__r0__cadical,ER_40_p0.30_seed1,1,1,cadical,0,FEASIBLE,WALL_TIMEOUT,True
ER_40_p0.30_seed1__h1_k1__r1__cadical,ER_40_p0.30_seed1,1,1,cadical,1,FEASIBLE,WALL_TIMEOUT,True
ER_40_p0.30_seed1__h1_k1__r1__gurobi,ER_40_p0.30_seed1,1,1,gurobi,1,OPT,RETURNED,False
ER_40_p0.30_seed1__h1_k1__r2__gurobi,ER_40_p0.30_seed1,1,1,gurobi,2,OPT,RETURNED,False
ER_40_p0.30_seed1__h1_k1__r2__cadical,ER_40_p0.30_seed1,1,1,cadical,2,FEASIBLE,WALL_TIMEOUT,True
ER_40_p0.30_seed1__h2_k1__r0__gurobi,ER_40_p0.30_seed1,2,1,gurobi,0,OPT,RETURNED,False
ER_40_p0.30_seed1__h2_k1__r0__cadical,ER_40_p0.30_seed1,2,1,cadical,0,FEASIBLE,WALL_TIMEOUT,True
ER_40_p0.30_seed1__h2_k1__r1__cadical,ER_40_p0.30_seed1,2,1,cadical,1,FEASIBLE,WALL_TIMEOUT,True
ER_40_p0.30_seed1__h2_k1__r1__gurobi,ER_40_p0.30_seed1,2,1,gurobi,1,OPT,RETURNED,False
ER_40_p0.30_seed1__h2_k1__r2__gurobi,ER_40_p0.30_seed1,2,1,gurobi,2,OPT,RETURNED,False
ER_40_p0.30_seed1__h2_k1__r2__cadical,ER_40_p0.30_seed1,2,1,cadical,2,FEASIBLE,WALL_TIMEOUT,True
ER_40_p0.30_seed1__h3_k2__r0__gurobi,ER_40_p0.30_seed1,3,2,gurobi,0,FEASIBLE,WALL_TIMEOUT,True
ER_40_p0.30_seed1__h3_k2__r0__cadical,ER_40_p0.30_seed1,3,2,cadical,0,FEASIBLE,WALL_TIMEOUT,True
ER_40_p0.30_seed1__h3_k2__r1__cadical,ER_40_p0.30_seed1,3,2,cadical,1,FEASIBLE,WALL_TIMEOUT,True
ER_40_p0.30_seed1__h3_k2__r1__gurobi,ER_40_p0.30_seed1,3,2,gurobi,1,FEASIBLE,WALL_TIMEOUT,True
ER_40_p0.30_seed1__h3_k2__r2__gurobi,ER_40_p0.30_seed1,3,2,gurobi,2,FEASIBLE,WALL_TIMEOUT,True
ER_40_p0.30_seed1__h3_k2__r2__cadical,ER_40_p0.30_seed1,3,2,cadical,2,FEASIBLE,WALL_TIMEOUT,True
ER_40_p0.30_seed2__h1_k1__r0__cadical,ER_40_p0.30_seed2,1,1,cadical,0,FEASIBLE,WALL_TIMEOUT,True
ER_40_p0.30_seed2__h1_k1__r0__gurobi,ER_40_p0.30_seed2,1,1,gurobi,0,OPT,RETURNED,False
ER_40_p0.30_seed2__h1_k1__r1__gurobi,ER_40_p0.30_seed2,1,1,gurobi,1,OPT,RETURNED,False
ER_40_p0.30_seed2__h1_k1__r1__cadical,ER_40_p0.30_seed2,1,1,cadical,1,FEASIBLE,WALL_TIMEOUT,True
ER_40_p0.30_seed2__h1_k1__r2__cadical,ER_40_p0.30_seed2,1,1,cadical,2,FEASIBLE,WALL_TIMEOUT,True
ER_40_p0.30_seed2__h1_k1__r2__gurobi,ER_40_p0.30_seed2,1,1,gurobi,2,OPT,RETURNED,False
ER_40_p0.30_seed2__h2_k1__r0__cadical,ER_40_p0.30_seed2,2,1,cadical,0,FEASIBLE,WALL_TIMEOUT,True
ER_40_p0.30_seed2__h2_k1__r0__gurobi,ER_40_p0.30_seed2,2,1,gurobi,0,OPT,RETURNED,False
ER_40_p0.30_seed2__h2_k1__r1__gurobi,ER_40_p0.30_seed2,2,1,gurobi,1,OPT,RETURNED,False
ER_40_p0.30_seed2__h2_k1__r1__cadical,ER_40_p0.30_seed2,2,1,cadical,1,FEASIBLE,WALL_TIMEOUT,True
ER_40_p0.30_seed2__h2_k1__r2__cadical,ER_40_p0.30_seed2,2,1,cadical,2,FEASIBLE,WALL_TIMEOUT,True
ER_40_p0.30_seed2__h2_k1__r2__gurobi,ER_40_p0.30_seed2,2,1,gurobi,2,OPT,RETURNED,False
ER_40_p0.30_seed2__h3_k2__r0__cadical,ER_40_p0.30_seed2,3,2,cadical,0,FEASIBLE,WALL_TIMEOUT,True
ER_40_p0.30_seed2__h3_k2__r0__gurobi,ER_40_p0.30_seed2,3,2,gurobi,0,OPT,RETURNED,False
ER_40_p0.30_seed2__h3_k2__r1__gurobi,ER_40_p0.30_seed2,3,2,gurobi,1,OPT,RETURNED,False
ER_40_p0.30_seed2__h3_k2__r1__cadical,ER_40_p0.30_seed2,3,2,cadical,1,FEASIBLE,WALL_TIMEOUT,True
ER_40_p0.30_seed2__h3_k2__r2__cadical,ER_40_p0.30_seed2,3,2,cadical,2,FEASIBLE,WALL_TIMEOUT,True
ER_40_p0.30_seed2__h3_k2__r2__gurobi,ER_40_p0.30_seed2,3,2,gurobi,2,OPT,RETURNED,False
BA_40_m2_seed0__h1_k1__r0__gurobi,BA_40_m2_seed0,1,1,gurobi,0,OPT,RETURNED,False
BA_40_m2_seed0__h1_k1__r0__cadical,BA_40_m2_seed0,1,1,cadical,0,OPT,RETURNED,False
BA_40_m2_seed0__h1_k1__r1__cadical,BA_40_m2_seed0,1,1,cadical,1,OPT,RETURNED,False
BA_40_m2_seed0__h1_k1__r1__gurobi,BA_40_m2_seed0,1,1,gurobi,1,OPT,RETURNED,False
BA_40_m2_seed0__h1_k1__r2__gurobi,BA_40_m2_seed0,1,1,gurobi,2,OPT,RETURNED,False
BA_40_m2_seed0__h1_k1__r2__cadical,BA_40_m2_seed0,1,1,cadical,2,OPT,RETURNED,False
BA_40_m2_seed0__h2_k1__r0__gurobi,BA_40_m2_seed0,2,1,gurobi,0,OPT,RETURNED,False
BA_40_m2_seed0__h2_k1__r0__cadical,BA_40_m2_seed0,2,1,cadical,0,OPT,RETURNED,False
BA_40_m2_seed0__h2_k1__r1__cadical,BA_40_m2_seed0,2,1,cadical,1,OPT,RETURNED,False
BA_40_m2_seed0__h2_k1__r1__gurobi,BA_40_m2_seed0,2,1,gurobi,1,OPT,RETURNED,False
BA_40_m2_seed0__h2_k1__r2__gurobi,BA_40_m2_seed0,2,1,gurobi,2,OPT,RETURNED,False
BA_40_m2_seed0__h2_k1__r2__cadical,BA_40_m2_seed0,2,1,cadical,2,OPT,RETURNED,False
BA_40_m2_seed0__h3_k2__r0__gurobi,BA_40_m2_seed0,3,2,gurobi,0,OPT,RETURNED,False
BA_40_m2_seed0__h3_k2__r0__cadical,BA_40_m2_seed0,3,2,cadical,0,OPT,RETURNED,False
BA_40_m2_seed0__h3_k2__r1__cadical,BA_40_m2_seed0,3,2,cadical,1,OPT,RETURNED,False
BA_40_m2_seed0__h3_k2__r1__gurobi,BA_40_m2_seed0,3,2,gurobi,1,OPT,RETURNED,False
BA_40_m2_seed0__h3_k2__r2__gurobi,BA_40_m2_seed0,3,2,gurobi,2,OPT,RETURNED,False
BA_40_m2_seed0__h3_k2__r2__cadical,BA_40_m2_seed0,3,2,cadical,2,OPT,RETURNED,False
BA_40_m2_seed1__h1_k1__r0__cadical,BA_40_m2_seed1,1,1,cadical,0,OPT,RETURNED,False
BA_40_m2_seed1__h1_k1__r0__gurobi,BA_40_m2_seed1,1,1,gurobi,0,OPT,RETURNED,False
BA_40_m2_seed1__h1_k1__r1__gurobi,BA_40_m2_seed1,1,1,gurobi,1,OPT,RETURNED,False
BA_40_m2_seed1__h1_k1__r1__cadical,BA_40_m2_seed1,1,1,cadical,1,OPT,RETURNED,False
BA_40_m2_seed1__h1_k1__r2__cadical,BA_40_m2_seed1,1,1,cadical,2,OPT,RETURNED,False
BA_40_m2_seed1__h1_k1__r2__gurobi,BA_40_m2_seed1,1,1,gurobi,2,OPT,RETURNED,False
BA_40_m2_seed1__h2_k1__r0__cadical,BA_40_m2_seed1,2,1,cadical,0,OPT,RETURNED,False
BA_40_m2_seed1__h2_k1__r0__gurobi,BA_40_m2_seed1,2,1,gurobi,0,OPT,RETURNED,False
BA_40_m2_seed1__h2_k1__r1__gurobi,BA_40_m2_seed1,2,1,gurobi,1,OPT,RETURNED,False
BA_40_m2_seed1__h2_k1__r1__cadical,BA_40_m2_seed1,2,1,cadical,1,OPT,RETURNED,False
BA_40_m2_seed1__h2_k1__r2__cadical,BA_40_m2_seed1,2,1,cadical,2,OPT,RETURNED,False
BA_40_m2_seed1__h2_k1__r2__gurobi,BA_40_m2_seed1,2,1,gurobi,2,OPT,RETURNED,False
BA_40_m2_seed1__h3_k2__r0__cadical,BA_40_m2_seed1,3,2,cadical,0,OPT,RETURNED,False
BA_40_m2_seed1__h3_k2__r0__gurobi,BA_40_m2_seed1,3,2,gurobi,0,OPT,RETURNED,False
BA_40_m2_seed1__h3_k2__r1__gurobi,BA_40_m2_seed1,3,2,gurobi,1,OPT,RETURNED,False
BA_40_m2_seed1__h3_k2__r1__cadical,BA_40_m2_seed1,3,2,cadical,1,OPT,RETURNED,False
BA_40_m2_seed1__h3_k2__r2__cadical,BA_40_m2_seed1,3,2,cadical,2,OPT,RETURNED,False
BA_40_m2_seed1__h3_k2__r2__gurobi,BA_40_m2_seed1,3,2,gurobi,2,OPT,RETURNED,False
BA_40_m2_seed2__h1_k1__r0__gurobi,BA_40_m2_seed2,1,1,gurobi,0,OPT,RETURNED,False
BA_40_m2_seed2__h1_k1__r0__cadical,BA_40_m2_seed2,1,1,cadical,0,OPT,RETURNED,False
BA_40_m2_seed2__h1_k1__r1__cadical,BA_40_m2_seed2,1,1,cadical,1,OPT,RETURNED,False
BA_40_m2_seed2__h1_k1__r1__gurobi,BA_40_m2_seed2,1,1,gurobi,1,OPT,RETURNED,False
BA_40_m2_seed2__h1_k1__r2__gurobi,BA_40_m2_seed2,1,1,gurobi,2,OPT,RETURNED,False
BA_40_m2_seed2__h1_k1__r2__cadical,BA_40_m2_seed2,1,1,cadical,2,OPT,RETURNED,False
BA_40_m2_seed2__h2_k1__r0__gurobi,BA_40_m2_seed2,2,1,gurobi,0,OPT,RETURNED,False
BA_40_m2_seed2__h2_k1__r0__cadical,BA_40_m2_seed2,2,1,cadical,0,OPT,RETURNED,False
BA_40_m2_seed2__h2_k1__r1__cadical,BA_40_m2_seed2,2,1,cadical,1,OPT,RETURNED,False
BA_40_m2_seed2__h2_k1__r1__gurobi,BA_40_m2_seed2,2,1,gurobi,1,OPT,RETURNED,False
BA_40_m2_seed2__h2_k1__r2__gurobi,BA_40_m2_seed2,2,1,gurobi,2,OPT,RETURNED,False
BA_40_m2_seed2__h2_k1__r2__cadical,BA_40_m2_seed2,2,1,cadical,2,OPT,RETURNED,False
BA_40_m2_seed2__h3_k2__r0__gurobi,BA_40_m2_seed2,3,2,gurobi,0,OPT,RETURNED,False
BA_40_m2_seed2__h3_k2__r0__cadical,BA_40_m2_seed2,3,2,cadical,0,OPT,RETURNED,False
BA_40_m2_seed2__h3_k2__r1__cadical,BA_40_m2_seed2,3,2,cadical,1,OPT,RETURNED,False
BA_40_m2_seed2__h3_k2__r1__gurobi,BA_40_m2_seed2,3,2,gurobi,1,OPT,RETURNED,False
BA_40_m2_seed2__h3_k2__r2__gurobi,BA_40_m2_seed2,3,2,gurobi,2,OPT,RETURNED,False
BA_40_m2_seed2__h3_k2__r2__cadical,BA_40_m2_seed2,3,2,cadical,2,OPT,RETURNED,False
ER_60_p0.15_seed0__h1_k1__r0__cadical,ER_60_p0.15_seed0,1,1,cadical,0,FEASIBLE,WALL_TIMEOUT,True
ER_60_p0.15_seed0__h1_k1__r0__gurobi,ER_60_p0.15_seed0,1,1,gurobi,0,FEASIBLE,WALL_TIMEOUT,True
ER_60_p0.15_seed0__h1_k1__r1__gurobi,ER_60_p0.15_seed0,1,1,gurobi,1,FEASIBLE,WALL_TIMEOUT,True
ER_60_p0.15_seed0__h1_k1__r1__cadical,ER_60_p0.15_seed0,1,1,cadical,1,FEASIBLE,WALL_TIMEOUT,True
ER_60_p0.15_seed0__h1_k1__r2__cadical,ER_60_p0.15_seed0,1,1,cadical,2,FEASIBLE,WALL_TIMEOUT,True
ER_60_p0.15_seed0__h1_k1__r2__gurobi,ER_60_p0.15_seed0,1,1,gurobi,2,FEASIBLE,WALL_TIMEOUT,True
ER_60_p0.15_seed0__h2_k1__r0__cadical,ER_60_p0.15_seed0,2,1,cadical,0,FEASIBLE,WALL_TIMEOUT,True
ER_60_p0.15_seed0__h2_k1__r0__gurobi,ER_60_p0.15_seed0,2,1,gurobi,0,FEASIBLE,WALL_TIMEOUT,True
ER_60_p0.15_seed0__h2_k1__r1__gurobi,ER_60_p0.15_seed0,2,1,gurobi,1,FEASIBLE,WALL_TIMEOUT,True
ER_60_p0.15_seed0__h2_k1__r1__cadical,ER_60_p0.15_seed0,2,1,cadical,1,FEASIBLE,WALL_TIMEOUT,True
ER_60_p0.15_seed0__h2_k1__r2__cadical,ER_60_p0.15_seed0,2,1,cadical,2,FEASIBLE,WALL_TIMEOUT,True
ER_60_p0.15_seed0__h2_k1__r2__gurobi,ER_60_p0.15_seed0,2,1,gurobi,2,FEASIBLE,WALL_TIMEOUT,True
ER_60_p0.15_seed0__h3_k2__r0__cadical,ER_60_p0.15_seed0,3,2,cadical,0,FEASIBLE,WALL_TIMEOUT,True
ER_60_p0.15_seed0__h3_k2__r0__gurobi,ER_60_p0.15_seed0,3,2,gurobi,0,FEASIBLE,WALL_TIMEOUT,True
ER_60_p0.15_seed0__h3_k2__r1__gurobi,ER_60_p0.15_seed0,3,2,gurobi,1,FEASIBLE,WALL_TIMEOUT,True
ER_60_p0.15_seed0__h3_k2__r1__cadical,ER_60_p0.15_seed0,3,2,cadical,1,FEASIBLE,WALL_TIMEOUT,True
ER_60_p0.15_seed0__h3_k2__r2__cadical,ER_60_p0.15_seed0,3,2,cadical,2,FEASIBLE,WALL_TIMEOUT,True
ER_60_p0.15_seed0__h3_k2__r2__gurobi,ER_60_p0.15_seed0,3,2,gurobi,2,FEASIBLE,WALL_TIMEOUT,True
ER_60_p0.15_seed1__h1_k1__r0__gurobi,ER_60_p0.15_seed1,1,1,gurobi,0,FEASIBLE,WALL_TIMEOUT,True
ER_60_p0.15_seed1__h1_k1__r0__cadical,ER_60_p0.15_seed1,1,1,cadical,0,FEASIBLE,WALL_TIMEOUT,True
ER_60_p0.15_seed1__h1_k1__r1__cadical,ER_60_p0.15_seed1,1,1,cadical,1,FEASIBLE,WALL_TIMEOUT,True
ER_60_p0.15_seed1__h1_k1__r1__gurobi,ER_60_p0.15_seed1,1,1,gurobi,1,FEASIBLE,WALL_TIMEOUT,True
ER_60_p0.15_seed1__h1_k1__r2__gurobi,ER_60_p0.15_seed1,1,1,gurobi,2,FEASIBLE,WALL_TIMEOUT,True
ER_60_p0.15_seed1__h1_k1__r2__cadical,ER_60_p0.15_seed1,1,1,cadical,2,FEASIBLE,WALL_TIMEOUT,True
ER_60_p0.15_seed1__h2_k1__r0__gurobi,ER_60_p0.15_seed1,2,1,gurobi,0,FEASIBLE,WALL_TIMEOUT,True
ER_60_p0.15_seed1__h2_k1__r0__cadical,ER_60_p0.15_seed1,2,1,cadical,0,FEASIBLE,WALL_TIMEOUT,True
ER_60_p0.15_seed1__h2_k1__r1__cadical,ER_60_p0.15_seed1,2,1,cadical,1,FEASIBLE,WALL_TIMEOUT,True
ER_60_p0.15_seed1__h2_k1__r1__gurobi,ER_60_p0.15_seed1,2,1,gurobi,1,FEASIBLE,WALL_TIMEOUT,True
ER_60_p0.15_seed1__h2_k1__r2__gurobi,ER_60_p0.15_seed1,2,1,gurobi,2,FEASIBLE,WALL_TIMEOUT,True
ER_60_p0.15_seed1__h2_k1__r2__cadical,ER_60_p0.15_seed1,2,1,cadical,2,FEASIBLE,WALL_TIMEOUT,True
ER_60_p0.15_seed1__h3_k2__r0__gurobi,ER_60_p0.15_seed1,3,2,gurobi,0,FEASIBLE,WALL_TIMEOUT,True
ER_60_p0.15_seed1__h3_k2__r0__cadical,ER_60_p0.15_seed1,3,2,cadical,0,FEASIBLE,WALL_TIMEOUT,True
ER_60_p0.15_seed1__h3_k2__r1__cadical,ER_60_p0.15_seed1,3,2,cadical,1,FEASIBLE,WALL_TIMEOUT,True
ER_60_p0.15_seed1__h3_k2__r1__gurobi,ER_60_p0.15_seed1,3,2,gurobi,1,FEASIBLE,WALL_TIMEOUT,True
ER_60_p0.15_seed1__h3_k2__r2__gurobi,ER_60_p0.15_seed1,3,2,gurobi,2,FEASIBLE,WALL_TIMEOUT,True
ER_60_p0.15_seed1__h3_k2__r2__cadical,ER_60_p0.15_seed1,3,2,cadical,2,FEASIBLE,WALL_TIMEOUT,True
ER_60_p0.15_seed2__h1_k1__r0__cadical,ER_60_p0.15_seed2,1,1,cadical,0,FEASIBLE,WALL_TIMEOUT,True
ER_60_p0.15_seed2__h1_k1__r0__gurobi,ER_60_p0.15_seed2,1,1,gurobi,0,FEASIBLE,WALL_TIMEOUT,True
ER_60_p0.15_seed2__h1_k1__r1__gurobi,ER_60_p0.15_seed2,1,1,gurobi,1,FEASIBLE,WALL_TIMEOUT,True
ER_60_p0.15_seed2__h1_k1__r1__cadical,ER_60_p0.15_seed2,1,1,cadical,1,FEASIBLE,WALL_TIMEOUT,True
ER_60_p0.15_seed2__h1_k1__r2__cadical,ER_60_p0.15_seed2,1,1,cadical,2,FEASIBLE,WALL_TIMEOUT,True
ER_60_p0.15_seed2__h1_k1__r2__gurobi,ER_60_p0.15_seed2,1,1,gurobi,2,FEASIBLE,WALL_TIMEOUT,True
ER_60_p0.15_seed2__h2_k1__r0__cadical,ER_60_p0.15_seed2,2,1,cadical,0,FEASIBLE,WALL_TIMEOUT,True
ER_60_p0.15_seed2__h2_k1__r0__gurobi,ER_60_p0.15_seed2,2,1,gurobi,0,FEASIBLE,WALL_TIMEOUT,True
ER_60_p0.15_seed2__h2_k1__r1__gurobi,ER_60_p0.15_seed2,2,1,gurobi,1,FEASIBLE,WALL_TIMEOUT,True
ER_60_p0.15_seed2__h2_k1__r1__cadical,ER_60_p0.15_seed2,2,1,cadical,1,FEASIBLE,WALL_TIMEOUT,True
ER_60_p0.15_seed2__h2_k1__r2__cadical,ER_60_p0.15_seed2,2,1,cadical,2,FEASIBLE,WALL_TIMEOUT,True
ER_60_p0.15_seed2__h2_k1__r2__gurobi,ER_60_p0.15_seed2,2,1,gurobi,2,FEASIBLE,WALL_TIMEOUT,True
ER_60_p0.15_seed2__h3_k2__r0__cadical,ER_60_p0.15_seed2,3,2,cadical,0,FEASIBLE,WALL_TIMEOUT,True
ER_60_p0.15_seed2__h3_k2__r0__gurobi,ER_60_p0.15_seed2,3,2,gurobi,0,FEASIBLE,WALL_TIMEOUT,True
ER_60_p0.15_seed2__h3_k2__r1__gurobi,ER_60_p0.15_seed2,3,2,gurobi,1,FEASIBLE,WALL_TIMEOUT,True
ER_60_p0.15_seed2__h3_k2__r1__cadical,ER_60_p0.15_seed2,3,2,cadical,1,FEASIBLE,WALL_TIMEOUT,True
ER_60_p0.15_seed2__h3_k2__r2__cadical,ER_60_p0.15_seed2,3,2,cadical,2,FEASIBLE,WALL_TIMEOUT,True
ER_60_p0.15_seed2__h3_k2__r2__gurobi,ER_60_p0.15_seed2,3,2,gurobi,2,FEASIBLE,WALL_TIMEOUT,True
ER_60_p0.30_seed0__h1_k1__r0__gurobi,ER_60_p0.30_seed0,1,1,gurobi,0,OPT,RETURNED,False
ER_60_p0.30_seed0__h1_k1__r0__cadical,ER_60_p0.30_seed0,1,1,cadical,0,FEASIBLE,WALL_TIMEOUT,True
ER_60_p0.30_seed0__h1_k1__r1__cadical,ER_60_p0.30_seed0,1,1,cadical,1,FEASIBLE,WALL_TIMEOUT,True
ER_60_p0.30_seed0__h1_k1__r1__gurobi,ER_60_p0.30_seed0,1,1,gurobi,1,OPT,RETURNED,False
ER_60_p0.30_seed0__h1_k1__r2__gurobi,ER_60_p0.30_seed0,1,1,gurobi,2,OPT,RETURNED,False
ER_60_p0.30_seed0__h1_k1__r2__cadical,ER_60_p0.30_seed0,1,1,cadical,2,FEASIBLE,WALL_TIMEOUT,True
ER_60_p0.30_seed0__h2_k1__r0__gurobi,ER_60_p0.30_seed0,2,1,gurobi,0,OPT,RETURNED,False
ER_60_p0.30_seed0__h2_k1__r0__cadical,ER_60_p0.30_seed0,2,1,cadical,0,FEASIBLE,WALL_TIMEOUT,True
ER_60_p0.30_seed0__h2_k1__r1__cadical,ER_60_p0.30_seed0,2,1,cadical,1,FEASIBLE,WALL_TIMEOUT,True
ER_60_p0.30_seed0__h2_k1__r1__gurobi,ER_60_p0.30_seed0,2,1,gurobi,1,OPT,RETURNED,False
ER_60_p0.30_seed0__h2_k1__r2__gurobi,ER_60_p0.30_seed0,2,1,gurobi,2,OPT,RETURNED,False
ER_60_p0.30_seed0__h2_k1__r2__cadical,ER_60_p0.30_seed0,2,1,cadical,2,FEASIBLE,WALL_TIMEOUT,True
ER_60_p0.30_seed0__h3_k2__r0__gurobi,ER_60_p0.30_seed0,3,2,gurobi,0,FEASIBLE,WALL_TIMEOUT,True
ER_60_p0.30_seed0__h3_k2__r0__cadical,ER_60_p0.30_seed0,3,2,cadical,0,FEASIBLE,WALL_TIMEOUT,True
ER_60_p0.30_seed0__h3_k2__r1__cadical,ER_60_p0.30_seed0,3,2,cadical,1,FEASIBLE,WALL_TIMEOUT,True
ER_60_p0.30_seed0__h3_k2__r1__gurobi,ER_60_p0.30_seed0,3,2,gurobi,1,FEASIBLE,WALL_TIMEOUT,True
ER_60_p0.30_seed0__h3_k2__r2__gurobi,ER_60_p0.30_seed0,3,2,gurobi,2,FEASIBLE,WALL_TIMEOUT,True
ER_60_p0.30_seed0__h3_k2__r2__cadical,ER_60_p0.30_seed0,3,2,cadical,2,FEASIBLE,WALL_TIMEOUT,True
ER_60_p0.30_seed1__h1_k1__r0__cadical,ER_60_p0.30_seed1,1,1,cadical,0,FEASIBLE,WALL_TIMEOUT,True
ER_60_p0.30_seed1__h1_k1__r0__gurobi,ER_60_p0.30_seed1,1,1,gurobi,0,OPT,RETURNED,False
ER_60_p0.30_seed1__h1_k1__r1__gurobi,ER_60_p0.30_seed1,1,1,gurobi,1,OPT,RETURNED,False
ER_60_p0.30_seed1__h1_k1__r1__cadical,ER_60_p0.30_seed1,1,1,cadical,1,FEASIBLE,WALL_TIMEOUT,True
ER_60_p0.30_seed1__h1_k1__r2__cadical,ER_60_p0.30_seed1,1,1,cadical,2,FEASIBLE,WALL_TIMEOUT,True
ER_60_p0.30_seed1__h1_k1__r2__gurobi,ER_60_p0.30_seed1,1,1,gurobi,2,OPT,RETURNED,False
ER_60_p0.30_seed1__h2_k1__r0__cadical,ER_60_p0.30_seed1,2,1,cadical,0,FEASIBLE,WALL_TIMEOUT,True
ER_60_p0.30_seed1__h2_k1__r0__gurobi,ER_60_p0.30_seed1,2,1,gurobi,0,OPT,RETURNED,False
ER_60_p0.30_seed1__h2_k1__r1__gurobi,ER_60_p0.30_seed1,2,1,gurobi,1,OPT,RETURNED,False
ER_60_p0.30_seed1__h2_k1__r1__cadical,ER_60_p0.30_seed1,2,1,cadical,1,FEASIBLE,WALL_TIMEOUT,True
ER_60_p0.30_seed1__h2_k1__r2__cadical,ER_60_p0.30_seed1,2,1,cadical,2,FEASIBLE,WALL_TIMEOUT,True
ER_60_p0.30_seed1__h2_k1__r2__gurobi,ER_60_p0.30_seed1,2,1,gurobi,2,OPT,RETURNED,False
ER_60_p0.30_seed1__h3_k2__r0__cadical,ER_60_p0.30_seed1,3,2,cadical,0,FEASIBLE,WALL_TIMEOUT,True
ER_60_p0.30_seed1__h3_k2__r0__gurobi,ER_60_p0.30_seed1,3,2,gurobi,0,FEASIBLE,WALL_TIMEOUT,True
ER_60_p0.30_seed1__h3_k2__r1__gurobi,ER_60_p0.30_seed1,3,2,gurobi,1,FEASIBLE,WALL_TIMEOUT,True
ER_60_p0.30_seed1__h3_k2__r1__cadical,ER_60_p0.30_seed1,3,2,cadical,1,FEASIBLE,WALL_TIMEOUT,True
ER_60_p0.30_seed1__h3_k2__r2__cadical,ER_60_p0.30_seed1,3,2,cadical,2,FEASIBLE,WALL_TIMEOUT,True
ER_60_p0.30_seed1__h3_k2__r2__gurobi,ER_60_p0.30_seed1,3,2,gurobi,2,FEASIBLE,WALL_TIMEOUT,True
ER_60_p0.30_seed2__h1_k1__r0__gurobi,ER_60_p0.30_seed2,1,1,gurobi,0,OPT,RETURNED,False
ER_60_p0.30_seed2__h1_k1__r0__cadical,ER_60_p0.30_seed2,1,1,cadical,0,FEASIBLE,WALL_TIMEOUT,True
ER_60_p0.30_seed2__h1_k1__r1__cadical,ER_60_p0.30_seed2,1,1,cadical,1,FEASIBLE,WALL_TIMEOUT,True
ER_60_p0.30_seed2__h1_k1__r1__gurobi,ER_60_p0.30_seed2,1,1,gurobi,1,OPT,RETURNED,False
ER_60_p0.30_seed2__h1_k1__r2__gurobi,ER_60_p0.30_seed2,1,1,gurobi,2,OPT,RETURNED,False
ER_60_p0.30_seed2__h1_k1__r2__cadical,ER_60_p0.30_seed2,1,1,cadical,2,FEASIBLE,WALL_TIMEOUT,True
ER_60_p0.30_seed2__h2_k1__r0__gurobi,ER_60_p0.30_seed2,2,1,gurobi,0,OPT,RETURNED,False
ER_60_p0.30_seed2__h2_k1__r0__cadical,ER_60_p0.30_seed2,2,1,cadical,0,FEASIBLE,WALL_TIMEOUT,True
ER_60_p0.30_seed2__h2_k1__r1__cadical,ER_60_p0.30_seed2,2,1,cadical,1,FEASIBLE,WALL_TIMEOUT,True
ER_60_p0.30_seed2__h2_k1__r1__gurobi,ER_60_p0.30_seed2,2,1,gurobi,1,OPT,RETURNED,False
ER_60_p0.30_seed2__h2_k1__r2__gurobi,ER_60_p0.30_seed2,2,1,gurobi,2,OPT,RETURNED,False
ER_60_p0.30_seed2__h2_k1__r2__cadical,ER_60_p0.30_seed2,2,1,cadical,2,FEASIBLE,WALL_TIMEOUT,True
ER_60_p0.30_seed2__h3_k2__r0__gurobi,ER_60_p0.30_seed2,3,2,gurobi,0,FEASIBLE,WALL_TIMEOUT,True
ER_60_p0.30_seed2__h3_k2__r0__cadical,ER_60_p0.30_seed2,3,2,cadical,0,FEASIBLE,WALL_TIMEOUT,True
ER_60_p0.30_seed2__h3_k2__r1__cadical,ER_60_p0.30_seed2,3,2,cadical,1,FEASIBLE,WALL_TIMEOUT,True
ER_60_p0.30_seed2__h3_k2__r1__gurobi,ER_60_p0.30_seed2,3,2,gurobi,1,FEASIBLE,WALL_TIMEOUT,True
ER_60_p0.30_seed2__h3_k2__r2__gurobi,ER_60_p0.30_seed2,3,2,gurobi,2,FEASIBLE,WALL_TIMEOUT,True
ER_60_p0.30_seed2__h3_k2__r2__cadical,ER_60_p0.30_seed2,3,2,cadical,2,FEASIBLE,WALL_TIMEOUT,True
BA_60_m2_seed0__h1_k1__r0__cadical,BA_60_m2_seed0,1,1,cadical,0,OPT,RETURNED,False
BA_60_m2_seed0__h1_k1__r0__gurobi,BA_60_m2_seed0,1,1,gurobi,0,OPT,RETURNED,False
BA_60_m2_seed0__h1_k1__r1__gurobi,BA_60_m2_seed0,1,1,gurobi,1,OPT,RETURNED,False
BA_60_m2_seed0__h1_k1__r1__cadical,BA_60_m2_seed0,1,1,cadical,1,OPT,RETURNED,False
BA_60_m2_seed0__h1_k1__r2__cadical,BA_60_m2_seed0,1,1,cadical,2,OPT,RETURNED,False
BA_60_m2_seed0__h1_k1__r2__gurobi,BA_60_m2_seed0,1,1,gurobi,2,OPT,RETURNED,False
BA_60_m2_seed0__h2_k1__r0__cadical,BA_60_m2_seed0,2,1,cadical,0,OPT,RETURNED,False
BA_60_m2_seed0__h2_k1__r0__gurobi,BA_60_m2_seed0,2,1,gurobi,0,OPT,RETURNED,False
BA_60_m2_seed0__h2_k1__r1__gurobi,BA_60_m2_seed0,2,1,gurobi,1,OPT,RETURNED,False
BA_60_m2_seed0__h2_k1__r1__cadical,BA_60_m2_seed0,2,1,cadical,1,OPT,RETURNED,False
BA_60_m2_seed0__h2_k1__r2__cadical,BA_60_m2_seed0,2,1,cadical,2,OPT,RETURNED,False
BA_60_m2_seed0__h2_k1__r2__gurobi,BA_60_m2_seed0,2,1,gurobi,2,OPT,RETURNED,False
BA_60_m2_seed0__h3_k2__r0__cadical,BA_60_m2_seed0,3,2,cadical,0,OPT,RETURNED,False
BA_60_m2_seed0__h3_k2__r0__gurobi,BA_60_m2_seed0,3,2,gurobi,0,OPT,RETURNED,False
BA_60_m2_seed0__h3_k2__r1__gurobi,BA_60_m2_seed0,3,2,gurobi,1,OPT,RETURNED,False
BA_60_m2_seed0__h3_k2__r1__cadical,BA_60_m2_seed0,3,2,cadical,1,OPT,RETURNED,False
BA_60_m2_seed0__h3_k2__r2__cadical,BA_60_m2_seed0,3,2,cadical,2,OPT,RETURNED,False
BA_60_m2_seed0__h3_k2__r2__gurobi,BA_60_m2_seed0,3,2,gurobi,2,OPT,RETURNED,False
BA_60_m2_seed1__h1_k1__r0__gurobi,BA_60_m2_seed1,1,1,gurobi,0,OPT,RETURNED,False
BA_60_m2_seed1__h1_k1__r0__cadical,BA_60_m2_seed1,1,1,cadical,0,OPT,RETURNED,False
BA_60_m2_seed1__h1_k1__r1__cadical,BA_60_m2_seed1,1,1,cadical,1,OPT,RETURNED,False
BA_60_m2_seed1__h1_k1__r1__gurobi,BA_60_m2_seed1,1,1,gurobi,1,OPT,RETURNED,False
BA_60_m2_seed1__h1_k1__r2__gurobi,BA_60_m2_seed1,1,1,gurobi,2,OPT,RETURNED,False
BA_60_m2_seed1__h1_k1__r2__cadical,BA_60_m2_seed1,1,1,cadical,2,OPT,RETURNED,False
BA_60_m2_seed1__h2_k1__r0__gurobi,BA_60_m2_seed1,2,1,gurobi,0,OPT,RETURNED,False
BA_60_m2_seed1__h2_k1__r0__cadical,BA_60_m2_seed1,2,1,cadical,0,OPT,RETURNED,False
BA_60_m2_seed1__h2_k1__r1__cadical,BA_60_m2_seed1,2,1,cadical,1,OPT,RETURNED,False
BA_60_m2_seed1__h2_k1__r1__gurobi,BA_60_m2_seed1,2,1,gurobi,1,OPT,RETURNED,False
BA_60_m2_seed1__h2_k1__r2__gurobi,BA_60_m2_seed1,2,1,gurobi,2,OPT,RETURNED,False
BA_60_m2_seed1__h2_k1__r2__cadical,BA_60_m2_seed1,2,1,cadical,2,OPT,RETURNED,False
BA_60_m2_seed1__h3_k2__r0__gurobi,BA_60_m2_seed1,3,2,gurobi,0,OPT,RETURNED,False
BA_60_m2_seed1__h3_k2__r0__cadical,BA_60_m2_seed1,3,2,cadical,0,OPT,RETURNED,False
BA_60_m2_seed1__h3_k2__r1__cadical,BA_60_m2_seed1,3,2,cadical,1,OPT,RETURNED,False
BA_60_m2_seed1__h3_k2__r1__gurobi,BA_60_m2_seed1,3,2,gurobi,1,OPT,RETURNED,False
BA_60_m2_seed1__h3_k2__r2__gurobi,BA_60_m2_seed1,3,2,gurobi,2,OPT,RETURNED,False
BA_60_m2_seed1__h3_k2__r2__cadical,BA_60_m2_seed1,3,2,cadical,2,OPT,RETURNED,False
BA_60_m2_seed2__h1_k1__r0__cadical,BA_60_m2_seed2,1,1,cadical,0,OPT,RETURNED,False
BA_60_m2_seed2__h1_k1__r0__gurobi,BA_60_m2_seed2,1,1,gurobi,0,OPT,RETURNED,False
BA_60_m2_seed2__h1_k1__r1__gurobi,BA_60_m2_seed2,1,1,gurobi,1,OPT,RETURNED,False
BA_60_m2_seed2__h1_k1__r1__cadical,BA_60_m2_seed2,1,1,cadical,1,OPT,RETURNED,False
BA_60_m2_seed2__h1_k1__r2__cadical,BA_60_m2_seed2,1,1,cadical,2,OPT,RETURNED,False
BA_60_m2_seed2__h1_k1__r2__gurobi,BA_60_m2_seed2,1,1,gurobi,2,OPT,RETURNED,False
BA_60_m2_seed2__h2_k1__r0__cadical,BA_60_m2_seed2,2,1,cadical,0,OPT,RETURNED,False
BA_60_m2_seed2__h2_k1__r0__gurobi,BA_60_m2_seed2,2,1,gurobi,0,OPT,RETURNED,False
BA_60_m2_seed2__h2_k1__r1__gurobi,BA_60_m2_seed2,2,1,gurobi,1,OPT,RETURNED,False
BA_60_m2_seed2__h2_k1__r1__cadical,BA_60_m2_seed2,2,1,cadical,1,OPT,RETURNED,False
BA_60_m2_seed2__h2_k1__r2__cadical,BA_60_m2_seed2,2,1,cadical,2,OPT,RETURNED,False
BA_60_m2_seed2__h2_k1__r2__gurobi,BA_60_m2_seed2,2,1,gurobi,2,OPT,RETURNED,False
BA_60_m2_seed2__h3_k2__r0__cadical,BA_60_m2_seed2,3,2,cadical,0,OPT,RETURNED,False
BA_60_m2_seed2__h3_k2__r0__gurobi,BA_60_m2_seed2,3,2,gurobi,0,OPT,RETURNED,False
BA_60_m2_seed2__h3_k2__r1__gurobi,BA_60_m2_seed2,3,2,gurobi,1,OPT,RETURNED,False
BA_60_m2_seed2__h3_k2__r1__cadical,BA_60_m2_seed2,3,2,cadical,1,OPT,RETURNED,False
BA_60_m2_seed2__h3_k2__r2__cadical,BA_60_m2_seed2,3,2,cadical,2,OPT,RETURNED,False
BA_60_m2_seed2__h3_k2__r2__gurobi,BA_60_m2_seed2,3,2,gurobi,2,OPT,RETURNED,False
