Graph,n,var,clause,time,lambda,UB,status
Q_2,4,16,80,0.001194,4,B4:SAT -> B3:UNSAT -> S3:UNSAT,OPT
Q_3,8,48,367,0.006433,6,B6:SAT -> B5:UNSAT -> S5:UNSAT,OPT
Q_4,16,112,1209,0.015689,7,B7:SAT -> B6:UNSAT -> S6:UNSAT,OPT
Q_5,32,256,3701,0.043809,8,B9:SAT -> B7:UNSAT -> B8:SAT -> S7:UNSAT,OPT
Q_6,64,640,11864,7.874534,10,B13:SAT -> B10:SAT -> B8:UNSAT -> B9:UNSAT -> S9:UNSAT,OPT
Q_7,128,,,0.0,11,E11:ESTIMATE,FEASIBLE_ESTIMATE
Q_8,256,,,0.0,12,E12:ESTIMATE,FEASIBLE_ESTIMATE
Q_9,512,,,0.0,13,E13:ESTIMATE,FEASIBLE_ESTIMATE
Q_10,1024,,,0.0,14,E14:ESTIMATE,FEASIBLE_ESTIMATE
