Group,h,k,Instances,Paired_All_OPT,Exact_Reference_Instances,cadical_OPT_Observations,cadical_FEASIBLE_Observations,cadical_All_OPT_Instances,cadical_Paired_Median_Seconds,gurobi_OPT_Observations,gurobi_FEASIBLE_Observations,gurobi_All_OPT_Instances,gurobi_Paired_Median_Seconds
tree,1,1,9,9,9,27,0,9,0.4256672379997326,27,0,9,0.5359805569996752
PxP,1,1,3,3,0,9,0,3,0.3676387760006037,9,0,3,0.6071302370000922
ER p=0.15,1,1,9,3,0,9,18,3,0.3469313940004213,14,13,4,0.4364041070002713
ER p=0.30,1,1,9,2,0,7,20,2,8.06372274100022,27,0,9,0.617217658500067
BA,1,1,9,9,0,27,0,9,0.3201392549999582,27,0,9,0.509325216000434
tree,2,1,9,9,0,27,0,9,0.42837902000064787,27,0,9,0.5377470450002875
PxP,2,1,3,3,3,9,0,3,0.4181857370003854,9,0,3,2.107169763999991
ER p=0.15,2,1,9,3,0,9,18,3,0.36867631200038886,9,18,3,0.45772069600025134
ER p=0.30,2,1,9,3,0,9,18,3,6.6169508889997815,27,0,9,0.9019790069996816
BA,2,1,9,9,0,27,0,9,0.3692912869992142,27,0,9,0.6889581930008717
tree,3,2,9,9,0,27,0,9,0.4508150049996402,27,0,9,0.7815811479995318
PxP,3,2,3,2,0,9,0,3,0.5304793735003841,6,3,2,5.741580725499716
ER p=0.15,3,2,9,3,0,9,18,3,0.47628563699981896,9,18,3,1.0067688990002353
ER p=0.30,3,2,9,1,0,3,24,1,14.787485597000341,12,15,4,7.772263611999733
BA,3,2,9,8,0,24,3,8,1.733686037499865,27,0,9,3.4237586074996216
