Instance,Group,h,k,V,V1_Evidence,V2_Evidence,Theory,Other_Closed,Open_Before,Clique_Certified,Newly_Closed,Closed_After,Open_After,Baseline_LB,Witness_UB,Clique_LB,Final_LB,Certificate_ID
BA_20_m2_seed0,BA,1,1,20,THEORY_MATCH,THEORY_MATCH,1,0,0,1,0,1,0,12,12,12,12,BA_20_m2_seed0__h1_k1
BA_20_m2_seed0,BA,2,1,20,THEORY_MATCH,THEORY_MATCH,1,0,0,0,0,1,0,13,13,12,13,BA_20_m2_seed0__h2_k1
BA_20_m2_seed0,BA,3,2,20,THEORY_MATCH,THEORY_MATCH,1,0,0,0,0,1,0,25,25,24,25,BA_20_m2_seed0__h3_k2
BA_20_m2_seed1,BA,1,1,20,THEORY_MATCH,THEORY_MATCH,1,0,0,1,0,1,0,12,12,12,12,BA_20_m2_seed1__h1_k1
BA_20_m2_seed1,BA,2,1,20,THEORY_MATCH,THEORY_MATCH,1,0,0,0,0,1,0,13,13,12,13,BA_20_m2_seed1__h2_k1
BA_20_m2_seed1,BA,3,2,20,THEORY_MATCH,THEORY_MATCH,1,0,0,0,0,1,0,25,25,24,25,BA_20_m2_seed1__h3_k2
BA_20_m2_seed2,BA,1,1,20,RECORDED_OPT,RECORDED_OPT,0,1,0,1,0,1,0,13,13,13,13,BA_20_m2_seed2__h1_k1
BA_20_m2_seed2,BA,2,1,20,THEORY_MATCH,THEORY_MATCH,1,0,0,1,0,1,0,13,13,13,13,BA_20_m2_seed2__h2_k1
BA_20_m2_seed2,BA,3,2,20,RECORDED_OPT,RECORDED_OPT,0,1,0,1,0,1,0,26,26,26,26,BA_20_m2_seed2__h3_k2
BA_40_m2_seed0,BA,1,1,40,THEORY_MATCH,THEORY_MATCH,1,0,0,1,0,1,0,15,15,15,15,BA_40_m2_seed0__h1_k1
BA_40_m2_seed0,BA,2,1,40,THEORY_MATCH,THEORY_MATCH,1,0,0,0,0,1,0,16,16,15,16,BA_40_m2_seed0__h2_k1
BA_40_m2_seed0,BA,3,2,40,THEORY_MATCH,THEORY_MATCH,1,0,0,0,0,1,0,31,31,30,31,BA_40_m2_seed0__h3_k2
BA_40_m2_seed1,BA,1,1,40,THEORY_MATCH,THEORY_MATCH,1,0,0,1,0,1,0,16,16,16,16,BA_40_m2_seed1__h1_k1
BA_40_m2_seed1,BA,2,1,40,THEORY_MATCH,THEORY_MATCH,1,0,0,0,0,1,0,17,17,16,17,BA_40_m2_seed1__h2_k1
BA_40_m2_seed1,BA,3,2,40,THEORY_MATCH,THEORY_MATCH,1,0,0,0,0,1,0,33,33,32,33,BA_40_m2_seed1__h3_k2
BA_40_m2_seed2,BA,1,1,40,THEORY_MATCH,THEORY_MATCH,1,0,0,1,0,1,0,16,16,16,16,BA_40_m2_seed2__h1_k1
BA_40_m2_seed2,BA,2,1,40,THEORY_MATCH,THEORY_MATCH,1,0,0,0,0,1,0,17,17,16,17,BA_40_m2_seed2__h2_k1
BA_40_m2_seed2,BA,3,2,40,THEORY_MATCH,THEORY_MATCH,1,0,0,0,0,1,0,33,33,32,33,BA_40_m2_seed2__h3_k2
BA_60_m2_seed0,BA,1,1,60,THEORY_MATCH,THEORY_MATCH,1,0,0,1,0,1,0,19,19,19,19,BA_60_m2_seed0__h1_k1
BA_60_m2_seed0,BA,2,1,60,THEORY_MATCH,THEORY_MATCH,1,0,0,0,0,1,0,20,20,19,20,BA_60_m2_seed0__h2_k1
BA_60_m2_seed0,BA,3,2,60,THEORY_MATCH,THEORY_MATCH,1,0,0,0,0,1,0,39,39,38,39,BA_60_m2_seed0__h3_k2
BA_60_m2_seed1,BA,1,1,60,THEORY_MATCH,THEORY_MATCH,1,0,0,1,0,1,0,18,18,18,18,BA_60_m2_seed1__h1_k1
BA_60_m2_seed1,BA,2,1,60,THEORY_MATCH,THEORY_MATCH,1,0,0,0,0,1,0,19,19,18,19,BA_60_m2_seed1__h2_k1
BA_60_m2_seed1,BA,3,2,60,THEORY_MATCH,THEORY_MATCH,1,0,0,0,0,1,0,37,37,36,37,BA_60_m2_seed1__h3_k2
BA_60_m2_seed2,BA,1,1,60,THEORY_MATCH,THEORY_MATCH,1,0,0,1,0,1,0,20,20,20,20,BA_60_m2_seed2__h1_k1
BA_60_m2_seed2,BA,2,1,60,THEORY_MATCH,THEORY_MATCH,1,0,0,0,0,1,0,21,21,20,21,BA_60_m2_seed2__h2_k1
BA_60_m2_seed2,BA,3,2,60,THEORY_MATCH,THEORY_MATCH,1,0,0,0,0,1,0,41,41,40,41,BA_60_m2_seed2__h3_k2
ER_20_p0.15_seed0,ER p=0.15,1,1,20,THEORY_MATCH,THEORY_MATCH,1,0,0,1,0,1,0,7,7,7,7,ER_20_p0.15_seed0__h1_k1
ER_20_p0.15_seed0,ER p=0.15,2,1,20,THEORY_MATCH,THEORY_MATCH,1,0,0,0,0,1,0,8,8,7,8,ER_20_p0.15_seed0__h2_k1
ER_20_p0.15_seed0,ER p=0.15,3,2,20,THEORY_MATCH,THEORY_MATCH,1,0,0,0,0,1,0,15,15,14,15,ER_20_p0.15_seed0__h3_k2
ER_20_p0.15_seed1,ER p=0.15,1,1,20,THEORY_MATCH,THEORY_MATCH,1,0,0,1,0,1,0,7,7,7,7,ER_20_p0.15_seed1__h1_k1
ER_20_p0.15_seed1,ER p=0.15,2,1,20,THEORY_MATCH,THEORY_MATCH,1,0,0,0,0,1,0,8,8,7,8,ER_20_p0.15_seed1__h2_k1
ER_20_p0.15_seed1,ER p=0.15,3,2,20,THEORY_MATCH,THEORY_MATCH,1,0,0,0,0,1,0,15,15,14,15,ER_20_p0.15_seed1__h3_k2
ER_20_p0.15_seed2,ER p=0.15,1,1,20,THEORY_MATCH,THEORY_MATCH,1,0,0,1,0,1,0,6,6,6,6,ER_20_p0.15_seed2__h1_k1
ER_20_p0.15_seed2,ER p=0.15,2,1,20,THEORY_MATCH,THEORY_MATCH,1,0,0,0,0,1,0,7,7,6,7,ER_20_p0.15_seed2__h2_k1
ER_20_p0.15_seed2,ER p=0.15,3,2,20,RECORDED_OPT,RECORDED_OPT,0,1,0,0,0,1,0,14,14,12,14,ER_20_p0.15_seed2__h3_k2
ER_20_p0.30_seed0,ER p=0.30,1,1,20,RECORDED_OPT,RECORDED_OPT,0,1,0,1,0,1,0,11,11,11,11,ER_20_p0.30_seed0__h1_k1
ER_20_p0.30_seed0,ER p=0.30,2,1,20,RECORDED_OPT,RECORDED_OPT,0,1,0,1,0,1,0,11,11,11,11,ER_20_p0.30_seed0__h2_k1
ER_20_p0.30_seed0,ER p=0.30,3,2,20,RECORDED_OPT,RECORDED_OPT,0,1,0,1,0,1,0,22,22,22,22,ER_20_p0.30_seed0__h3_k2
ER_20_p0.30_seed1,ER p=0.30,1,1,20,RECORDED_OPT,RECORDED_OPT,0,1,0,1,0,1,0,13,13,13,13,ER_20_p0.30_seed1__h1_k1
ER_20_p0.30_seed1,ER p=0.30,2,1,20,RECORDED_OPT,RECORDED_OPT,0,1,0,1,0,1,0,13,13,13,13,ER_20_p0.30_seed1__h2_k1
ER_20_p0.30_seed1,ER p=0.30,3,2,20,RECORDED_OPT,RECORDED_OPT,0,1,0,1,0,1,0,26,26,26,26,ER_20_p0.30_seed1__h3_k2
ER_20_p0.30_seed2,ER p=0.30,1,1,20,RECORDED_OPT,RECORDED_OPT,0,1,0,1,0,1,0,13,13,13,13,ER_20_p0.30_seed2__h1_k1
ER_20_p0.30_seed2,ER p=0.30,2,1,20,RECORDED_OPT,RECORDED_OPT,0,1,0,1,0,1,0,13,13,13,13,ER_20_p0.30_seed2__h2_k1
ER_20_p0.30_seed2,ER p=0.30,3,2,20,RECORDED_OPT,RECORDED_OPT,0,1,0,1,0,1,0,26,26,26,26,ER_20_p0.30_seed2__h3_k2
ER_40_p0.15_seed0,ER p=0.15,1,1,40,RECORDED_OPT,RECORDED_OPT,0,1,0,0,0,1,0,13,13,12,13,ER_40_p0.15_seed0__h1_k1
ER_40_p0.15_seed0,ER p=0.15,2,1,40,OPEN,OPEN,0,0,1,0,0,0,1,13,14,12,13,ER_40_p0.15_seed0__h2_k1
ER_40_p0.15_seed0,ER p=0.15,3,2,40,OPEN,OPEN,0,0,1,0,0,0,1,25,29,24,25,ER_40_p0.15_seed0__h3_k2
ER_40_p0.15_seed1,ER p=0.15,1,1,40,RECORDED_OPT,RECORDED_OPT,0,1,0,0,0,1,0,13,13,12,13,ER_40_p0.15_seed1__h1_k1
ER_40_p0.15_seed1,ER p=0.15,2,1,40,OPEN,OPEN,0,0,1,0,0,0,1,12,13,12,12,ER_40_p0.15_seed1__h2_k1
ER_40_p0.15_seed1,ER p=0.15,3,2,40,OPEN,OPEN,0,0,1,0,0,0,1,21,32,24,24,ER_40_p0.15_seed1__h3_k2
ER_40_p0.15_seed2,ER p=0.15,1,1,40,OPEN,OPEN,0,0,1,0,0,0,1,12,13,12,12,ER_40_p0.15_seed2__h1_k1
ER_40_p0.15_seed2,ER p=0.15,2,1,40,OPEN,OPEN,0,0,1,0,0,0,1,13,14,12,13,ER_40_p0.15_seed2__h2_k1
ER_40_p0.15_seed2,ER p=0.15,3,2,40,OPEN,OPEN,0,0,1,0,0,0,1,25,28,24,25,ER_40_p0.15_seed2__h3_k2
ER_40_p0.30_seed0,ER p=0.30,1,1,40,RECORDED_OPT,RECORDED_OPT,0,1,0,1,0,1,0,32,32,32,32,ER_40_p0.30_seed0__h1_k1
ER_40_p0.30_seed0,ER p=0.30,2,1,40,RECORDED_OPT,RECORDED_OPT,0,1,0,1,0,1,0,32,32,32,32,ER_40_p0.30_seed0__h2_k1
ER_40_p0.30_seed0,ER p=0.30,3,2,40,OPEN,OPEN,0,0,1,0,0,0,1,59,66,64,64,ER_40_p0.30_seed0__h3_k2
ER_40_p0.30_seed1,ER p=0.30,1,1,40,RECORDED_OPT,RECORDED_OPT,0,1,0,1,0,1,0,32,32,32,32,ER_40_p0.30_seed1__h1_k1
ER_40_p0.30_seed1,ER p=0.30,2,1,40,RECORDED_OPT,RECORDED_OPT,0,1,0,1,0,1,0,32,32,32,32,ER_40_p0.30_seed1__h2_k1
ER_40_p0.30_seed1,ER p=0.30,3,2,40,OPEN,OPEN,0,0,1,1,1,1,0,53,64,64,64,ER_40_p0.30_seed1__h3_k2
ER_40_p0.30_seed2,ER p=0.30,1,1,40,RECORDED_OPT,RECORDED_OPT,0,1,0,1,0,1,0,32,32,32,32,ER_40_p0.30_seed2__h1_k1
ER_40_p0.30_seed2,ER p=0.30,2,1,40,RECORDED_OPT,RECORDED_OPT,0,1,0,1,0,1,0,32,32,32,32,ER_40_p0.30_seed2__h2_k1
ER_40_p0.30_seed2,ER p=0.30,3,2,40,RECORDED_OPT,RECORDED_OPT,0,1,0,1,0,1,0,64,64,64,64,ER_40_p0.30_seed2__h3_k2
ER_60_p0.15_seed0,ER p=0.15,1,1,60,OPEN,OPEN,0,0,1,0,0,0,1,17,22,20,20,ER_60_p0.15_seed0__h1_k1
ER_60_p0.15_seed0,ER p=0.15,2,1,60,OPEN,OPEN,0,0,1,0,0,0,1,18,24,20,20,ER_60_p0.15_seed0__h2_k1
ER_60_p0.15_seed0,ER p=0.15,3,2,60,OPEN,OPEN,0,0,1,0,0,0,1,35,50,40,40,ER_60_p0.15_seed0__h3_k2
ER_60_p0.15_seed1,ER p=0.15,1,1,60,OPEN,OPEN,0,0,1,0,0,0,1,17,22,20,20,ER_60_p0.15_seed1__h1_k1
ER_60_p0.15_seed1,ER p=0.15,2,1,60,OPEN,OPEN,0,0,1,0,0,0,1,18,24,20,20,ER_60_p0.15_seed1__h2_k1
ER_60_p0.15_seed1,ER p=0.15,3,2,60,OPEN,OPEN,0,0,1,0,0,0,1,35,49,40,40,ER_60_p0.15_seed1__h3_k2
ER_60_p0.15_seed2,ER p=0.15,1,1,60,OPEN,OPEN,0,0,1,0,0,0,1,17,20,19,19,ER_60_p0.15_seed2__h1_k1
ER_60_p0.15_seed2,ER p=0.15,2,1,60,OPEN,OPEN,0,0,1,0,0,0,1,15,21,19,19,ER_60_p0.15_seed2__h2_k1
ER_60_p0.15_seed2,ER p=0.15,3,2,60,OPEN,OPEN,0,0,1,0,0,0,1,29,46,38,38,ER_60_p0.15_seed2__h3_k2
ER_60_p0.30_seed0,ER p=0.30,1,1,60,RECORDED_OPT,RECORDED_OPT,0,1,0,1,0,1,0,55,55,55,55,ER_60_p0.30_seed0__h1_k1
ER_60_p0.30_seed0,ER p=0.30,2,1,60,RECORDED_OPT,RECORDED_OPT,0,1,0,1,0,1,0,55,55,55,55,ER_60_p0.30_seed0__h2_k1
ER_60_p0.30_seed0,ER p=0.30,3,2,60,OPEN,OPEN,0,0,1,0,0,0,1,49,114,110,110,ER_60_p0.30_seed0__h3_k2
ER_60_p0.30_seed1,ER p=0.30,1,1,60,RECORDED_OPT,RECORDED_OPT,0,1,0,1,0,1,0,55,55,55,55,ER_60_p0.30_seed1__h1_k1
ER_60_p0.30_seed1,ER p=0.30,2,1,60,RECORDED_OPT,RECORDED_OPT,0,1,0,1,0,1,0,55,55,55,55,ER_60_p0.30_seed1__h2_k1
ER_60_p0.30_seed1,ER p=0.30,3,2,60,OPEN,OPEN,0,0,1,1,1,1,0,59,110,110,110,ER_60_p0.30_seed1__h3_k2
ER_60_p0.30_seed2,ER p=0.30,1,1,60,RECORDED_OPT,RECORDED_OPT,0,1,0,1,0,1,0,56,56,56,56,ER_60_p0.30_seed2__h1_k1
ER_60_p0.30_seed2,ER p=0.30,2,1,60,RECORDED_OPT,RECORDED_OPT,0,1,0,1,0,1,0,56,56,56,56,ER_60_p0.30_seed2__h2_k1
ER_60_p0.30_seed2,ER p=0.30,3,2,60,OPEN,OPEN,0,0,1,0,0,0,1,49,118,112,112,ER_60_p0.30_seed2__h3_k2
P_4xP_5,PxP,1,1,20,THEORY_MATCH,THEORY_MATCH,1,0,0,1,0,1,0,4,4,4,4,P_4xP_5__h1_k1
P_4xP_5,PxP,2,1,20,THEORY_MATCH,THEORY_MATCH,1,0,0,0,0,1,0,6,6,4,6,P_4xP_5__h2_k1
P_4xP_5,PxP,3,2,20,RECORDED_OPT,RECORDED_OPT,0,1,0,0,0,1,0,11,11,8,11,P_4xP_5__h3_k2
P_5xP_8,PxP,1,1,40,THEORY_MATCH,THEORY_MATCH,1,0,0,1,0,1,0,4,4,4,4,P_5xP_8__h1_k1
P_5xP_8,PxP,2,1,40,THEORY_MATCH,THEORY_MATCH,1,0,0,0,0,1,0,6,6,4,6,P_5xP_8__h2_k1
P_5xP_8,PxP,3,2,40,RECORDED_OPT,RECORDED_OPT,0,1,0,0,0,1,0,11,11,8,11,P_5xP_8__h3_k2
P_6xP_10,PxP,1,1,60,THEORY_MATCH,THEORY_MATCH,1,0,0,1,0,1,0,4,4,4,4,P_6xP_10__h1_k1
P_6xP_10,PxP,2,1,60,THEORY_MATCH,THEORY_MATCH,1,0,0,0,0,1,0,6,6,4,6,P_6xP_10__h2_k1
P_6xP_10,PxP,3,2,60,RECORDED_OPT,RECORDED_OPT,0,1,0,0,0,1,0,11,11,8,11,P_6xP_10__h3_k2
tree_20_seed0,tree,1,1,20,THEORY_MATCH,THEORY_MATCH,1,0,0,1,0,1,0,3,3,3,3,tree_20_seed0__h1_k1
tree_20_seed0,tree,2,1,20,RECORDED_OPT,RECORDED_OPT,0,1,0,0,0,1,0,5,5,3,5,tree_20_seed0__h2_k1
tree_20_seed0,tree,3,2,20,RECORDED_OPT,RECORDED_OPT,0,1,0,0,0,1,0,8,8,6,8,tree_20_seed0__h3_k2
tree_20_seed1,tree,1,1,20,THEORY_MATCH,THEORY_MATCH,1,0,0,1,0,1,0,4,4,4,4,tree_20_seed1__h1_k1
tree_20_seed1,tree,2,1,20,THEORY_MATCH,THEORY_MATCH,1,0,0,0,0,1,0,5,5,4,5,tree_20_seed1__h2_k1
tree_20_seed1,tree,3,2,20,THEORY_MATCH,THEORY_MATCH,1,0,0,0,0,1,0,9,9,8,9,tree_20_seed1__h3_k2
tree_20_seed2,tree,1,1,20,THEORY_MATCH,THEORY_MATCH,1,0,0,1,0,1,0,3,3,3,3,tree_20_seed2__h1_k1
tree_20_seed2,tree,2,1,20,THEORY_MATCH,THEORY_MATCH,1,0,0,0,0,1,0,4,4,3,4,tree_20_seed2__h2_k1
tree_20_seed2,tree,3,2,20,RECORDED_OPT,RECORDED_OPT,0,1,0,0,0,1,0,8,8,6,8,tree_20_seed2__h3_k2
tree_40_seed0,tree,1,1,40,THEORY_MATCH,THEORY_MATCH,1,0,0,1,0,1,0,4,4,4,4,tree_40_seed0__h1_k1
tree_40_seed0,tree,2,1,40,THEORY_MATCH,THEORY_MATCH,1,0,0,0,0,1,0,5,5,4,5,tree_40_seed0__h2_k1
tree_40_seed0,tree,3,2,40,THEORY_MATCH,THEORY_MATCH,1,0,0,0,0,1,0,9,9,8,9,tree_40_seed0__h3_k2
tree_40_seed1,tree,1,1,40,THEORY_MATCH,THEORY_MATCH,1,0,0,1,0,1,0,6,6,6,6,tree_40_seed1__h1_k1
tree_40_seed1,tree,2,1,40,THEORY_MATCH,THEORY_MATCH,1,0,0,0,0,1,0,7,7,6,7,tree_40_seed1__h2_k1
tree_40_seed1,tree,3,2,40,THEORY_MATCH,THEORY_MATCH,1,0,0,0,0,1,0,13,13,12,13,tree_40_seed1__h3_k2
tree_40_seed2,tree,1,1,40,THEORY_MATCH,THEORY_MATCH,1,0,0,1,0,1,0,4,4,4,4,tree_40_seed2__h1_k1
tree_40_seed2,tree,2,1,40,THEORY_MATCH,THEORY_MATCH,1,0,0,0,0,1,0,5,5,4,5,tree_40_seed2__h2_k1
tree_40_seed2,tree,3,2,40,RECORDED_OPT,RECORDED_OPT,0,1,0,0,0,1,0,10,10,8,10,tree_40_seed2__h3_k2
tree_60_seed0,tree,1,1,60,THEORY_MATCH,THEORY_MATCH,1,0,0,1,0,1,0,5,5,5,5,tree_60_seed0__h1_k1
tree_60_seed0,tree,2,1,60,THEORY_MATCH,THEORY_MATCH,1,0,0,0,0,1,0,6,6,5,6,tree_60_seed0__h2_k1
tree_60_seed0,tree,3,2,60,THEORY_MATCH,THEORY_MATCH,1,0,0,0,0,1,0,11,11,10,11,tree_60_seed0__h3_k2
tree_60_seed1,tree,1,1,60,THEORY_MATCH,THEORY_MATCH,1,0,0,1,0,1,0,6,6,6,6,tree_60_seed1__h1_k1
tree_60_seed1,tree,2,1,60,THEORY_MATCH,THEORY_MATCH,1,0,0,0,0,1,0,7,7,6,7,tree_60_seed1__h2_k1
tree_60_seed1,tree,3,2,60,THEORY_MATCH,THEORY_MATCH,1,0,0,0,0,1,0,13,13,12,13,tree_60_seed1__h3_k2
tree_60_seed2,tree,1,1,60,THEORY_MATCH,THEORY_MATCH,1,0,0,1,0,1,0,4,4,4,4,tree_60_seed2__h1_k1
tree_60_seed2,tree,2,1,60,THEORY_MATCH,THEORY_MATCH,1,0,0,0,0,1,0,5,5,4,5,tree_60_seed2__h2_k1
tree_60_seed2,tree,3,2,60,RECORDED_OPT,RECORDED_OPT,0,1,0,0,0,1,0,10,10,8,10,tree_60_seed2__h3_k2
