Group,h,k,Instances,Theory,Other_Closed,Open_Before,Clique_Certified,Newly_Closed,Closed_After,Open_After
BA,1,1,9,8,1,0,9,0,9,0
BA,2,1,9,9,0,0,1,0,9,0
BA,3,2,9,8,1,0,1,0,9,0
ER p=0.15,1,1,9,3,2,4,3,0,5,4
ER p=0.15,2,1,9,3,0,6,0,0,3,6
ER p=0.15,3,2,9,2,1,6,0,0,3,6
ER p=0.30,1,1,9,0,9,0,9,0,9,0
ER p=0.30,2,1,9,0,9,0,9,0,9,0
ER p=0.30,3,2,9,0,4,5,6,2,6,3
PxP,1,1,3,3,0,0,3,0,3,0
PxP,2,1,3,3,0,0,0,0,3,0
PxP,3,2,3,0,3,0,0,0,3,0
tree,1,1,9,9,0,0,9,0,9,0
tree,2,1,9,8,1,0,0,0,9,0
tree,3,2,9,5,4,0,0,0,9,0
ALL,,,117,61,35,21,50,2,98,19
